
============================================================
🚀 STARTUP PROFILING (Real-time)
============================================================
[    0.0ms] Script start
[    3.6ms] multiprocessing.freeze_support()
[    7.0ms] sys.path setup complete
[   11.1ms] import tkinter
[   13.9ms] import tkinter.ttk, messagebox
[   16.7ms] import datetime
[   19.7ms] pyautogui deferred (lazy import)
[   27.2ms] import filedialog, Path
[   31.7ms] import logging, threading
[   66.1ms] import app_setting_data
[   71.1ms] automation.BomAutomation deferred (lazy import)
[   85.0ms] import ui_setting
[   90.6ms] import wf_log
[  100.4ms] import wf_app_base

============================================================
🚀 STARTUP PROFILING (Real-time)
============================================================
[    0.0ms] Script start
[    0.4ms] multiprocessing.freeze_support()
[    0.7ms] sys.path setup complete
[    0.9ms] import tkinter
[    1.3ms] import tkinter.ttk, messagebox
[    1.5ms] import datetime
[    1.9ms] pyautogui deferred (lazy import)
[    4.7ms] import filedialog, Path
[    5.0ms] import logging, threading
[   35.4ms] import app_setting_data
[   35.7ms] automation.BomAutomation deferred (lazy import)
[   49.1ms] import ui_setting
[   49.4ms] import wf_log
[   53.5ms] import wf_app_base

============================================================
STARTUP PROFILING (Real-time)
============================================================
[    0.0ms] Script start
[    0.4ms] multiprocessing.freeze_support()
[    0.8ms] sys.path setup complete
[    1.0ms] import tkinter
[    1.7ms] import tkinter.ttk, messagebox
[    2.0ms] import datetime
[    2.6ms] pyautogui deferred (lazy import)
[    5.7ms] import filedialog, Path
[    5.9ms] import logging, threading
[    9.3ms] import app_setting_data
[    9.6ms] automation.BomAutomation deferred (lazy import)
[   10.5ms] import ui_setting
[   10.7ms] import wf_log
[   15.0ms] import wf_app_base

============================================================
STARTUP PROFILING (Real-time)
============================================================
[    0.0ms] Script start
[    0.4ms] multiprocessing.freeze_support()
[    0.8ms] sys.path setup complete
[    1.2ms] import tkinter
[    1.6ms] import tkinter.ttk, messagebox
[    2.0ms] import datetime
[    2.5ms] pyautogui deferred (lazy import)
[    5.3ms] import filedialog, Path
[    5.6ms] import logging, threading
[   15.0ms] import app_setting_data
[   15.3ms] automation.BomAutomation deferred (lazy import)
[   26.3ms] import ui_setting
[   26.6ms] import wf_log
[   30.7ms] import wf_app_base

============================================================
STARTUP PROFILING (Real-time)
============================================================
[    0.0ms] Script start
[    0.4ms] multiprocessing.freeze_support()
[    0.7ms] sys.path setup complete
[    1.0ms] import tkinter
[    1.3ms] import tkinter.ttk, messagebox
[    1.7ms] import datetime
[    2.1ms] pyautogui deferred (lazy import)
[    4.8ms] import filedialog, Path
[    5.1ms] import logging, threading
[   19.3ms] import app_setting_data
[   19.6ms] automation.BomAutomation deferred (lazy import)
[   20.7ms] import ui_setting
[   20.9ms] import wf_log
[   24.7ms] import wf_app_base

============================================================
STARTUP PROFILING (Real-time)
============================================================
[    0.0ms] Script start
[    0.4ms] multiprocessing.freeze_support()
[    0.7ms] sys.path setup complete
[    1.0ms] import tkinter
[    1.3ms] import tkinter.ttk, messagebox
[    1.5ms] import datetime
[    1.9ms] pyautogui deferred (lazy import)
[    5.2ms] import filedialog, Path
[    5.5ms] import logging, threading
[   85.6ms] import app_setting_data
[   85.9ms] automation.BomAutomation deferred (lazy import)
[   87.0ms] import ui_setting
[   87.3ms] import wf_log
[   93.2ms] import wf_app_base

============================================================
STARTUP PROFILING (Real-time)
============================================================
[    0.0ms] Script start
[    0.3ms] multiprocessing.freeze_support()
[    0.6ms] sys.path setup complete
[    0.8ms] import tkinter
[    1.0ms] import tkinter.ttk, messagebox
[    1.2ms] import datetime
[    1.4ms] pyautogui deferred (lazy import)
[    5.1ms] import filedialog, Path
[    5.7ms] import logging, threading
[   16.5ms] import app_setting_data
[   16.9ms] automation.BomAutomation deferred (lazy import)
[   18.3ms] import ui_setting
[   18.6ms] import wf_log
[   22.8ms] import wf_app_base

============================================================
STARTUP PROFILING (Real-time)
============================================================
[    0.0ms] Script start
[    0.3ms] multiprocessing.freeze_support()
[    0.6ms] sys.path setup complete
[    1.1ms] import tkinter
[    1.5ms] import tkinter.ttk, messagebox
[    2.0ms] import datetime
[    3.4ms] pyautogui deferred (lazy import)
[    6.2ms] import filedialog, Path
[    6.5ms] import logging, threading
[  250.8ms] import app_setting_data
[  251.0ms] automation.BomAutomation deferred (lazy import)
[  252.5ms] import ui_setting
[  252.7ms] import wf_log
[  256.4ms] import wf_app_base

============================================================
STARTUP PROFILING (Real-time)
============================================================
[    0.0ms] Script start
[    0.4ms] multiprocessing.freeze_support()
[    0.8ms] sys.path setup complete
[    1.1ms] import tkinter
[    1.4ms] import tkinter.ttk, messagebox
[    1.6ms] import datetime
[    2.1ms] pyautogui deferred (lazy import)
[    4.0ms] import filedialog, Path
[    4.3ms] import logging, threading
[   12.6ms] import app_setting_data
[   12.9ms] automation.BomAutomation deferred (lazy import)
[   13.9ms] import ui_setting
[   14.1ms] import wf_log
[   17.5ms] import wf_app_base

============================================================
STARTUP PROFILING (Real-time)
============================================================
[    0.0ms] Script start
[    0.8ms] multiprocessing.freeze_support()
[    1.2ms] sys.path setup complete
[    1.5ms] import tkinter
[    2.0ms] import tkinter.ttk, messagebox
[    2.4ms] import datetime
[    2.8ms] pyautogui deferred (lazy import)
[    5.5ms] import filedialog, Path
[    5.7ms] import logging, threading
[    6.6ms] import app_setting_data
[    6.8ms] automation.BomAutomation deferred (lazy import)
[    7.7ms] import ui_setting
[    7.9ms] import wf_log
[   11.3ms] import wf_app_base

============================================================
STARTUP PROFILING (Real-time)
============================================================
[    0.0ms] Script start
[    0.4ms] multiprocessing.freeze_support()
[    0.7ms] sys.path setup complete
[    3.2ms] import tkinter
[    3.5ms] import tkinter.ttk, messagebox
[    3.9ms] import datetime
[    4.2ms] pyautogui deferred (lazy import)
[    7.9ms] import filedialog, Path
[    8.2ms] import logging, threading
[   18.9ms] import app_setting_data
[   19.6ms] automation.BomAutomation deferred (lazy import)
[   32.1ms] import ui_setting
[   32.4ms] import wf_log
[   36.3ms] import wf_app_base

============================================================
STARTUP PROFILING (Real-time)
============================================================
[    0.0ms] Script start
[    0.4ms] multiprocessing.freeze_support()
[    0.7ms] sys.path setup complete
[    1.5ms] import tkinter
[    2.2ms] import tkinter.ttk, messagebox
[    2.7ms] import datetime
[    3.3ms] pyautogui deferred (lazy import)
[    5.4ms] import filedialog, Path
[    5.7ms] import logging, threading
[   22.4ms] import app_setting_data
[   22.7ms] automation.BomAutomation deferred (lazy import)
[   23.8ms] import ui_setting
[   24.0ms] import wf_log
[   27.6ms] import wf_app_base

============================================================
STARTUP PROFILING (Real-time)
============================================================
[    0.0ms] Script start
[    0.6ms] multiprocessing.freeze_support()
[    1.4ms] sys.path setup complete
[    1.9ms] import tkinter
[    2.7ms] import tkinter.ttk, messagebox
[    3.0ms] import datetime
[    4.0ms] pyautogui deferred (lazy import)
[    7.8ms] import filedialog, Path
[    8.1ms] import logging, threading
[   24.3ms] import app_setting_data
[   24.7ms] automation.BomAutomation deferred (lazy import)
[   26.9ms] import ui_setting
[   27.3ms] import wf_log
[   31.5ms] import wf_app_base

============================================================
STARTUP PROFILING (Real-time)
============================================================
[    0.0ms] Script start
[    1.3ms] multiprocessing.freeze_support()
[    1.7ms] sys.path setup complete
[    2.2ms] import tkinter
[    2.4ms] import tkinter.ttk, messagebox
[    2.9ms] import datetime
[    3.1ms] pyautogui deferred (lazy import)
[    5.4ms] import filedialog, Path
[    5.6ms] import logging, threading
[   19.1ms] import app_setting_data
[   19.4ms] automation.BomAutomation deferred (lazy import)
[   30.4ms] import ui_setting
[   30.7ms] import wf_log
[   33.9ms] import wf_app_base

============================================================
STARTUP PROFILING (Real-time)
============================================================
[    0.0ms] Script start
[    1.3ms] multiprocessing.freeze_support()
[    2.5ms] sys.path setup complete
[    2.9ms] import tkinter
[    3.6ms] import tkinter.ttk, messagebox
[    4.0ms] import datetime
[    4.3ms] pyautogui deferred (lazy import)
[    7.7ms] import filedialog, Path
[    8.0ms] import logging, threading
[   23.6ms] import app_setting_data
[   24.0ms] automation.BomAutomation deferred (lazy import)
[   38.4ms] import ui_setting
[   38.8ms] import wf_log
[   43.6ms] import wf_app_base

============================================================
STARTUP PROFILING (Real-time)
============================================================
[    0.0ms] Script start
[    0.3ms] multiprocessing.freeze_support()
[    0.7ms] sys.path setup complete
[    1.4ms] import tkinter
[    2.6ms] import tkinter.ttk, messagebox
[    3.1ms] import datetime
[    3.8ms] pyautogui deferred (lazy import)
[    7.2ms] import filedialog, Path
[    7.5ms] import logging, threading
[    8.3ms] import app_setting_data
[    8.7ms] automation.BomAutomation deferred (lazy import)
[   10.0ms] import ui_setting
[   10.3ms] import wf_log
[   14.8ms] import wf_app_base

============================================================
STARTUP PROFILING (Real-time)
============================================================
[    0.0ms] Script start
[    9.6ms] multiprocessing.freeze_support()
[   17.2ms] sys.path setup complete
[   23.9ms] import tkinter
[   31.2ms] import tkinter.ttk, messagebox
[   38.7ms] import datetime
[   45.6ms] pyautogui deferred (lazy import)
[   59.1ms] import filedialog, Path
[   65.6ms] import logging, threading
[   74.1ms] import app_setting_data
[   80.9ms] automation.BomAutomation deferred (lazy import)
[   93.9ms] import ui_setting
[  101.1ms] import wf_log
[  124.4ms] import wf_app_base

============================================================
STARTUP PROFILING (Real-time)
============================================================
[    0.0ms] Script start
[    6.4ms] multiprocessing.freeze_support()
[   10.4ms] sys.path setup complete
[   13.1ms] import tkinter
[   17.0ms] import tkinter.ttk, messagebox
[   22.6ms] import datetime
[   26.0ms] pyautogui deferred (lazy import)
[   36.1ms] import filedialog, Path
[   40.7ms] import logging, threading
[   55.6ms] import app_setting_data
[   60.6ms] automation.BomAutomation deferred (lazy import)
[   83.7ms] import ui_setting
[   89.3ms] import wf_log
[  133.2ms] import wf_app_base

============================================================
STARTUP PROFILING (Real-time)
============================================================
[    0.0ms] Script start
[    0.5ms] multiprocessing.freeze_support()
[    0.8ms] sys.path setup complete
[    1.0ms] import tkinter
[    1.3ms] import tkinter.ttk, messagebox
[    1.5ms] import datetime
[    2.1ms] pyautogui deferred (lazy import)
[    4.9ms] import filedialog, Path
[    5.2ms] import logging, threading
[    6.4ms] import app_setting_data
[    6.6ms] automation.BomAutomation deferred (lazy import)
[    7.8ms] import ui_setting
[    8.0ms] import wf_log
[   11.7ms] import wf_app_base

============================================================
STARTUP PROFILING (Real-time)
============================================================
[    0.0ms] Script start
[    0.7ms] multiprocessing.freeze_support()
[    1.2ms] sys.path setup complete
[    1.5ms] import tkinter
[    1.8ms] import tkinter.ttk, messagebox
[    1.9ms] import datetime
[    2.1ms] pyautogui deferred (lazy import)
[    5.9ms] import filedialog, Path
[    6.2ms] import logging, threading
[    7.1ms] import app_setting_data
[    7.3ms] automation.BomAutomation deferred (lazy import)
[    8.3ms] import ui_setting
[    8.5ms] import wf_log
[   12.8ms] import wf_app_base

============================================================
STARTUP PROFILING (Real-time)
============================================================
[    0.0ms] Script start
[    0.4ms] multiprocessing.freeze_support()
[    0.6ms] sys.path setup complete
[    1.0ms] import tkinter
[    1.3ms] import tkinter.ttk, messagebox
[    1.7ms] import datetime
[    2.0ms] pyautogui deferred (lazy import)
[    4.8ms] import filedialog, Path
[    5.1ms] import logging, threading
[    6.0ms] import app_setting_data
[    6.2ms] automation.BomAutomation deferred (lazy import)
[    7.5ms] import ui_setting
[    7.7ms] import wf_log
[   11.8ms] import wf_app_base

============================================================
STARTUP PROFILING (Real-time)
============================================================
[    0.0ms] Script start
[    0.6ms] multiprocessing.freeze_support()
[    0.9ms] sys.path setup complete
[    1.1ms] import tkinter
[    1.6ms] import tkinter.ttk, messagebox
[    2.1ms] import datetime
[    2.4ms] pyautogui deferred (lazy import)
[    5.0ms] import filedialog, Path
[    5.3ms] import logging, threading
[    6.3ms] import app_setting_data
[    6.6ms] automation.BomAutomation deferred (lazy import)
[    8.1ms] import ui_setting
[    8.4ms] import wf_log
[   12.9ms] import wf_app_base

============================================================
STARTUP PROFILING (Real-time)
============================================================
[    0.0ms] Script start
[    0.6ms] multiprocessing.freeze_support()
[    0.9ms] sys.path setup complete
[    1.5ms] import tkinter
[    1.9ms] import tkinter.ttk, messagebox
[    2.3ms] import datetime
[    3.1ms] pyautogui deferred (lazy import)
[    5.8ms] import filedialog, Path
[    6.2ms] import logging, threading
[    7.3ms] import app_setting_data
[    7.5ms] automation.BomAutomation deferred (lazy import)
[    8.9ms] import ui_setting
[    9.2ms] import wf_log
[   13.8ms] import wf_app_base

============================================================
STARTUP PROFILING (Real-time)
============================================================
[    0.0ms] Script start
[    0.5ms] multiprocessing.freeze_support()
[    0.9ms] sys.path setup complete
[    1.8ms] import tkinter
[    2.8ms] import tkinter.ttk, messagebox
[    3.3ms] import datetime
[    3.6ms] pyautogui deferred (lazy import)
[    6.5ms] import filedialog, Path
[    6.8ms] import logging, threading
[    7.8ms] import app_setting_data
[    8.0ms] automation.BomAutomation deferred (lazy import)
[    9.0ms] import ui_setting
[    9.3ms] import wf_log
[   13.3ms] import wf_app_base

============================================================
STARTUP PROFILING (Real-time)
============================================================
[    0.0ms] Script start
[    0.4ms] multiprocessing.freeze_support()
[    0.6ms] sys.path setup complete
[    1.0ms] import tkinter
[    1.7ms] import tkinter.ttk, messagebox
[    1.9ms] import datetime
[    2.1ms] pyautogui deferred (lazy import)
[    4.7ms] import filedialog, Path
[    5.0ms] import logging, threading
[    5.8ms] import app_setting_data
[    6.0ms] automation.BomAutomation deferred (lazy import)
[    7.0ms] import ui_setting
[    7.2ms] import wf_log
[   11.6ms] import wf_app_base

============================================================
STARTUP PROFILING (Real-time)
============================================================
[    0.0ms] Script start
[    1.3ms] multiprocessing.freeze_support()
[    2.4ms] sys.path setup complete
[    3.4ms] import tkinter
[    4.6ms] import tkinter.ttk, messagebox
[    6.6ms] import datetime
[    7.5ms] pyautogui deferred (lazy import)
[   18.5ms] import filedialog, Path
[   20.9ms] import logging, threading
[   26.8ms] import app_setting_data
[   28.4ms] automation.BomAutomation deferred (lazy import)
[   33.6ms] import ui_setting
[   34.5ms] import wf_log
[   50.0ms] import wf_app_base

============================================================
STARTUP PROFILING (Real-time)
============================================================
[    0.0ms] Script start
[    0.3ms] multiprocessing.freeze_support()
[    0.6ms] sys.path setup complete
[    1.3ms] import tkinter
[    1.6ms] import tkinter.ttk, messagebox
[    2.0ms] import datetime
[    2.4ms] pyautogui deferred (lazy import)
[    4.9ms] import filedialog, Path
[    5.1ms] import logging, threading
[    6.0ms] import app_setting_data
[    6.2ms] automation.BomAutomation deferred (lazy import)
[    7.4ms] import ui_setting
[    7.6ms] import wf_log
[   11.3ms] import wf_app_base

============================================================
STARTUP PROFILING (Real-time)
============================================================
[    0.0ms] Script start
[    0.9ms] multiprocessing.freeze_support()
[    2.6ms] sys.path setup complete
[    5.2ms] import tkinter
[    6.9ms] import tkinter.ttk, messagebox
[    7.7ms] import datetime
[    9.3ms] pyautogui deferred (lazy import)
[   19.5ms] import filedialog, Path
[   20.5ms] import logging, threading
[   25.7ms] import app_setting_data
[   26.6ms] automation.BomAutomation deferred (lazy import)
[   29.6ms] import ui_setting
[   30.6ms] import wf_log
[   57.5ms] import wf_app_base

============================================================
STARTUP PROFILING (Real-time)
============================================================
[    0.0ms] Script start
[    1.1ms] multiprocessing.freeze_support()
[    1.9ms] sys.path setup complete
[    3.4ms] import tkinter
[    4.8ms] import tkinter.ttk, messagebox
[    6.8ms] import datetime
[    7.8ms] pyautogui deferred (lazy import)
[   13.2ms] import filedialog, Path
[   14.0ms] import logging, threading
[   16.4ms] import app_setting_data
[   17.0ms] automation.BomAutomation deferred (lazy import)
[   19.9ms] import ui_setting
[   20.4ms] import wf_log
[   28.2ms] import wf_app_base

============================================================
STARTUP PROFILING (Real-time)
============================================================
[    0.0ms] Script start
[    0.4ms] multiprocessing.freeze_support()
[    0.6ms] sys.path setup complete
[    1.0ms] import tkinter
[    1.3ms] import tkinter.ttk, messagebox
[    1.9ms] import datetime
[    2.2ms] pyautogui deferred (lazy import)
[    5.4ms] import filedialog, Path
[    5.7ms] import logging, threading
[    6.8ms] import app_setting_data
[    7.1ms] automation.BomAutomation deferred (lazy import)
[    8.4ms] import ui_setting
[    8.7ms] import wf_log
[   26.4ms] import wf_app_base

============================================================
STARTUP PROFILING (Real-time)
============================================================
[    0.0ms] Script start
[    0.4ms] multiprocessing.freeze_support()
[    1.0ms] sys.path setup complete
[    1.2ms] import tkinter
[    1.7ms] import tkinter.ttk, messagebox
[    2.1ms] import datetime
[    2.5ms] pyautogui deferred (lazy import)
[    7.0ms] import filedialog, Path
[    7.3ms] import logging, threading
[    8.4ms] import app_setting_data
[    8.6ms] automation.BomAutomation deferred (lazy import)
[    9.7ms] import ui_setting
[    9.9ms] import wf_log
[   21.7ms] import wf_app_base

============================================================
STARTUP PROFILING (Real-time)
============================================================
[    0.0ms] Script start
[    0.3ms] multiprocessing.freeze_support()
[    0.7ms] sys.path setup complete
[    1.0ms] import tkinter
[    1.5ms] import tkinter.ttk, messagebox
[    1.9ms] import datetime
[    2.2ms] pyautogui deferred (lazy import)
[    4.6ms] import filedialog, Path
[    4.8ms] import logging, threading
[    6.0ms] import app_setting_data
[    6.2ms] automation.BomAutomation deferred (lazy import)
[    7.3ms] import ui_setting
[    7.6ms] import wf_log
[   20.1ms] import wf_app_base

============================================================
STARTUP PROFILING (Real-time)
============================================================
[    0.0ms] Script start
[    0.4ms] multiprocessing.freeze_support()
[    0.6ms] sys.path setup complete
[    1.1ms] import tkinter
[    1.3ms] import tkinter.ttk, messagebox
[    1.5ms] import datetime
[    1.7ms] pyautogui deferred (lazy import)
[    4.6ms] import filedialog, Path
[    4.9ms] import logging, threading
[    6.0ms] import app_setting_data
[    6.3ms] automation.BomAutomation deferred (lazy import)
[   85.5ms] import ui_setting
[   85.8ms] import wf_log
[   88.8ms] import wf_app_base

============================================================
STARTUP PROFILING (Real-time)
============================================================
[    0.0ms] Script start
[    0.3ms] multiprocessing.freeze_support()
[    0.6ms] sys.path setup complete
[    1.0ms] import tkinter
[    1.3ms] import tkinter.ttk, messagebox
[    1.6ms] import datetime
[    1.8ms] pyautogui deferred (lazy import)
[    4.1ms] import filedialog, Path
[    4.4ms] import logging, threading
[    5.8ms] import app_setting_data
[    6.1ms] automation.BomAutomation deferred (lazy import)
[  176.4ms] import ui_setting
[  176.8ms] import wf_log
[  180.0ms] import wf_app_base

============================================================
STARTUP PROFILING (Real-time)
============================================================
[    0.0ms] Script start
[    0.4ms] multiprocessing.freeze_support()
[    0.6ms] sys.path setup complete
[    0.9ms] import tkinter
[    1.1ms] import tkinter.ttk, messagebox
[    1.7ms] import datetime
[    1.9ms] pyautogui deferred (lazy import)
[    4.6ms] import filedialog, Path
[    4.9ms] import logging, threading
[    6.3ms] import app_setting_data
[    6.5ms] automation.BomAutomation deferred (lazy import)
[  194.4ms] import ui_setting
[  195.1ms] import wf_log
[  198.3ms] import wf_app_base

============================================================
STARTUP PROFILING (Real-time)
============================================================
[    0.0ms] Script start
[    0.3ms] multiprocessing.freeze_support()
[    0.6ms] sys.path setup complete
[    0.8ms] import tkinter
[    1.0ms] import tkinter.ttk, messagebox
[    1.2ms] import datetime
[    1.4ms] pyautogui deferred (lazy import)
[    3.4ms] import filedialog, Path
[    3.7ms] import logging, threading
[    4.6ms] import app_setting_data
[    4.9ms] automation.BomAutomation deferred (lazy import)
[  199.0ms] import ui_setting
[  199.3ms] import wf_log
[  242.6ms] import wf_app_base

============================================================
STARTUP PROFILING (Real-time)
============================================================
[    0.0ms] Script start
[   16.5ms] multiprocessing.freeze_support()
[   22.8ms] sys.path setup complete
[   29.1ms] import tkinter
[   37.3ms] import tkinter.ttk, messagebox
[   45.8ms] import datetime
[   53.6ms] pyautogui deferred (lazy import)
[   66.5ms] import filedialog, Path
[   74.5ms] import logging, threading
[   84.8ms] import app_setting_data
[   92.4ms] automation.BomAutomation deferred (lazy import)
[  258.8ms] import ui_setting
[  266.4ms] import wf_log
[  279.7ms] import wf_app_base

============================================================
STARTUP PROFILING (Real-time)
============================================================
[    0.0ms] Script start
[    0.8ms] multiprocessing.freeze_support()
[    1.2ms] sys.path setup complete
[    1.5ms] import tkinter
[    2.0ms] import tkinter.ttk, messagebox
[    2.2ms] import datetime
[    2.9ms] pyautogui deferred (lazy import)
[    5.3ms] import filedialog, Path
[    5.6ms] import logging, threading
[    6.4ms] import app_setting_data
[    6.6ms] automation.BomAutomation deferred (lazy import)
[  172.5ms] import ui_setting
[  178.6ms] import wf_log
[  185.2ms] import wf_app_base

============================================================
STARTUP PROFILING (Real-time)
============================================================
[    0.0ms] Script start
[    0.4ms] multiprocessing.freeze_support()
[    0.6ms] sys.path setup complete
[    1.5ms] import tkinter
[    1.8ms] import tkinter.ttk, messagebox
[    2.0ms] import datetime
[    2.8ms] pyautogui deferred (lazy import)
[    6.0ms] import filedialog, Path
[    6.3ms] import logging, threading
[    7.2ms] import app_setting_data
[    7.7ms] automation.BomAutomation deferred (lazy import)
[  199.1ms] import ui_setting
[  199.4ms] import wf_log
[  202.4ms] import wf_app_base

============================================================
STARTUP PROFILING (Real-time)
============================================================
[    0.0ms] Script start
[    0.3ms] multiprocessing.freeze_support()
[    0.6ms] sys.path setup complete
[    1.1ms] import tkinter
[    1.8ms] import tkinter.ttk, messagebox
[    2.1ms] import datetime
[    2.4ms] pyautogui deferred (lazy import)
[    4.4ms] import filedialog, Path
[    4.7ms] import logging, threading
[    5.7ms] import app_setting_data
[    5.9ms] automation.BomAutomation deferred (lazy import)
[  167.7ms] import ui_setting
[  168.0ms] import wf_log
[  170.7ms] import wf_app_base

============================================================
STARTUP PROFILING (Real-time)
============================================================
[    0.0ms] Script start
[    0.4ms] multiprocessing.freeze_support()
[    0.9ms] sys.path setup complete
[    1.2ms] import tkinter
[    1.6ms] import tkinter.ttk, messagebox
[    1.8ms] import datetime
[    2.0ms] pyautogui deferred (lazy import)
[    4.4ms] import filedialog, Path
[    4.6ms] import logging, threading
[    5.5ms] import app_setting_data
[    5.7ms] automation.BomAutomation deferred (lazy import)
[  176.9ms] import ui_setting
[  177.2ms] import wf_log
[  179.6ms] import wf_app_base

============================================================
STARTUP PROFILING (Real-time)
============================================================
[    0.0ms] Script start
[    0.3ms] multiprocessing.freeze_support()
[    0.6ms] sys.path setup complete
[    0.9ms] import tkinter
[    1.4ms] import tkinter.ttk, messagebox
[    1.7ms] import datetime
[    1.9ms] pyautogui deferred (lazy import)
[    4.6ms] import filedialog, Path
[    4.9ms] import logging, threading
[    7.6ms] import app_setting_data
[    7.9ms] automation.BomAutomation deferred (lazy import)
[  166.6ms] import ui_setting
[  167.0ms] import wf_log
[  169.1ms] import wf_app_base

============================================================
STARTUP PROFILING (Real-time)
============================================================
[    0.0ms] Script start
[    0.3ms] multiprocessing.freeze_support()
[    1.0ms] sys.path setup complete
[    1.6ms] import tkinter
[    2.0ms] import tkinter.ttk, messagebox
[    2.4ms] import datetime
[    3.0ms] pyautogui deferred (lazy import)
[    5.5ms] import filedialog, Path
[    5.7ms] import logging, threading
[    6.5ms] import app_setting_data
[    6.7ms] automation.BomAutomation deferred (lazy import)
[  156.9ms] import ui_setting
[  157.2ms] import wf_log
[  159.7ms] import wf_app_base

============================================================
STARTUP PROFILING (Real-time)
============================================================
[    0.0ms] Script start
[    0.4ms] multiprocessing.freeze_support()
[    0.8ms] sys.path setup complete
[    1.0ms] import tkinter
[    1.4ms] import tkinter.ttk, messagebox
[    1.7ms] import datetime
[    1.9ms] pyautogui deferred (lazy import)
[    3.7ms] import filedialog, Path
[    3.9ms] import logging, threading
[    4.7ms] import app_setting_data
[    4.9ms] automation.BomAutomation deferred (lazy import)
[  151.5ms] import ui_setting
[  151.9ms] import wf_log
[  154.0ms] import wf_app_base

============================================================
STARTUP PROFILING (Real-time)
============================================================
[    0.0ms] Script start
[    0.3ms] multiprocessing.freeze_support()
[    0.7ms] sys.path setup complete
[    0.9ms] import tkinter
[    1.2ms] import tkinter.ttk, messagebox
[    1.4ms] import datetime
[    1.6ms] pyautogui deferred (lazy import)
[    3.8ms] import filedialog, Path
[    4.1ms] import logging, threading
[    5.9ms] import app_setting_data
[    6.1ms] automation.BomAutomation deferred (lazy import)
[  159.8ms] import ui_setting
[  160.1ms] import wf_log
[  163.1ms] import wf_app_base

============================================================
STARTUP PROFILING (Real-time)
============================================================
[    0.0ms] Script start
[    0.4ms] multiprocessing.freeze_support()
[    0.7ms] sys.path setup complete
[    1.4ms] import tkinter
[    1.9ms] import tkinter.ttk, messagebox
[    2.4ms] import datetime
[    3.0ms] pyautogui deferred (lazy import)
[    5.8ms] import filedialog, Path
[    6.1ms] import logging, threading
[    7.0ms] import app_setting_data
[    7.3ms] automation.BomAutomation deferred (lazy import)
[ 1626.0ms] import ui_setting
[ 1626.8ms] import wf_log
[ 1629.1ms] import wf_app_base

============================================================
STARTUP PROFILING (Real-time)
============================================================
[    0.0ms] Script start
[    0.3ms] multiprocessing.freeze_support()
[    0.7ms] sys.path setup complete
[    1.8ms] import tkinter
[    2.4ms] import tkinter.ttk, messagebox
[    2.7ms] import datetime
[    3.3ms] pyautogui deferred (lazy import)
[    6.2ms] import filedialog, Path
[    6.4ms] import logging, threading
[    7.5ms] import app_setting_data
[    7.7ms] automation.BomAutomation deferred (lazy import)
[  157.0ms] import ui_setting
[  157.3ms] import wf_log
[  159.4ms] import wf_app_base

============================================================
STARTUP PROFILING (Real-time)
============================================================
[    0.0ms] Script start
[    0.4ms] multiprocessing.freeze_support()
[    0.6ms] sys.path setup complete
[    1.4ms] import tkinter
[    2.2ms] import tkinter.ttk, messagebox
[    2.6ms] import datetime
[    3.0ms] pyautogui deferred (lazy import)
[    5.4ms] import filedialog, Path
[    5.7ms] import logging, threading
[    6.4ms] import app_setting_data
[    6.7ms] automation.BomAutomation deferred (lazy import)
[  153.7ms] import ui_setting
[  154.0ms] import wf_log
[  155.7ms] import wf_app_base

============================================================
STARTUP PROFILING (Real-time)
============================================================
[    0.0ms] Script start
[    0.4ms] multiprocessing.freeze_support()
[    0.6ms] sys.path setup complete
[    1.2ms] import tkinter
[    1.8ms] import tkinter.ttk, messagebox
[    2.7ms] import datetime
[    3.0ms] pyautogui deferred (lazy import)
[    5.0ms] import filedialog, Path
[    5.3ms] import logging, threading
[    6.4ms] import app_setting_data
[    6.7ms] automation.BomAutomation deferred (lazy import)
[  153.1ms] import ui_setting
[  153.4ms] import wf_log
[  155.1ms] import wf_app_base

============================================================
STARTUP PROFILING (Real-time)
============================================================
[    0.0ms] Script start
[    0.4ms] multiprocessing.freeze_support()
[    0.8ms] sys.path setup complete
[    1.7ms] import tkinter
[    2.2ms] import tkinter.ttk, messagebox
[    2.8ms] import datetime
[    3.2ms] pyautogui deferred (lazy import)
[    6.5ms] import filedialog, Path
[    6.7ms] import logging, threading
[    7.6ms] import app_setting_data
[    7.9ms] automation.BomAutomation deferred (lazy import)
[  173.6ms] import ui_setting
[  174.0ms] import wf_log
[  176.0ms] import wf_app_base

============================================================
STARTUP PROFILING (Real-time)
============================================================
[    0.0ms] Script start
[    0.4ms] multiprocessing.freeze_support()
[    1.0ms] sys.path setup complete
[    1.5ms] import tkinter
[    2.1ms] import tkinter.ttk, messagebox
[    3.2ms] import datetime
[    4.0ms] pyautogui deferred (lazy import)
[    7.8ms] import filedialog, Path
[    8.6ms] import logging, threading
[   10.5ms] import app_setting_data
[   10.9ms] automation.BomAutomation deferred (lazy import)
[  213.2ms] import ui_setting
[  213.5ms] import wf_log
[  215.2ms] import wf_app_base

============================================================
STARTUP PROFILING (Real-time)
============================================================
[    0.0ms] Script start
[    0.3ms] multiprocessing.freeze_support()
[    0.8ms] sys.path setup complete
[    1.9ms] import tkinter
[    2.6ms] import tkinter.ttk, messagebox
[    3.4ms] import datetime
[    3.9ms] pyautogui deferred (lazy import)
[    6.3ms] import filedialog, Path
[    6.6ms] import logging, threading
[    7.6ms] import app_setting_data
[    7.9ms] automation.BomAutomation deferred (lazy import)
[  151.5ms] import ui_setting
[  151.9ms] import wf_log
[  153.7ms] import wf_app_base

============================================================
STARTUP PROFILING (Real-time)
============================================================
[    0.0ms] Script start
[    0.3ms] multiprocessing.freeze_support()
[    0.6ms] sys.path setup complete
[    1.3ms] import tkinter
[    1.9ms] import tkinter.ttk, messagebox
[    2.5ms] import datetime
[    3.1ms] pyautogui deferred (lazy import)
[    5.6ms] import filedialog, Path
[    5.9ms] import logging, threading
[    6.8ms] import app_setting_data
[    7.0ms] automation.BomAutomation deferred (lazy import)
[  161.3ms] import ui_setting
[  161.8ms] import wf_log
[  163.8ms] import wf_app_base

============================================================
STARTUP PROFILING (Real-time)
============================================================
[    0.0ms] Script start
[    0.3ms] multiprocessing.freeze_support()
[    0.5ms] sys.path setup complete
[    1.3ms] import tkinter
[    1.8ms] import tkinter.ttk, messagebox
[    2.6ms] import datetime
[    2.9ms] pyautogui deferred (lazy import)
[    5.9ms] import filedialog, Path
[    6.2ms] import logging, threading
[    7.0ms] import app_setting_data
[    7.2ms] automation.BomAutomation deferred (lazy import)
[  159.6ms] import ui_setting
[  159.8ms] import wf_log
[  161.8ms] import wf_app_base

============================================================
STARTUP PROFILING (Real-time)
============================================================
[    0.0ms] Script start
[    0.4ms] multiprocessing.freeze_support()
[    0.6ms] sys.path setup complete
[    0.9ms] import tkinter
[    1.1ms] import tkinter.ttk, messagebox
[    1.3ms] import datetime
[    1.5ms] pyautogui deferred (lazy import)
[    5.0ms] import filedialog, Path
[    5.2ms] import logging, threading
[    7.4ms] import app_setting_data
[    7.7ms] automation.BomAutomation deferred (lazy import)
[  160.7ms] import ui_setting
[  160.9ms] import wf_log
[  162.5ms] import wf_app_base

============================================================
STARTUP PROFILING (Real-time)
============================================================
[    0.0ms] Script start
[    0.3ms] multiprocessing.freeze_support()
[    0.5ms] sys.path setup complete
[    0.7ms] import tkinter
[    1.0ms] import tkinter.ttk, messagebox
[    1.2ms] import datetime
[    1.8ms] pyautogui deferred (lazy import)
[    3.8ms] import filedialog, Path
[    4.1ms] import logging, threading
[    5.2ms] import app_setting_data
[    5.4ms] automation.BomAutomation deferred (lazy import)
[  165.0ms] import ui_setting
[  165.3ms] import wf_log
[  167.2ms] import wf_app_base

============================================================
STARTUP PROFILING (Real-time)
============================================================
[    0.0ms] Script start
[    0.3ms] multiprocessing.freeze_support()
[    0.9ms] sys.path setup complete
[    1.1ms] import tkinter
[    1.7ms] import tkinter.ttk, messagebox
[    2.3ms] import datetime
[    3.2ms] pyautogui deferred (lazy import)
[    6.0ms] import filedialog, Path
[    6.2ms] import logging, threading
[    7.0ms] import app_setting_data
[    7.2ms] automation.BomAutomation deferred (lazy import)
[  139.9ms] import ui_setting
[  140.2ms] import wf_log
[  141.8ms] import wf_app_base

============================================================
STARTUP PROFILING (Real-time)
============================================================
[    0.0ms] Script start
[    0.3ms] multiprocessing.freeze_support()
[    0.6ms] sys.path setup complete
[    3.5ms] import tkinter
[    4.1ms] import tkinter.ttk, messagebox
[    4.4ms] import datetime
[    5.0ms] pyautogui deferred (lazy import)
[    7.1ms] import filedialog, Path
[    7.4ms] import logging, threading
[    8.1ms] import app_setting_data
[    8.4ms] automation.BomAutomation deferred (lazy import)
[  189.4ms] import ui_setting
[  189.7ms] import wf_log
[  191.4ms] import wf_app_base

============================================================
STARTUP PROFILING (Real-time)
============================================================
[    0.0ms] Script start
[    0.3ms] multiprocessing.freeze_support()
[    0.6ms] sys.path setup complete
[    0.7ms] import tkinter
[    1.5ms] import tkinter.ttk, messagebox
[    2.0ms] import datetime
[    2.6ms] pyautogui deferred (lazy import)
[    5.7ms] import filedialog, Path
[    6.0ms] import logging, threading
[    6.8ms] import app_setting_data
[    7.1ms] automation.BomAutomation deferred (lazy import)
[  155.5ms] import ui_setting
[  155.8ms] import wf_log
[  157.4ms] import wf_app_base

============================================================
STARTUP PROFILING (Real-time)
============================================================
[    0.0ms] Script start
[    0.4ms] multiprocessing.freeze_support()
[    0.7ms] sys.path setup complete
[    1.6ms] import tkinter
[    2.0ms] import tkinter.ttk, messagebox
[    2.5ms] import datetime
[    3.4ms] pyautogui deferred (lazy import)
[    6.1ms] import filedialog, Path
[    6.4ms] import logging, threading
[    7.3ms] import app_setting_data
[    7.5ms] automation.BomAutomation deferred (lazy import)
[  174.2ms] import ui_setting
[  174.5ms] import wf_log
[  176.5ms] import wf_app_base

============================================================
STARTUP PROFILING (Real-time)
============================================================
[    0.0ms] Script start
[    0.4ms] multiprocessing.freeze_support()
[    0.7ms] sys.path setup complete
[    1.1ms] import tkinter
[    1.3ms] import tkinter.ttk, messagebox
[    1.8ms] import datetime
[    2.1ms] pyautogui deferred (lazy import)
[    4.4ms] import filedialog, Path
[    4.7ms] import logging, threading
[    5.7ms] import app_setting_data
[    5.9ms] automation.BomAutomation deferred (lazy import)
[  133.8ms] import ui_setting
[  134.1ms] import wf_log
[  135.7ms] import wf_app_base

============================================================
STARTUP PROFILING (Real-time)
============================================================
[    0.0ms] Script start
[    0.6ms] multiprocessing.freeze_support()
[    0.9ms] sys.path setup complete
[    1.2ms] import tkinter
[    1.8ms] import tkinter.ttk, messagebox
[    2.2ms] import datetime
[    2.5ms] pyautogui deferred (lazy import)
[    6.2ms] import filedialog, Path
[    6.5ms] import logging, threading
[    7.4ms] import app_setting_data
[    7.7ms] automation.BomAutomation deferred (lazy import)
[  162.9ms] import ui_setting
[  163.3ms] import wf_log
[  165.6ms] import wf_app_base

============================================================
STARTUP PROFILING (Real-time)
============================================================
[    0.0ms] Script start
[    0.3ms] multiprocessing.freeze_support()
[    0.6ms] sys.path setup complete
[    1.7ms] import tkinter
[    2.3ms] import tkinter.ttk, messagebox
[    2.6ms] import datetime
[    3.0ms] pyautogui deferred (lazy import)
[    5.3ms] import filedialog, Path
[    5.5ms] import logging, threading
[    6.6ms] import app_setting_data
[    6.9ms] automation.BomAutomation deferred (lazy import)
[  149.6ms] import ui_setting
[  149.9ms] import wf_log
[  151.7ms] import wf_app_base

============================================================
STARTUP PROFILING (Real-time)
============================================================
[    0.0ms] Script start
[    0.4ms] multiprocessing.freeze_support()
[    0.7ms] sys.path setup complete
[    1.4ms] import tkinter
[    1.9ms] import tkinter.ttk, messagebox
[    2.4ms] import datetime
[    3.0ms] pyautogui deferred (lazy import)
[    5.6ms] import filedialog, Path
[    5.9ms] import logging, threading
[    6.9ms] import app_setting_data
[    7.2ms] automation.BomAutomation deferred (lazy import)
[  175.7ms] import ui_setting
[  176.1ms] import wf_log
[  178.2ms] import wf_app_base

============================================================
STARTUP PROFILING (Real-time)
============================================================
[    0.0ms] Script start
[    0.4ms] multiprocessing.freeze_support()
[    0.9ms] sys.path setup complete
[    1.4ms] import tkinter
[    1.9ms] import tkinter.ttk, messagebox
[    2.9ms] import datetime
[    3.3ms] pyautogui deferred (lazy import)
[    6.5ms] import filedialog, Path
[    6.8ms] import logging, threading
[    7.7ms] import app_setting_data
[    8.0ms] automation.BomAutomation deferred (lazy import)
[  177.7ms] import ui_setting
[  178.2ms] import wf_log
[  180.2ms] import wf_app_base

============================================================
STARTUP PROFILING (Real-time)
============================================================
[    0.0ms] Script start
[    0.3ms] multiprocessing.freeze_support()
[    0.8ms] sys.path setup complete
[    1.8ms] import tkinter
[    2.5ms] import tkinter.ttk, messagebox
[    3.0ms] import datetime
[    4.6ms] pyautogui deferred (lazy import)
[    7.1ms] import filedialog, Path
[    7.4ms] import logging, threading
[    8.4ms] import app_setting_data
[    8.7ms] automation.BomAutomation deferred (lazy import)
[  182.9ms] import ui_setting
[  183.2ms] import wf_log
[  184.8ms] import wf_app_base

============================================================
STARTUP PROFILING (Real-time)
============================================================
[    0.0ms] Script start
[    0.8ms] multiprocessing.freeze_support()
[    1.1ms] sys.path setup complete
[    1.4ms] import tkinter
[    1.5ms] import tkinter.ttk, messagebox
[    2.1ms] import datetime
[    2.9ms] pyautogui deferred (lazy import)
[    6.7ms] import filedialog, Path
[    7.0ms] import logging, threading
[    7.8ms] import app_setting_data
[    8.1ms] automation.BomAutomation deferred (lazy import)
[  176.8ms] import ui_setting
[  177.1ms] import wf_log
[  179.3ms] import wf_app_base

============================================================
STARTUP PROFILING (Real-time)
============================================================
[    0.0ms] Script start
[    0.4ms] multiprocessing.freeze_support()
[    0.8ms] sys.path setup complete
[    1.1ms] import tkinter
[    1.4ms] import tkinter.ttk, messagebox
[    1.6ms] import datetime
[    1.9ms] pyautogui deferred (lazy import)
[    5.5ms] import filedialog, Path
[    6.0ms] import logging, threading
[    7.0ms] import app_setting_data
[    7.2ms] automation.BomAutomation deferred (lazy import)
[  238.6ms] import ui_setting
[  238.9ms] import wf_log
[  240.8ms] import wf_app_base

============================================================
STARTUP PROFILING (Real-time)
============================================================
[    0.0ms] Script start
[    0.5ms] multiprocessing.freeze_support()
[    0.9ms] sys.path setup complete
[    1.2ms] import tkinter
[    2.1ms] import tkinter.ttk, messagebox
[    2.8ms] import datetime
[    3.5ms] pyautogui deferred (lazy import)
[    6.6ms] import filedialog, Path
[    6.9ms] import logging, threading
[    8.0ms] import app_setting_data
[    8.2ms] automation.BomAutomation deferred (lazy import)
[  153.9ms] import ui_setting
[  154.2ms] import wf_log
[  156.3ms] import wf_app_base

============================================================
STARTUP PROFILING (Real-time)
============================================================
[    0.0ms] Script start
[    0.3ms] multiprocessing.freeze_support()
[    0.7ms] sys.path setup complete
[    1.1ms] import tkinter
[    1.5ms] import tkinter.ttk, messagebox
[    1.9ms] import datetime
[    2.6ms] pyautogui deferred (lazy import)
[    4.5ms] import filedialog, Path
[    4.7ms] import logging, threading
[    5.5ms] import app_setting_data
[    5.7ms] automation.BomAutomation deferred (lazy import)
[  144.8ms] import ui_setting
[  145.1ms] import wf_log
[  146.7ms] import wf_app_base

============================================================
STARTUP PROFILING (Real-time)
============================================================
[    0.0ms] Script start
[    0.4ms] multiprocessing.freeze_support()
[    0.7ms] sys.path setup complete
[    1.5ms] import tkinter
[    1.8ms] import tkinter.ttk, messagebox
[    2.6ms] import datetime
[    3.1ms] pyautogui deferred (lazy import)
[    5.4ms] import filedialog, Path
[    5.7ms] import logging, threading
[    6.8ms] import app_setting_data
[    7.0ms] automation.BomAutomation deferred (lazy import)
[  175.6ms] import ui_setting
[  176.0ms] import wf_log
[  178.1ms] import wf_app_base

============================================================
STARTUP PROFILING (Real-time)
============================================================
[    0.0ms] Script start
[    0.7ms] multiprocessing.freeze_support()
[    1.1ms] sys.path setup complete
[    1.3ms] import tkinter
[    2.1ms] import tkinter.ttk, messagebox
[    2.4ms] import datetime
[    2.7ms] pyautogui deferred (lazy import)
[    6.0ms] import filedialog, Path
[    6.5ms] import logging, threading
[    8.1ms] import app_setting_data
[    8.5ms] automation.BomAutomation deferred (lazy import)
[  201.8ms] import ui_setting
[  202.1ms] import wf_log
[  204.1ms] import wf_app_base

============================================================
STARTUP PROFILING (Real-time)
============================================================
[    0.0ms] Script start
[    0.3ms] multiprocessing.freeze_support()
[    0.6ms] sys.path setup complete
[    1.0ms] import tkinter
[    1.4ms] import tkinter.ttk, messagebox
[    1.7ms] import datetime
[    2.2ms] pyautogui deferred (lazy import)
[    4.5ms] import filedialog, Path
[    4.8ms] import logging, threading
[    5.6ms] import app_setting_data
[    5.8ms] automation.BomAutomation deferred (lazy import)
[  146.3ms] import ui_setting
[  146.6ms] import wf_log
[  148.3ms] import wf_app_base

============================================================
STARTUP PROFILING (Real-time)
============================================================
[    0.0ms] Script start
[    0.4ms] multiprocessing.freeze_support()
[    0.9ms] sys.path setup complete
[    1.2ms] import tkinter
[    1.6ms] import tkinter.ttk, messagebox
[    1.9ms] import datetime
[    2.2ms] pyautogui deferred (lazy import)
[    5.2ms] import filedialog, Path
[    5.5ms] import logging, threading
[    7.3ms] import app_setting_data
[    7.6ms] automation.BomAutomation deferred (lazy import)
[  165.7ms] import ui_setting
[  166.0ms] import wf_log
[  167.6ms] import wf_app_base

============================================================
STARTUP PROFILING (Real-time)
============================================================
[    0.0ms] Script start
[    0.4ms] multiprocessing.freeze_support()
[    0.6ms] sys.path setup complete
[    0.9ms] import tkinter
[    1.5ms] import tkinter.ttk, messagebox
[    1.7ms] import datetime
[    2.1ms] pyautogui deferred (lazy import)
[    4.2ms] import filedialog, Path
[    4.4ms] import logging, threading
[    5.2ms] import app_setting_data
[    5.4ms] automation.BomAutomation deferred (lazy import)
[  153.6ms] import ui_setting
[  153.9ms] import wf_log
[  155.7ms] import wf_app_base

============================================================
STARTUP PROFILING (Real-time)
============================================================
[    0.0ms] Script start
[    0.3ms] multiprocessing.freeze_support()
[    0.6ms] sys.path setup complete
[    0.8ms] import tkinter
[    1.0ms] import tkinter.ttk, messagebox
[    1.2ms] import datetime
[    1.4ms] pyautogui deferred (lazy import)
[    3.3ms] import filedialog, Path
[    3.6ms] import logging, threading
[    4.4ms] import app_setting_data
[    4.6ms] automation.BomAutomation deferred (lazy import)
[  161.5ms] import ui_setting
[  161.8ms] import wf_log
[  163.6ms] import wf_app_base

============================================================
STARTUP PROFILING (Real-time)
============================================================
[    0.0ms] Script start
[    0.3ms] multiprocessing.freeze_support()
[    0.6ms] sys.path setup complete
[    0.9ms] import tkinter
[    1.1ms] import tkinter.ttk, messagebox
[    1.7ms] import datetime
[    2.1ms] pyautogui deferred (lazy import)
[    4.4ms] import filedialog, Path
[    4.6ms] import logging, threading
[    5.4ms] import app_setting_data
[    5.6ms] automation.BomAutomation deferred (lazy import)
[  155.7ms] import ui_setting
[  156.0ms] import wf_log
[  157.6ms] import wf_app_base

============================================================
STARTUP PROFILING (Real-time)
============================================================
[    0.0ms] Script start
[    0.4ms] multiprocessing.freeze_support()
[    0.6ms] sys.path setup complete
[    0.9ms] import tkinter
[    1.6ms] import tkinter.ttk, messagebox
[    1.9ms] import datetime
[    2.3ms] pyautogui deferred (lazy import)
[    5.0ms] import filedialog, Path
[    5.3ms] import logging, threading
[    6.3ms] import app_setting_data
[    6.6ms] automation.BomAutomation deferred (lazy import)
[  172.1ms] import ui_setting
[  172.5ms] import wf_log
[  174.8ms] import wf_app_base

============================================================
STARTUP PROFILING (Real-time)
============================================================
[    0.0ms] Script start
[    0.4ms] multiprocessing.freeze_support()
[    0.7ms] sys.path setup complete
[    0.9ms] import tkinter
[    1.2ms] import tkinter.ttk, messagebox
[    1.4ms] import datetime
[    1.7ms] pyautogui deferred (lazy import)
[    4.2ms] import filedialog, Path
[    4.4ms] import logging, threading
[    5.2ms] import app_setting_data
[    5.6ms] automation.BomAutomation deferred (lazy import)
[  162.7ms] import ui_setting
[  177.4ms] import wf_log
[  179.4ms] import wf_app_base

============================================================
STARTUP PROFILING (Real-time)
============================================================
[    0.0ms] Script start
[    0.3ms] multiprocessing.freeze_support()
[    0.6ms] sys.path setup complete
[    1.1ms] import tkinter
[    1.4ms] import tkinter.ttk, messagebox
[    1.9ms] import datetime
[    2.3ms] pyautogui deferred (lazy import)
[    5.1ms] import filedialog, Path
[    5.4ms] import logging, threading
[    6.3ms] import app_setting_data
[    6.5ms] automation.BomAutomation deferred (lazy import)
[  175.5ms] import ui_setting
[  175.9ms] import wf_log
[  180.1ms] import wf_app_base

============================================================
STARTUP PROFILING (Real-time)
============================================================
[    0.0ms] Script start
[    0.3ms] multiprocessing.freeze_support()
[    0.8ms] sys.path setup complete
[    1.0ms] import tkinter
[    1.5ms] import tkinter.ttk, messagebox
[    2.2ms] import datetime
[    2.7ms] pyautogui deferred (lazy import)
[    5.7ms] import filedialog, Path
[    5.9ms] import logging, threading
[    7.0ms] import app_setting_data
[    7.2ms] automation.BomAutomation deferred (lazy import)
[  177.3ms] import ui_setting
[  177.9ms] import wf_log
[  182.2ms] import wf_app_base

============================================================
STARTUP PROFILING (Real-time)
============================================================
[    0.0ms] Script start
[    0.3ms] multiprocessing.freeze_support()
[    0.6ms] sys.path setup complete
[    1.0ms] import tkinter
[    1.7ms] import tkinter.ttk, messagebox
[    1.9ms] import datetime
[    2.1ms] pyautogui deferred (lazy import)
[    5.4ms] import filedialog, Path
[    5.7ms] import logging, threading
[    6.4ms] import app_setting_data
[    6.7ms] automation.BomAutomation deferred (lazy import)
[  148.5ms] import ui_setting
[  148.8ms] import wf_log
[  150.7ms] import wf_app_base

============================================================
STARTUP PROFILING (Real-time)
============================================================
[    0.0ms] Script start
[    0.3ms] multiprocessing.freeze_support()
[    0.7ms] sys.path setup complete
[    1.0ms] import tkinter
[    1.4ms] import tkinter.ttk, messagebox
[    1.7ms] import datetime
[    1.9ms] pyautogui deferred (lazy import)
[    4.7ms] import filedialog, Path
[    5.0ms] import logging, threading
[    6.0ms] import app_setting_data
[    6.2ms] automation.BomAutomation deferred (lazy import)
[  168.9ms] import ui_setting
[  169.2ms] import wf_log
[  170.9ms] import wf_app_base

============================================================
STARTUP PROFILING (Real-time)
============================================================
[    0.0ms] Script start
[    0.4ms] multiprocessing.freeze_support()
[    0.7ms] sys.path setup complete
[    1.0ms] import tkinter
[    1.3ms] import tkinter.ttk, messagebox
[    1.5ms] import datetime
[    2.1ms] pyautogui deferred (lazy import)
[    6.0ms] import filedialog, Path
[    6.2ms] import logging, threading
[    7.1ms] import app_setting_data
[    7.3ms] automation.BomAutomation deferred (lazy import)
[  163.9ms] import ui_setting
[  164.2ms] import wf_log
[  165.9ms] import wf_app_base

============================================================
STARTUP PROFILING (Real-time)
============================================================
[    0.0ms] Script start
[    0.3ms] multiprocessing.freeze_support()
[    0.7ms] sys.path setup complete
[    0.9ms] import tkinter
[    1.2ms] import tkinter.ttk, messagebox
[    1.4ms] import datetime
[    1.8ms] pyautogui deferred (lazy import)
[    4.7ms] import filedialog, Path
[    5.0ms] import logging, threading
[    5.9ms] import app_setting_data
[    6.4ms] automation.BomAutomation deferred (lazy import)
[  192.4ms] import ui_setting
[  192.7ms] import wf_log
[  194.9ms] import wf_app_base

============================================================
STARTUP PROFILING (Real-time)
============================================================
[    0.0ms] Script start
[    0.3ms] multiprocessing.freeze_support()
[    0.6ms] sys.path setup complete
[    1.4ms] import tkinter
[    1.7ms] import tkinter.ttk, messagebox
[    2.2ms] import datetime
[    2.7ms] pyautogui deferred (lazy import)
[    4.9ms] import filedialog, Path
[    5.2ms] import logging, threading
[    6.2ms] import app_setting_data
[    6.7ms] automation.BomAutomation deferred (lazy import)
[  163.0ms] import ui_setting
[  163.3ms] import wf_log
[  165.4ms] import wf_app_base

============================================================
STARTUP PROFILING (Real-time)
============================================================
[    0.0ms] Script start
[    0.4ms] multiprocessing.freeze_support()
[    0.6ms] sys.path setup complete
[    1.5ms] import tkinter
[    1.7ms] import tkinter.ttk, messagebox
[    1.9ms] import datetime
[    2.8ms] pyautogui deferred (lazy import)
[    4.7ms] import filedialog, Path
[    4.9ms] import logging, threading
[    5.7ms] import app_setting_data
[    5.9ms] automation.BomAutomation deferred (lazy import)
[  143.4ms] import ui_setting
[  143.7ms] import wf_log
[  145.5ms] import wf_app_base

============================================================
STARTUP PROFILING (Real-time)
============================================================
[    0.0ms] Script start
[    0.3ms] multiprocessing.freeze_support()
[    0.6ms] sys.path setup complete
[    1.2ms] import tkinter
[    1.4ms] import tkinter.ttk, messagebox
[    1.8ms] import datetime
[    2.0ms] pyautogui deferred (lazy import)
[    4.0ms] import filedialog, Path
[    4.2ms] import logging, threading
[    5.2ms] import app_setting_data
[    5.4ms] automation.BomAutomation deferred (lazy import)
[  152.9ms] import ui_setting
[  153.2ms] import wf_log
[  154.9ms] import wf_app_base

============================================================
STARTUP PROFILING (Real-time)
============================================================
[    0.0ms] Script start
[    0.3ms] multiprocessing.freeze_support()
[    0.8ms] sys.path setup complete
[    1.2ms] import tkinter
[    1.4ms] import tkinter.ttk, messagebox
[    1.7ms] import datetime
[    1.9ms] pyautogui deferred (lazy import)
[    4.1ms] import filedialog, Path
[    4.3ms] import logging, threading
[    5.2ms] import app_setting_data
[    5.5ms] automation.BomAutomation deferred (lazy import)
[  202.2ms] import ui_setting
[  202.8ms] import wf_log
[  204.6ms] import wf_app_base

============================================================
STARTUP PROFILING (Real-time)
============================================================
[    0.0ms] Script start
[    0.4ms] multiprocessing.freeze_support()
[    0.8ms] sys.path setup complete
[    1.1ms] import tkinter
[    1.6ms] import tkinter.ttk, messagebox
[    2.1ms] import datetime
[    2.5ms] pyautogui deferred (lazy import)
[    4.6ms] import filedialog, Path
[    4.8ms] import logging, threading
[    5.7ms] import app_setting_data
[    6.0ms] automation.BomAutomation deferred (lazy import)
[  155.0ms] import ui_setting
[  155.3ms] import wf_log
[  157.0ms] import wf_app_base

============================================================
STARTUP PROFILING (Real-time)
============================================================
[    0.0ms] Script start
[    0.3ms] multiprocessing.freeze_support()
[    0.6ms] sys.path setup complete
[    0.8ms] import tkinter
[    1.3ms] import tkinter.ttk, messagebox
[    1.6ms] import datetime
[    2.1ms] pyautogui deferred (lazy import)
[    4.2ms] import filedialog, Path
[    4.4ms] import logging, threading
[    5.6ms] import app_setting_data
[    5.8ms] automation.BomAutomation deferred (lazy import)
[  156.8ms] import ui_setting
[  157.1ms] import wf_log
[  159.5ms] import wf_app_base

============================================================
STARTUP PROFILING (Real-time)
============================================================
[    0.0ms] Script start
[    0.3ms] multiprocessing.freeze_support()
[    0.6ms] sys.path setup complete
[    0.9ms] import tkinter
[    1.1ms] import tkinter.ttk, messagebox
[    1.4ms] import datetime
[    1.7ms] pyautogui deferred (lazy import)
[    3.9ms] import filedialog, Path
[    4.1ms] import logging, threading
[    5.6ms] import app_setting_data
[    5.8ms] automation.BomAutomation deferred (lazy import)
[  168.9ms] import ui_setting
[  169.3ms] import wf_log
[  172.1ms] import wf_app_base

============================================================
STARTUP PROFILING (Real-time)
============================================================
[    0.0ms] Script start
[    0.4ms] multiprocessing.freeze_support()
[    1.0ms] sys.path setup complete
[    1.3ms] import tkinter
[    1.5ms] import tkinter.ttk, messagebox
[    1.9ms] import datetime
[    2.3ms] pyautogui deferred (lazy import)
[    4.8ms] import filedialog, Path
[    5.1ms] import logging, threading
[    6.0ms] import app_setting_data
[    6.2ms] automation.BomAutomation deferred (lazy import)
[  164.3ms] import ui_setting
[  164.6ms] import wf_log
[  166.4ms] import wf_app_base

============================================================
STARTUP PROFILING (Real-time)
============================================================
[    0.0ms] Script start
[    0.4ms] multiprocessing.freeze_support()
[    0.7ms] sys.path setup complete
[    0.9ms] import tkinter
[    1.3ms] import tkinter.ttk, messagebox
[    1.6ms] import datetime
[    1.7ms] pyautogui deferred (lazy import)
[    4.2ms] import filedialog, Path
[    4.5ms] import logging, threading
[    5.4ms] import app_setting_data
[    5.7ms] automation.BomAutomation deferred (lazy import)
[  161.5ms] import ui_setting
[  161.8ms] import wf_log
[  163.5ms] import wf_app_base

============================================================
STARTUP PROFILING (Real-time)
============================================================
[    0.0ms] Script start
[    1.0ms] multiprocessing.freeze_support()
[    1.3ms] sys.path setup complete
[    1.6ms] import tkinter
[    1.8ms] import tkinter.ttk, messagebox
[    2.1ms] import datetime
[    2.3ms] pyautogui deferred (lazy import)
[    5.5ms] import filedialog, Path
[    5.8ms] import logging, threading
[    6.9ms] import app_setting_data
[    7.1ms] automation.BomAutomation deferred (lazy import)
[  166.1ms] import ui_setting
[  166.5ms] import wf_log
[  168.2ms] import wf_app_base

============================================================
STARTUP PROFILING (Real-time)
============================================================
[    0.0ms] Script start
[    0.4ms] multiprocessing.freeze_support()
[    0.8ms] sys.path setup complete
[    1.0ms] import tkinter
[    1.3ms] import tkinter.ttk, messagebox
[    1.6ms] import datetime
[    2.0ms] pyautogui deferred (lazy import)
[    4.1ms] import filedialog, Path
[    4.3ms] import logging, threading
[    5.2ms] import app_setting_data
[    5.5ms] automation.BomAutomation deferred (lazy import)
[  169.0ms] import ui_setting
[  169.3ms] import wf_log
[  171.0ms] import wf_app_base

============================================================
STARTUP PROFILING (Real-time)
============================================================
[    0.0ms] Script start
[    0.3ms] multiprocessing.freeze_support()
[    0.8ms] sys.path setup complete
[    1.1ms] import tkinter
[    1.3ms] import tkinter.ttk, messagebox
[    1.6ms] import datetime
[    2.0ms] pyautogui deferred (lazy import)
[    4.0ms] import filedialog, Path
[    4.2ms] import logging, threading
[    5.0ms] import app_setting_data
[    5.2ms] automation.BomAutomation deferred (lazy import)
[  148.4ms] import ui_setting
[  148.7ms] import wf_log
[  150.4ms] import wf_app_base

============================================================
STARTUP PROFILING (Real-time)
============================================================
[    0.0ms] Script start
[    0.3ms] multiprocessing.freeze_support()
[    0.6ms] sys.path setup complete
[    0.9ms] import tkinter
[    1.1ms] import tkinter.ttk, messagebox
[    1.3ms] import datetime
[    1.6ms] pyautogui deferred (lazy import)
[    3.6ms] import filedialog, Path
[    3.8ms] import logging, threading
[    4.6ms] import app_setting_data
[    4.8ms] automation.BomAutomation deferred (lazy import)
[  142.8ms] import ui_setting
[  143.1ms] import wf_log
[  144.9ms] import wf_app_base

============================================================
STARTUP PROFILING (Real-time)
============================================================
[    0.0ms] Script start
[    0.4ms] multiprocessing.freeze_support()
[    0.7ms] sys.path setup complete
[    1.1ms] import tkinter
[    1.5ms] import tkinter.ttk, messagebox
[    1.8ms] import datetime
[    2.1ms] pyautogui deferred (lazy import)
[    4.3ms] import filedialog, Path
[    4.5ms] import logging, threading
[    5.7ms] import app_setting_data
[    5.9ms] automation.BomAutomation deferred (lazy import)
[  166.2ms] import ui_setting
[  174.8ms] import wf_log
[  176.9ms] import wf_app_base

============================================================
STARTUP PROFILING (Real-time)
============================================================
[    0.0ms] Script start
[    0.4ms] multiprocessing.freeze_support()
[    0.8ms] sys.path setup complete
[    1.0ms] import tkinter
[    1.3ms] import tkinter.ttk, messagebox
[    1.7ms] import datetime
[    2.1ms] pyautogui deferred (lazy import)
[    4.1ms] import filedialog, Path
[    4.4ms] import logging, threading
[    5.1ms] import app_setting_data
[    5.3ms] automation.BomAutomation deferred (lazy import)
[  147.4ms] import ui_setting
[  147.6ms] import wf_log
[  149.3ms] import wf_app_base

============================================================
STARTUP PROFILING (Real-time)
============================================================
[    0.0ms] Script start
[    0.4ms] multiprocessing.freeze_support()
[    0.6ms] sys.path setup complete
[    0.9ms] import tkinter
[    1.1ms] import tkinter.ttk, messagebox
[    1.4ms] import datetime
[    1.9ms] pyautogui deferred (lazy import)
[    5.9ms] import filedialog, Path
[    6.2ms] import logging, threading
[   15.3ms] import app_setting_data
[   16.6ms] automation.BomAutomation deferred (lazy import)
[  185.4ms] import ui_setting
[  186.1ms] import wf_log
[  190.1ms] import wf_app_base

============================================================
STARTUP PROFILING (Real-time)
============================================================
[    0.0ms] Script start
[    0.3ms] multiprocessing.freeze_support()
[    0.6ms] sys.path setup complete
[    0.8ms] import tkinter
[    1.0ms] import tkinter.ttk, messagebox
[    1.4ms] import datetime
[    2.1ms] pyautogui deferred (lazy import)
[    4.4ms] import filedialog, Path
[    4.7ms] import logging, threading
[   40.3ms] import app_setting_data
[   40.5ms] automation.BomAutomation deferred (lazy import)
[  183.2ms] import ui_setting
[  183.5ms] import wf_log
[  185.1ms] import wf_app_base

============================================================
STARTUP PROFILING (Real-time)
============================================================
[    0.0ms] Script start
[    0.3ms] multiprocessing.freeze_support()
[    0.6ms] sys.path setup complete
[    1.0ms] import tkinter
[    1.5ms] import tkinter.ttk, messagebox
[    2.0ms] import datetime
[    2.3ms] pyautogui deferred (lazy import)
[    4.4ms] import filedialog, Path
[    4.6ms] import logging, threading
[    5.4ms] import app_setting_data
[    5.6ms] automation.BomAutomation deferred (lazy import)
[  146.1ms] import ui_setting
[  153.6ms] import wf_log
[  158.2ms] import wf_app_base

============================================================
STARTUP PROFILING (Real-time)
============================================================
[    0.0ms] Script start
[    0.5ms] multiprocessing.freeze_support()
[    0.8ms] sys.path setup complete
[    1.2ms] import tkinter
[    1.4ms] import tkinter.ttk, messagebox
[    1.6ms] import datetime
[    2.0ms] pyautogui deferred (lazy import)
[    4.1ms] import filedialog, Path
[    4.4ms] import logging, threading
[    5.2ms] import app_setting_data
[    5.5ms] automation.BomAutomation deferred (lazy import)
[  162.5ms] import ui_setting
[  162.8ms] import wf_log
[  164.5ms] import wf_app_base

============================================================
STARTUP PROFILING (Real-time)
============================================================
[    0.0ms] Script start
[    0.4ms] multiprocessing.freeze_support()
[    0.6ms] sys.path setup complete
[    0.9ms] import tkinter
[    1.0ms] import tkinter.ttk, messagebox
[    1.4ms] import datetime
[    1.8ms] pyautogui deferred (lazy import)
[    4.0ms] import filedialog, Path
[    4.2ms] import logging, threading
[    5.1ms] import app_setting_data
[    5.3ms] automation.BomAutomation deferred (lazy import)
[  161.7ms] import ui_setting
[  162.4ms] import wf_log
[  164.6ms] import wf_app_base

============================================================
STARTUP PROFILING (Real-time)
============================================================
[    0.0ms] Script start
[    0.4ms] multiprocessing.freeze_support()
[    0.8ms] sys.path setup complete
[    1.1ms] import tkinter
[    1.4ms] import tkinter.ttk, messagebox
[    1.6ms] import datetime
[    1.9ms] pyautogui deferred (lazy import)
[    4.9ms] import filedialog, Path
[    5.2ms] import logging, threading
[    6.2ms] import app_setting_data
[    6.4ms] automation.BomAutomation deferred (lazy import)
[  176.7ms] import ui_setting
[  177.0ms] import wf_log
[  180.5ms] import wf_app_base

============================================================
STARTUP PROFILING (Real-time)
============================================================
[    0.0ms] Script start
[    1.8ms] multiprocessing.freeze_support()
[    2.2ms] sys.path setup complete
[    3.0ms] import tkinter
[    3.4ms] import tkinter.ttk, messagebox
[    3.7ms] import datetime
[    3.9ms] pyautogui deferred (lazy import)
[    6.4ms] import filedialog, Path
[    6.7ms] import logging, threading
[    9.5ms] import app_setting_data
[    9.8ms] automation.BomAutomation deferred (lazy import)
[  235.6ms] import ui_setting
[  235.9ms] import wf_log
[  237.7ms] import wf_app_base

============================================================
STARTUP PROFILING (Real-time)
============================================================
[    0.0ms] Script start
[    0.4ms] multiprocessing.freeze_support()
[    0.8ms] sys.path setup complete
[    1.4ms] import tkinter
[    2.2ms] import tkinter.ttk, messagebox
[    3.0ms] import datetime
[    3.7ms] pyautogui deferred (lazy import)
[    6.5ms] import filedialog, Path
[    6.8ms] import logging, threading
[    7.7ms] import app_setting_data
[    8.0ms] automation.BomAutomation deferred (lazy import)
[  169.1ms] import ui_setting
[  169.4ms] import wf_log
[  171.2ms] import wf_app_base

============================================================
STARTUP PROFILING (Real-time)
============================================================
[    0.0ms] Script start
[    0.4ms] multiprocessing.freeze_support()
[    0.7ms] sys.path setup complete
[    0.9ms] import tkinter
[    1.0ms] import tkinter.ttk, messagebox
[    1.2ms] import datetime
[    1.5ms] pyautogui deferred (lazy import)
[    3.7ms] import filedialog, Path
[    4.0ms] import logging, threading
[   12.5ms] import app_setting_data
[   12.7ms] automation.BomAutomation deferred (lazy import)
[  157.8ms] import ui_setting
[  158.2ms] import wf_log
[  159.9ms] import wf_app_base

============================================================
STARTUP PROFILING (Real-time)
============================================================
[    0.0ms] Script start
[    0.4ms] multiprocessing.freeze_support()
[    0.7ms] sys.path setup complete
[    0.9ms] import tkinter
[    1.1ms] import tkinter.ttk, messagebox
[    1.3ms] import datetime
[    1.5ms] pyautogui deferred (lazy import)
[    3.4ms] import filedialog, Path
[    3.7ms] import logging, threading
[    4.6ms] import app_setting_data
[    4.8ms] automation.BomAutomation deferred (lazy import)
[ 1774.3ms] import ui_setting
[ 1774.7ms] import wf_log
[ 1777.3ms] import wf_app_base

============================================================
STARTUP PROFILING (Real-time)
============================================================
[    0.0ms] Script start
[    0.4ms] multiprocessing.freeze_support()
[    0.8ms] sys.path setup complete
[    1.0ms] import tkinter
[    2.0ms] import tkinter.ttk, messagebox
[    2.2ms] import datetime
[    2.6ms] pyautogui deferred (lazy import)
[    4.9ms] import filedialog, Path
[    5.2ms] import logging, threading
[    6.0ms] import app_setting_data
[    6.2ms] automation.BomAutomation deferred (lazy import)
[  170.2ms] import ui_setting
[  170.5ms] import wf_log
[  172.5ms] import wf_app_base

============================================================
STARTUP PROFILING (Real-time)
============================================================
[    0.0ms] Script start
[    0.4ms] multiprocessing.freeze_support()
[    0.6ms] sys.path setup complete
[    1.1ms] import tkinter
[    1.5ms] import tkinter.ttk, messagebox
[    2.2ms] import datetime
[    2.4ms] pyautogui deferred (lazy import)
[    5.9ms] import filedialog, Path
[    6.2ms] import logging, threading
[    7.0ms] import app_setting_data
[    7.3ms] automation.BomAutomation deferred (lazy import)
[  171.1ms] import ui_setting
[  171.4ms] import wf_log
[  175.4ms] import wf_app_base

============================================================
STARTUP PROFILING (Real-time)
============================================================
[    0.0ms] Script start
[   58.1ms] multiprocessing.freeze_support()
[   58.7ms] sys.path setup complete
[   58.9ms] import tkinter
[   59.5ms] import tkinter.ttk, messagebox
[   59.8ms] import datetime
[   60.0ms] pyautogui deferred (lazy import)
[   62.1ms] import filedialog, Path
[   62.3ms] import logging, threading
[   63.1ms] import app_setting_data
[   63.3ms] automation.BomAutomation deferred (lazy import)
[  258.9ms] import ui_setting
[  259.3ms] import wf_log
[  262.4ms] import wf_app_base

============================================================
STARTUP PROFILING (Real-time)
============================================================
[    0.0ms] Script start
[    0.9ms] multiprocessing.freeze_support()
[    1.3ms] sys.path setup complete
[    2.1ms] import tkinter
[    2.4ms] import tkinter.ttk, messagebox
[    2.5ms] import datetime
[    3.1ms] pyautogui deferred (lazy import)
[    5.9ms] import filedialog, Path
[    7.1ms] import logging, threading
[    9.2ms] import app_setting_data
[    9.4ms] automation.BomAutomation deferred (lazy import)
[  156.7ms] import ui_setting
[  157.1ms] import wf_log
[  158.7ms] import wf_app_base

============================================================
STARTUP PROFILING (Real-time)
============================================================
[    0.0ms] Script start
[    0.4ms] multiprocessing.freeze_support()
[    0.9ms] sys.path setup complete
[    1.5ms] import tkinter
[    2.2ms] import tkinter.ttk, messagebox
[    2.6ms] import datetime
[    3.3ms] pyautogui deferred (lazy import)
[    6.4ms] import filedialog, Path
[    6.6ms] import logging, threading
[    7.5ms] import app_setting_data
[    7.8ms] automation.BomAutomation deferred (lazy import)
[  183.8ms] import ui_setting
[  184.1ms] import wf_log
[  186.7ms] import wf_app_base

============================================================
STARTUP PROFILING (Real-time)
============================================================
[    0.0ms] Script start
[    0.6ms] multiprocessing.freeze_support()
[    1.2ms] sys.path setup complete
[    1.9ms] import tkinter
[    2.3ms] import tkinter.ttk, messagebox
[    2.7ms] import datetime
[    4.9ms] pyautogui deferred (lazy import)
[    9.9ms] import filedialog, Path
[   10.5ms] import logging, threading
[   12.6ms] import app_setting_data
[   13.1ms] automation.BomAutomation deferred (lazy import)
[  200.7ms] import ui_setting
[  201.1ms] import wf_log
[  203.0ms] import wf_app_base

============================================================
STARTUP PROFILING (Real-time)
============================================================
[    0.0ms] Script start
[    0.4ms] multiprocessing.freeze_support()
[    1.0ms] sys.path setup complete
[    1.7ms] import tkinter
[    2.2ms] import tkinter.ttk, messagebox
[    2.5ms] import datetime
[    3.3ms] pyautogui deferred (lazy import)
[    5.9ms] import filedialog, Path
[    6.2ms] import logging, threading
[    7.5ms] import app_setting_data
[    7.9ms] automation.BomAutomation deferred (lazy import)
[  197.8ms] import ui_setting
[  198.2ms] import wf_log
[  200.7ms] import wf_app_base

============================================================
STARTUP PROFILING (Real-time)
============================================================
[    0.0ms] Script start
[    0.3ms] multiprocessing.freeze_support()
[    0.6ms] sys.path setup complete
[    1.0ms] import tkinter
[    1.2ms] import tkinter.ttk, messagebox
[    1.4ms] import datetime
[    1.8ms] pyautogui deferred (lazy import)
[    3.8ms] import filedialog, Path
[    4.0ms] import logging, threading
[    5.1ms] import app_setting_data
[    5.3ms] automation.BomAutomation deferred (lazy import)
[  166.0ms] import ui_setting
[  170.1ms] import wf_log
[  172.5ms] import wf_app_base

============================================================
STARTUP PROFILING (Real-time)
============================================================
[    0.0ms] Script start
[    0.4ms] multiprocessing.freeze_support()
[    0.7ms] sys.path setup complete
[    1.0ms] import tkinter
[    1.6ms] import tkinter.ttk, messagebox
[    1.9ms] import datetime
[    2.3ms] pyautogui deferred (lazy import)
[    6.0ms] import filedialog, Path
[    6.2ms] import logging, threading
[    7.2ms] import app_setting_data
[    7.7ms] automation.BomAutomation deferred (lazy import)
[  176.9ms] import ui_setting
[  177.2ms] import wf_log
[  182.9ms] import wf_app_base

============================================================
STARTUP PROFILING (Real-time)
============================================================
[    0.0ms] Script start
[    0.3ms] multiprocessing.freeze_support()
[    0.6ms] sys.path setup complete
[    0.9ms] import tkinter
[    1.2ms] import tkinter.ttk, messagebox
[    1.5ms] import datetime
[    2.1ms] pyautogui deferred (lazy import)
[    4.9ms] import filedialog, Path
[    5.2ms] import logging, threading
[    6.3ms] import app_setting_data
[    6.5ms] automation.BomAutomation deferred (lazy import)
[  178.8ms] import ui_setting
[  179.1ms] import wf_log
[  180.6ms] import wf_app_base

============================================================
STARTUP PROFILING (Real-time)
============================================================
[    0.0ms] Script start
[    0.4ms] multiprocessing.freeze_support()
[    0.7ms] sys.path setup complete
[    1.4ms] import tkinter
[    1.9ms] import tkinter.ttk, messagebox
[    2.6ms] import datetime
[    3.6ms] pyautogui deferred (lazy import)
[    6.4ms] import filedialog, Path
[    6.8ms] import logging, threading
[    7.8ms] import app_setting_data
[    8.0ms] automation.BomAutomation deferred (lazy import)
[  171.0ms] import ui_setting
[  171.4ms] import wf_log
[  173.5ms] import wf_app_base

============================================================
STARTUP PROFILING (Real-time)
============================================================
[    0.0ms] Script start
[    0.3ms] multiprocessing.freeze_support()
[    0.7ms] sys.path setup complete
[    1.6ms] import tkinter
[    2.4ms] import tkinter.ttk, messagebox
[    3.5ms] import datetime
[    3.8ms] pyautogui deferred (lazy import)
[    7.8ms] import filedialog, Path
[    8.7ms] import logging, threading
[   10.0ms] import app_setting_data
[   10.2ms] automation.BomAutomation deferred (lazy import)
[  173.6ms] import ui_setting
[  173.9ms] import wf_log
[  175.7ms] import wf_app_base

============================================================
STARTUP PROFILING (Real-time)
============================================================
[    0.0ms] Script start
[    0.3ms] multiprocessing.freeze_support()
[    0.6ms] sys.path setup complete
[    1.4ms] import tkinter
[    1.9ms] import tkinter.ttk, messagebox
[    2.1ms] import datetime
[    2.9ms] pyautogui deferred (lazy import)
[    4.9ms] import filedialog, Path
[    5.2ms] import logging, threading
[    6.3ms] import app_setting_data
[    6.6ms] automation.BomAutomation deferred (lazy import)
[  164.0ms] import ui_setting
[  164.5ms] import wf_log
[  166.3ms] import wf_app_base

============================================================
STARTUP PROFILING (Real-time)
============================================================
[    0.0ms] Script start
[    0.3ms] multiprocessing.freeze_support()
[    0.8ms] sys.path setup complete
[    1.3ms] import tkinter
[    1.6ms] import tkinter.ttk, messagebox
[    1.9ms] import datetime
[    2.2ms] pyautogui deferred (lazy import)
[    4.6ms] import filedialog, Path
[    4.9ms] import logging, threading
[    6.1ms] import app_setting_data
[    6.4ms] automation.BomAutomation deferred (lazy import)
[  202.6ms] import ui_setting
[  202.9ms] import wf_log
[  205.1ms] import wf_app_base

============================================================
STARTUP PROFILING (Real-time)
============================================================
[    0.0ms] Script start
[    0.4ms] multiprocessing.freeze_support()
[    0.9ms] sys.path setup complete
[    1.8ms] import tkinter
[    2.3ms] import tkinter.ttk, messagebox
[    2.7ms] import datetime
[    3.3ms] pyautogui deferred (lazy import)
[    6.2ms] import filedialog, Path
[    6.5ms] import logging, threading
[    7.3ms] import app_setting_data
[    7.6ms] automation.BomAutomation deferred (lazy import)
[  144.6ms] import ui_setting
[  144.9ms] import wf_log
[  146.7ms] import wf_app_base

============================================================
STARTUP PROFILING (Real-time)
============================================================
[    0.0ms] Script start
[    0.4ms] multiprocessing.freeze_support()
[    0.7ms] sys.path setup complete
[    2.7ms] import tkinter
[    3.4ms] import tkinter.ttk, messagebox
[    3.7ms] import datetime
[    4.0ms] pyautogui deferred (lazy import)
[    7.3ms] import filedialog, Path
[    7.7ms] import logging, threading
[    8.8ms] import app_setting_data
[    9.1ms] automation.BomAutomation deferred (lazy import)
[  232.0ms] import ui_setting
[  232.5ms] import wf_log
[  235.5ms] import wf_app_base

============================================================
STARTUP PROFILING (Real-time)
============================================================
[    0.0ms] Script start
[    0.5ms] multiprocessing.freeze_support()
[    1.0ms] sys.path setup complete
[    1.3ms] import tkinter
[    3.5ms] import tkinter.ttk, messagebox
[    3.8ms] import datetime
[    4.3ms] pyautogui deferred (lazy import)
[    7.3ms] import filedialog, Path
[    7.5ms] import logging, threading
[   18.7ms] import app_setting_data
[   19.1ms] automation.BomAutomation deferred (lazy import)
[  183.0ms] import ui_setting
[  183.3ms] import wf_log
[  185.1ms] import wf_app_base

============================================================
STARTUP PROFILING (Real-time)
============================================================
[    0.0ms] Script start
[    0.7ms] multiprocessing.freeze_support()
[    1.2ms] sys.path setup complete
[    1.9ms] import tkinter
[    2.3ms] import tkinter.ttk, messagebox
[    2.9ms] import datetime
[    5.2ms] pyautogui deferred (lazy import)
[    9.5ms] import filedialog, Path
[   10.0ms] import logging, threading
[   11.9ms] import app_setting_data
[   12.6ms] automation.BomAutomation deferred (lazy import)
[  233.5ms] import ui_setting
[  234.0ms] import wf_log
[  237.0ms] import wf_app_base

============================================================
STARTUP PROFILING (Real-time)
============================================================
[    0.0ms] Script start
[    7.7ms] multiprocessing.freeze_support()
[   16.4ms] sys.path setup complete
[   23.6ms] import tkinter
[   31.9ms] import tkinter.ttk, messagebox
[   41.0ms] import datetime
[   46.8ms] pyautogui deferred (lazy import)
[   59.7ms] import filedialog, Path
[   69.1ms] import logging, threading
[   85.0ms] import app_setting_data
[   95.7ms] automation.BomAutomation deferred (lazy import)
[ 2034.1ms] import ui_setting
[ 2043.1ms] import wf_log
[ 2056.6ms] import wf_app_base

============================================================
STARTUP PROFILING (Real-time)
============================================================
[    0.0ms] Script start
[   15.5ms] multiprocessing.freeze_support()
[   16.2ms] sys.path setup complete
[   16.8ms] import tkinter
[   17.3ms] import tkinter.ttk, messagebox
[   17.8ms] import datetime
[   18.2ms] pyautogui deferred (lazy import)
[   23.2ms] import filedialog, Path
[   23.6ms] import logging, threading
[   25.8ms] import app_setting_data
[   26.2ms] automation.BomAutomation deferred (lazy import)

============================================================
STARTUP PROFILING (Real-time)
============================================================
[    0.0ms] Script start
[    6.6ms] multiprocessing.freeze_support()
[    6.9ms] sys.path setup complete
[    7.6ms] import tkinter
[    7.9ms] import tkinter.ttk, messagebox
[    8.4ms] import datetime
[    8.8ms] pyautogui deferred (lazy import)
[   11.5ms] import filedialog, Path
[   11.8ms] import logging, threading
[   14.1ms] import app_setting_data
[   14.5ms] automation.BomAutomation deferred (lazy import)

============================================================
STARTUP PROFILING (Real-time)
============================================================
[    0.0ms] Script start
[    0.4ms] multiprocessing.freeze_support()
[    0.8ms] sys.path setup complete
[    1.1ms] import tkinter
[    1.4ms] import tkinter.ttk, messagebox
[    1.7ms] import datetime
[    1.9ms] pyautogui deferred (lazy import)
[    6.4ms] import filedialog, Path
[    6.7ms] import logging, threading
[    8.1ms] import app_setting_data
[    8.4ms] automation.BomAutomation deferred (lazy import)
[  209.0ms] import ui_setting
[  209.3ms] import wf_log
[  211.9ms] import wf_app_base

============================================================
STARTUP PROFILING (Real-time)
============================================================
[    0.0ms] Script start
[    0.4ms] multiprocessing.freeze_support()
[    1.0ms] sys.path setup complete
[    1.4ms] import tkinter
[    1.8ms] import tkinter.ttk, messagebox
[    2.1ms] import datetime
[    2.4ms] pyautogui deferred (lazy import)
[    4.8ms] import filedialog, Path
[    5.1ms] import logging, threading
[    6.3ms] import app_setting_data
[    6.6ms] automation.BomAutomation deferred (lazy import)
[  178.5ms] import ui_setting
[  178.9ms] import wf_log
[  181.7ms] import wf_app_base

============================================================
STARTUP PROFILING (Real-time)
============================================================
[    0.0ms] Script start
[    0.4ms] multiprocessing.freeze_support()
[    0.8ms] sys.path setup complete
[    1.2ms] import tkinter
[    1.5ms] import tkinter.ttk, messagebox
[    1.9ms] import datetime
[    2.4ms] pyautogui deferred (lazy import)
[    6.6ms] import filedialog, Path
[    7.0ms] import logging, threading
[    8.4ms] import app_setting_data
[    8.7ms] automation.BomAutomation deferred (lazy import)
[  199.6ms] import ui_setting
[  199.9ms] import wf_log
[  202.7ms] import wf_app_base

============================================================
STARTUP PROFILING (Real-time)
============================================================
[    0.0ms] Script start
[    0.4ms] multiprocessing.freeze_support()
[    1.1ms] sys.path setup complete
[    1.5ms] import tkinter
[    1.9ms] import tkinter.ttk, messagebox
[    2.3ms] import datetime
[    2.7ms] pyautogui deferred (lazy import)
[    5.2ms] import filedialog, Path
[    5.5ms] import logging, threading
[    6.8ms] import app_setting_data
[    7.1ms] automation.BomAutomation deferred (lazy import)
[  183.7ms] import ui_setting
[  184.0ms] import wf_log
[  187.3ms] import wf_app_base

============================================================
STARTUP PROFILING (Real-time)
============================================================
[    0.0ms] Script start
[    0.3ms] multiprocessing.freeze_support()
[    0.7ms] sys.path setup complete
[    1.4ms] import tkinter
[    1.8ms] import tkinter.ttk, messagebox
[    2.1ms] import datetime
[    2.7ms] pyautogui deferred (lazy import)
[    5.6ms] import filedialog, Path
[    5.9ms] import logging, threading
[    7.2ms] import app_setting_data
[    7.5ms] automation.BomAutomation deferred (lazy import)
[  228.6ms] import ui_setting
[  229.3ms] import wf_log
[  232.8ms] import wf_app_base

============================================================
STARTUP PROFILING (Real-time)
============================================================
[    0.0ms] Script start
[    0.6ms] multiprocessing.freeze_support()
[    1.2ms] sys.path setup complete
[    1.7ms] import tkinter
[    2.1ms] import tkinter.ttk, messagebox
[    2.5ms] import datetime
[    2.9ms] pyautogui deferred (lazy import)
[    8.1ms] import filedialog, Path
[    8.8ms] import logging, threading
[   12.3ms] import app_setting_data
[   13.0ms] automation.BomAutomation deferred (lazy import)
[  241.6ms] import ui_setting
[  242.0ms] import wf_log
[  246.5ms] import wf_app_base

============================================================
STARTUP PROFILING (Real-time)
============================================================
[    0.0ms] Script start
[    0.3ms] multiprocessing.freeze_support()
[    1.4ms] sys.path setup complete
[    2.3ms] import tkinter
[    3.2ms] import tkinter.ttk, messagebox
[    4.0ms] import datetime
[    4.3ms] pyautogui deferred (lazy import)
[    8.6ms] import filedialog, Path
[    8.9ms] import logging, threading
[   10.5ms] import app_setting_data
[   10.7ms] automation.BomAutomation deferred (lazy import)
[  210.2ms] import ui_setting
[  210.5ms] import wf_log
[  214.5ms] import wf_app_base

============================================================
STARTUP PROFILING (Real-time)
============================================================
[    0.0ms] Script start
[    0.7ms] multiprocessing.freeze_support()
[    1.2ms] sys.path setup complete
[    1.7ms] import tkinter
[    2.1ms] import tkinter.ttk, messagebox
[    2.5ms] import datetime
[    2.9ms] pyautogui deferred (lazy import)
[    7.7ms] import filedialog, Path
[    8.2ms] import logging, threading
[   10.4ms] import app_setting_data
[   10.8ms] automation.BomAutomation deferred (lazy import)
[  361.9ms] import ui_setting
[  362.5ms] import wf_log
[  368.0ms] import wf_app_base

============================================================
STARTUP PROFILING (Real-time)
============================================================
[    0.0ms] Script start
[   18.1ms] multiprocessing.freeze_support()
[   18.8ms] sys.path setup complete
[   19.3ms] import tkinter
[   19.7ms] import tkinter.ttk, messagebox
[   20.2ms] import datetime
[   20.9ms] pyautogui deferred (lazy import)
[   25.7ms] import filedialog, Path
[   26.2ms] import logging, threading
[   28.6ms] import app_setting_data
[   29.0ms] automation.BomAutomation deferred (lazy import)
[  230.8ms] import ui_setting
[  231.2ms] import wf_log
[  235.3ms] import wf_app_base

============================================================
STARTUP PROFILING (Real-time)
============================================================
[    0.0ms] Script start
[    0.4ms] multiprocessing.freeze_support()
[    0.8ms] sys.path setup complete
[    1.5ms] import tkinter
[    2.5ms] import tkinter.ttk, messagebox
[    3.0ms] import datetime
[    3.4ms] pyautogui deferred (lazy import)
[    6.4ms] import filedialog, Path
[    6.6ms] import logging, threading
[    8.6ms] import app_setting_data
[    8.9ms] automation.BomAutomation deferred (lazy import)
[  211.3ms] import ui_setting
[  212.3ms] import wf_log
[  215.7ms] import wf_app_base

============================================================
STARTUP PROFILING (Real-time)
============================================================
[    0.0ms] Script start
[    0.4ms] multiprocessing.freeze_support()
[    1.1ms] sys.path setup complete
[    1.5ms] import tkinter
[    1.8ms] import tkinter.ttk, messagebox
[    2.1ms] import datetime
[    2.4ms] pyautogui deferred (lazy import)
[    5.0ms] import filedialog, Path
[    5.4ms] import logging, threading
[    6.6ms] import app_setting_data
[    6.9ms] automation.BomAutomation deferred (lazy import)
[  204.7ms] import ui_setting
[  205.0ms] import wf_log
[  207.6ms] import wf_app_base

============================================================
STARTUP PROFILING (Real-time)
============================================================
[    0.0ms] Script start
[    3.2ms] multiprocessing.freeze_support()
[    5.1ms] sys.path setup complete
[    5.6ms] import tkinter
[    6.1ms] import tkinter.ttk, messagebox
[    7.2ms] import datetime
[    7.9ms] pyautogui deferred (lazy import)
[   13.8ms] import filedialog, Path
[   14.5ms] import logging, threading
[   18.8ms] import app_setting_data
[   19.4ms] automation.BomAutomation deferred (lazy import)
[  348.3ms] import ui_setting
[  348.9ms] import wf_log
[  354.4ms] import wf_app_base

============================================================
STARTUP PROFILING (Real-time)
============================================================
[    0.0ms] Script start
[    0.4ms] multiprocessing.freeze_support()
[    0.8ms] sys.path setup complete
[    1.2ms] import tkinter
[    1.6ms] import tkinter.ttk, messagebox
[    1.9ms] import datetime
[    2.4ms] pyautogui deferred (lazy import)
[    5.0ms] import filedialog, Path
[    5.3ms] import logging, threading
[    6.6ms] import app_setting_data
[    6.9ms] automation.BomAutomation deferred (lazy import)
[  205.9ms] import ui_setting
[  206.2ms] import wf_log
[  209.5ms] import wf_app_base

============================================================
STARTUP PROFILING (Real-time)
============================================================
[    0.0ms] Script start
[    0.4ms] multiprocessing.freeze_support()
[    0.8ms] sys.path setup complete
[    1.2ms] import tkinter
[    1.6ms] import tkinter.ttk, messagebox
[    2.0ms] import datetime
[    2.4ms] pyautogui deferred (lazy import)
[    5.0ms] import filedialog, Path
[    5.3ms] import logging, threading
[    6.7ms] import app_setting_data
[    6.9ms] automation.BomAutomation deferred (lazy import)
[  262.6ms] import ui_setting
[  263.1ms] import wf_log
[  267.0ms] import wf_app_base

============================================================
STARTUP PROFILING (Real-time)
============================================================
[    0.0ms] Script start
[    0.5ms] multiprocessing.freeze_support()
[    1.1ms] sys.path setup complete
[    1.5ms] import tkinter
[    2.1ms] import tkinter.ttk, messagebox
[    2.6ms] import datetime
[    2.9ms] pyautogui deferred (lazy import)
[    5.7ms] import filedialog, Path
[    6.1ms] import logging, threading
[    7.4ms] import app_setting_data
[    7.8ms] automation.BomAutomation deferred (lazy import)
[  237.5ms] import ui_setting
[  237.8ms] import wf_log
[  242.6ms] import wf_app_base

============================================================
STARTUP PROFILING (Real-time)
============================================================
[    0.0ms] Script start
[    0.4ms] multiprocessing.freeze_support()
[    0.9ms] sys.path setup complete
[    1.2ms] import tkinter
[    1.6ms] import tkinter.ttk, messagebox
[    1.9ms] import datetime
[    2.2ms] pyautogui deferred (lazy import)
[    6.5ms] import filedialog, Path
[    7.4ms] import logging, threading
[    9.5ms] import app_setting_data
[   10.1ms] automation.BomAutomation deferred (lazy import)
[  251.5ms] import ui_setting
[  251.8ms] import wf_log
[  254.6ms] import wf_app_base

============================================================
STARTUP PROFILING (Real-time)
============================================================
[    0.0ms] Script start
[    0.7ms] multiprocessing.freeze_support()
[    1.4ms] sys.path setup complete
[    2.0ms] import tkinter
[    2.8ms] import tkinter.ttk, messagebox
[    3.2ms] import datetime
[    4.1ms] pyautogui deferred (lazy import)
[    7.3ms] import filedialog, Path
[    7.6ms] import logging, threading
[    8.9ms] import app_setting_data
[    9.1ms] automation.BomAutomation deferred (lazy import)
[  241.8ms] import ui_setting
[  242.3ms] import wf_log
[  247.3ms] import wf_app_base

============================================================
STARTUP PROFILING (Real-time)
============================================================
[    0.0ms] Script start
[    0.7ms] multiprocessing.freeze_support()
[    1.2ms] sys.path setup complete
[    1.8ms] import tkinter
[    2.4ms] import tkinter.ttk, messagebox
[    3.5ms] import datetime
[    4.4ms] pyautogui deferred (lazy import)
[    7.1ms] import filedialog, Path
[    7.3ms] import logging, threading
[    8.7ms] import app_setting_data
[    9.0ms] automation.BomAutomation deferred (lazy import)

============================================================
STARTUP PROFILING (Real-time)
============================================================
[    0.0ms] Script start
[    0.3ms] multiprocessing.freeze_support()
[    0.7ms] sys.path setup complete
[    1.4ms] import tkinter
[    1.8ms] import tkinter.ttk, messagebox
[    2.6ms] import datetime
[    3.3ms] pyautogui deferred (lazy import)
[    6.8ms] import filedialog, Path
[    7.1ms] import logging, threading
[    8.5ms] import app_setting_data
[    8.7ms] automation.BomAutomation deferred (lazy import)
[  266.6ms] import ui_setting
[  267.0ms] import wf_log
[  272.2ms] import wf_app_base

============================================================
STARTUP PROFILING (Real-time)
============================================================
[    0.0ms] Script start
[    0.6ms] multiprocessing.freeze_support()
[    1.1ms] sys.path setup complete
[    1.5ms] import tkinter
[    1.9ms] import tkinter.ttk, messagebox
[    2.3ms] import datetime
[    2.7ms] pyautogui deferred (lazy import)
[    6.4ms] import filedialog, Path
[    6.7ms] import logging, threading
[    9.2ms] import app_setting_data
[    9.7ms] automation.BomAutomation deferred (lazy import)
[  242.5ms] import ui_setting
[  243.0ms] import wf_log
[  246.2ms] import wf_app_base

============================================================
STARTUP PROFILING (Real-time)
============================================================
[    0.0ms] Script start
[    0.4ms] multiprocessing.freeze_support()
[    0.8ms] sys.path setup complete
[    1.2ms] import tkinter
[    1.6ms] import tkinter.ttk, messagebox
[    2.3ms] import datetime
[    2.7ms] pyautogui deferred (lazy import)
[    5.7ms] import filedialog, Path
[    6.5ms] import logging, threading
[    8.4ms] import app_setting_data
[    8.7ms] automation.BomAutomation deferred (lazy import)
[  216.6ms] import ui_setting
[  217.0ms] import wf_log
[  219.8ms] import wf_app_base

============================================================
STARTUP PROFILING (Real-time)
============================================================
[    0.0ms] Script start
[    0.7ms] multiprocessing.freeze_support()
[    1.7ms] sys.path setup complete
[    2.3ms] import tkinter
[    3.0ms] import tkinter.ttk, messagebox
[    3.5ms] import datetime
[    4.0ms] pyautogui deferred (lazy import)
[    7.2ms] import filedialog, Path
[    7.6ms] import logging, threading
[    9.3ms] import app_setting_data
[    9.5ms] automation.BomAutomation deferred (lazy import)
[  234.2ms] import ui_setting
[  235.1ms] import wf_log
[  239.6ms] import wf_app_base

============================================================
STARTUP PROFILING (Real-time)
============================================================
[    0.0ms] Script start
[    0.5ms] multiprocessing.freeze_support()
[    1.0ms] sys.path setup complete
[    1.4ms] import tkinter
[    1.9ms] import tkinter.ttk, messagebox
[    2.3ms] import datetime
[    2.7ms] pyautogui deferred (lazy import)
[    5.7ms] import filedialog, Path
[    6.2ms] import logging, threading
[    9.2ms] import app_setting_data
[    9.6ms] automation.BomAutomation deferred (lazy import)
[  265.4ms] import ui_setting
[  265.8ms] import wf_log
[  269.4ms] import wf_app_base

============================================================
STARTUP PROFILING (Real-time)
============================================================
[    0.0ms] Script start
[    0.4ms] multiprocessing.freeze_support()
[    0.9ms] sys.path setup complete
[    1.3ms] import tkinter
[    1.6ms] import tkinter.ttk, messagebox
[    2.0ms] import datetime
[    2.6ms] pyautogui deferred (lazy import)
[    6.1ms] import filedialog, Path
[    6.4ms] import logging, threading
[    9.2ms] import app_setting_data
[   10.0ms] automation.BomAutomation deferred (lazy import)
[  232.9ms] import ui_setting
[  233.3ms] import wf_log
[  236.5ms] import wf_app_base

============================================================
STARTUP PROFILING (Real-time)
============================================================
[    0.0ms] Script start
[    0.7ms] multiprocessing.freeze_support()
[    1.2ms] sys.path setup complete
[    1.8ms] import tkinter
[    6.3ms] import tkinter.ttk, messagebox
[    6.8ms] import datetime
[    7.3ms] pyautogui deferred (lazy import)
[   14.0ms] import filedialog, Path
[   14.6ms] import logging, threading
[   16.8ms] import app_setting_data
[   17.1ms] automation.BomAutomation deferred (lazy import)
[  371.9ms] import ui_setting
[  372.5ms] import wf_log
[  379.1ms] import wf_app_base

============================================================
STARTUP PROFILING (Real-time)
============================================================
[    0.0ms] Script start
[    0.4ms] multiprocessing.freeze_support()
[    0.7ms] sys.path setup complete
[    1.3ms] import tkinter
[    1.7ms] import tkinter.ttk, messagebox
[    2.1ms] import datetime
[    2.6ms] pyautogui deferred (lazy import)
[    5.1ms] import filedialog, Path
[    5.4ms] import logging, threading
[    6.6ms] import app_setting_data
[    6.8ms] automation.BomAutomation deferred (lazy import)
[  199.1ms] import ui_setting
[  199.5ms] import wf_log
[  203.3ms] import wf_app_base

============================================================
STARTUP PROFILING (Real-time)
============================================================
[    0.0ms] Script start
[    0.4ms] multiprocessing.freeze_support()
[    1.4ms] sys.path setup complete
[    2.2ms] import tkinter
[    3.1ms] import tkinter.ttk, messagebox
[    3.9ms] import datetime
[    4.3ms] pyautogui deferred (lazy import)
[    7.4ms] import filedialog, Path
[    7.7ms] import logging, threading
[    9.2ms] import app_setting_data
[    9.5ms] automation.BomAutomation deferred (lazy import)
[  233.5ms] import ui_setting
[  233.9ms] import wf_log
[  238.0ms] import wf_app_base

============================================================
STARTUP PROFILING (Real-time)
============================================================
[    0.0ms] Script start
[    0.5ms] multiprocessing.freeze_support()
[    0.9ms] sys.path setup complete
[    2.2ms] import tkinter
[    2.5ms] import tkinter.ttk, messagebox
[    2.8ms] import datetime
[    3.3ms] pyautogui deferred (lazy import)
[    7.5ms] import filedialog, Path
[    7.8ms] import logging, threading
[    9.1ms] import app_setting_data
[    9.3ms] automation.BomAutomation deferred (lazy import)
[  193.6ms] import ui_setting
[  194.0ms] import wf_log
[  196.6ms] import wf_app_base

============================================================
STARTUP PROFILING (Real-time)
============================================================
[    0.0ms] Script start
[    0.5ms] multiprocessing.freeze_support()
[    1.1ms] sys.path setup complete
[    1.5ms] import tkinter
[    2.1ms] import tkinter.ttk, messagebox
[    2.7ms] import datetime
[    3.1ms] pyautogui deferred (lazy import)
[    7.1ms] import filedialog, Path
[    7.5ms] import logging, threading
[    9.0ms] import app_setting_data
[    9.3ms] automation.BomAutomation deferred (lazy import)
[  231.2ms] import ui_setting
[  231.6ms] import wf_log
[  234.8ms] import wf_app_base

============================================================
STARTUP PROFILING (Real-time)
============================================================
[    0.0ms] Script start
[    0.4ms] multiprocessing.freeze_support()
[    1.0ms] sys.path setup complete
[    1.3ms] import tkinter
[    1.7ms] import tkinter.ttk, messagebox
[    2.5ms] import datetime
[    2.9ms] pyautogui deferred (lazy import)
[    5.3ms] import filedialog, Path
[    6.1ms] import logging, threading
[    8.5ms] import app_setting_data
[    8.8ms] automation.BomAutomation deferred (lazy import)
[  203.1ms] import ui_setting
[  203.5ms] import wf_log
[  208.4ms] import wf_app_base

============================================================
STARTUP PROFILING (Real-time)
============================================================
[    0.0ms] Script start
[    0.5ms] multiprocessing.freeze_support()
[    1.0ms] sys.path setup complete
[    1.4ms] import tkinter
[    1.8ms] import tkinter.ttk, messagebox
[    2.2ms] import datetime
[    2.5ms] pyautogui deferred (lazy import)
[    5.1ms] import filedialog, Path
[    5.4ms] import logging, threading
[    6.9ms] import app_setting_data
[    7.2ms] automation.BomAutomation deferred (lazy import)
[  428.5ms] import ui_setting
[  429.2ms] import wf_log
[  434.4ms] import wf_app_base

============================================================
STARTUP PROFILING (Real-time)
============================================================
[    0.0ms] Script start
[    0.5ms] multiprocessing.freeze_support()
[    1.0ms] sys.path setup complete
[    1.4ms] import tkinter
[    1.7ms] import tkinter.ttk, messagebox
[    2.1ms] import datetime
[    2.4ms] pyautogui deferred (lazy import)
[    5.2ms] import filedialog, Path
[    5.5ms] import logging, threading
[    7.1ms] import app_setting_data
[    7.9ms] automation.BomAutomation deferred (lazy import)
[  214.8ms] import ui_setting
[  215.1ms] import wf_log
[  217.6ms] import wf_app_base

============================================================
STARTUP PROFILING (Real-time)
============================================================
[    0.0ms] Script start
[    0.4ms] multiprocessing.freeze_support()
[    1.2ms] sys.path setup complete
[    2.2ms] import tkinter
[    3.2ms] import tkinter.ttk, messagebox
[    4.0ms] import datetime
[    4.6ms] pyautogui deferred (lazy import)
[    8.0ms] import filedialog, Path
[    8.4ms] import logging, threading
[   10.4ms] import app_setting_data
[   10.8ms] automation.BomAutomation deferred (lazy import)
[  238.1ms] import ui_setting
[  238.5ms] import wf_log
[  241.8ms] import wf_app_base

============================================================
STARTUP PROFILING (Real-time)
============================================================
[    0.0ms] Script start
[    0.4ms] multiprocessing.freeze_support()
[    0.8ms] sys.path setup complete
[    1.2ms] import tkinter
[    1.6ms] import tkinter.ttk, messagebox
[    2.0ms] import datetime
[    2.4ms] pyautogui deferred (lazy import)
[    4.8ms] import filedialog, Path
[    5.1ms] import logging, threading
[    6.4ms] import app_setting_data
[    6.7ms] automation.BomAutomation deferred (lazy import)
[  215.1ms] import ui_setting
[  215.6ms] import wf_log
[  218.6ms] import wf_app_base

============================================================
STARTUP PROFILING (Real-time)
============================================================
[    0.0ms] Script start
[    0.4ms] multiprocessing.freeze_support()
[    0.8ms] sys.path setup complete
[    1.3ms] import tkinter
[    1.6ms] import tkinter.ttk, messagebox
[    1.9ms] import datetime
[    2.2ms] pyautogui deferred (lazy import)
[    4.8ms] import filedialog, Path
[    5.1ms] import logging, threading
[    7.0ms] import app_setting_data
[    8.0ms] automation.BomAutomation deferred (lazy import)
[  212.7ms] import ui_setting
[  213.0ms] import wf_log
[  215.6ms] import wf_app_base

============================================================
STARTUP PROFILING (Real-time)
============================================================
[    0.0ms] Script start
[    0.4ms] multiprocessing.freeze_support()
[    0.8ms] sys.path setup complete
[    1.3ms] import tkinter
[    1.8ms] import tkinter.ttk, messagebox
[    2.1ms] import datetime
[    2.4ms] pyautogui deferred (lazy import)
[    4.7ms] import filedialog, Path
[    5.0ms] import logging, threading
[    6.3ms] import app_setting_data
[    6.5ms] automation.BomAutomation deferred (lazy import)
[  196.4ms] import ui_setting
[  196.9ms] import wf_log
[  200.4ms] import wf_app_base

============================================================
STARTUP PROFILING (Real-time)
============================================================
[    0.0ms] Script start
[    0.4ms] multiprocessing.freeze_support()
[    1.1ms] sys.path setup complete
[    1.4ms] import tkinter
[    1.7ms] import tkinter.ttk, messagebox
[    2.0ms] import datetime
[    2.4ms] pyautogui deferred (lazy import)
[    4.9ms] import filedialog, Path
[    5.1ms] import logging, threading
[    6.7ms] import app_setting_data
[    7.0ms] automation.BomAutomation deferred (lazy import)
[  223.4ms] import ui_setting
[  224.1ms] import wf_log
[  229.8ms] import wf_app_base

============================================================
STARTUP PROFILING (Real-time)
============================================================
[    0.0ms] Script start
[    0.4ms] multiprocessing.freeze_support()
[    1.0ms] sys.path setup complete
[    1.4ms] import tkinter
[    3.1ms] import tkinter.ttk, messagebox
[    3.7ms] import datetime
[    4.4ms] pyautogui deferred (lazy import)
[    7.1ms] import filedialog, Path
[    7.4ms] import logging, threading
[    8.8ms] import app_setting_data
[    9.1ms] automation.BomAutomation deferred (lazy import)
[  233.2ms] import ui_setting
[  233.6ms] import wf_log
[  237.8ms] import wf_app_base

============================================================
STARTUP PROFILING (Real-time)
============================================================
[    0.0ms] Script start
[    0.8ms] multiprocessing.freeze_support()
[    1.8ms] sys.path setup complete
[    3.0ms] import tkinter
[    3.8ms] import tkinter.ttk, messagebox
[    4.4ms] import datetime
[    5.1ms] pyautogui deferred (lazy import)
[    9.5ms] import filedialog, Path
[    9.9ms] import logging, threading
[   12.1ms] import app_setting_data
[   12.5ms] automation.BomAutomation deferred (lazy import)
[  438.8ms] import ui_setting
[  439.4ms] import wf_log
[  443.3ms] import wf_app_base

============================================================
STARTUP PROFILING (Real-time)
============================================================
[    0.0ms] Script start
[    0.4ms] multiprocessing.freeze_support()
[    1.1ms] sys.path setup complete
[    1.7ms] import tkinter
[    2.2ms] import tkinter.ttk, messagebox
[    2.6ms] import datetime
[    3.1ms] pyautogui deferred (lazy import)
[    6.1ms] import filedialog, Path
[    6.3ms] import logging, threading
[    7.6ms] import app_setting_data
[    8.0ms] automation.BomAutomation deferred (lazy import)
[  206.8ms] import ui_setting
[  207.1ms] import wf_log
[  210.3ms] import wf_app_base

============================================================
STARTUP PROFILING (Real-time)
============================================================
[    0.0ms] Script start
[    0.4ms] multiprocessing.freeze_support()
[    1.1ms] sys.path setup complete
[    1.4ms] import tkinter
[    1.7ms] import tkinter.ttk, messagebox
[    3.0ms] import datetime
[    3.7ms] pyautogui deferred (lazy import)
[    7.2ms] import filedialog, Path
[    7.4ms] import logging, threading
[    9.1ms] import app_setting_data
[    9.4ms] automation.BomAutomation deferred (lazy import)
[  215.5ms] import ui_setting
[  215.8ms] import wf_log
[  220.3ms] import wf_app_base

============================================================
STARTUP PROFILING (Real-time)
============================================================
[    0.0ms] Script start
[    0.4ms] multiprocessing.freeze_support()
[    0.9ms] sys.path setup complete
[    1.3ms] import tkinter
[    1.9ms] import tkinter.ttk, messagebox
[    2.5ms] import datetime
[    2.8ms] pyautogui deferred (lazy import)
[    5.4ms] import filedialog, Path
[    5.7ms] import logging, threading
[    7.0ms] import app_setting_data
[    7.3ms] automation.BomAutomation deferred (lazy import)
[  214.0ms] import ui_setting
[  214.3ms] import wf_log
[  217.0ms] import wf_app_base

============================================================
STARTUP PROFILING (Real-time)
============================================================
[    0.0ms] Script start
[    0.4ms] multiprocessing.freeze_support()
[    0.9ms] sys.path setup complete
[    1.2ms] import tkinter
[    1.6ms] import tkinter.ttk, messagebox
[    2.0ms] import datetime
[    2.3ms] pyautogui deferred (lazy import)
[    4.9ms] import filedialog, Path
[    5.2ms] import logging, threading
[    7.4ms] import app_setting_data
[    7.9ms] automation.BomAutomation deferred (lazy import)
[  247.9ms] import ui_setting
[  248.3ms] import wf_log
[  251.0ms] import wf_app_base

============================================================
STARTUP PROFILING (Real-time)
============================================================
[    0.0ms] Script start
[    0.6ms] multiprocessing.freeze_support()
[    1.1ms] sys.path setup complete
[    1.6ms] import tkinter
[    2.1ms] import tkinter.ttk, messagebox
[    2.4ms] import datetime
[    2.7ms] pyautogui deferred (lazy import)
[    5.3ms] import filedialog, Path
[    5.6ms] import logging, threading
[    6.8ms] import app_setting_data
[    7.2ms] automation.BomAutomation deferred (lazy import)
[  211.5ms] import ui_setting
[  212.0ms] import wf_log
[  217.6ms] import wf_app_base

============================================================
STARTUP PROFILING (Real-time)
============================================================
[    0.0ms] Script start
[    1.0ms] multiprocessing.freeze_support()
[    1.8ms] sys.path setup complete
[    2.5ms] import tkinter
[    3.1ms] import tkinter.ttk, messagebox
[    3.9ms] import datetime
[    4.3ms] pyautogui deferred (lazy import)
[    7.9ms] import filedialog, Path
[    8.3ms] import logging, threading
[    9.8ms] import app_setting_data
[   10.1ms] automation.BomAutomation deferred (lazy import)
[  224.3ms] import ui_setting
[  224.6ms] import wf_log
[  227.9ms] import wf_app_base

============================================================
STARTUP PROFILING (Real-time)
============================================================
[    0.0ms] Script start
[    0.6ms] multiprocessing.freeze_support()
[    2.6ms] sys.path setup complete
[    4.6ms] import tkinter
[    5.1ms] import tkinter.ttk, messagebox
[    5.5ms] import datetime
[    5.9ms] pyautogui deferred (lazy import)
[   11.7ms] import filedialog, Path
[   12.3ms] import logging, threading
[   14.7ms] import app_setting_data
[   15.0ms] automation.BomAutomation deferred (lazy import)
[  265.6ms] import ui_setting
[  266.1ms] import wf_log
[  272.4ms] import wf_app_base

============================================================
STARTUP PROFILING (Real-time)
============================================================
[    0.0ms] Script start
[    0.5ms] multiprocessing.freeze_support()
[    0.9ms] sys.path setup complete
[    1.6ms] import tkinter
[    2.1ms] import tkinter.ttk, messagebox
[    2.4ms] import datetime
[    2.8ms] pyautogui deferred (lazy import)
[    6.6ms] import filedialog, Path
[    7.0ms] import logging, threading
[    8.5ms] import app_setting_data
[    8.8ms] automation.BomAutomation deferred (lazy import)
[  312.7ms] import ui_setting
[  313.3ms] import wf_log
[  316.5ms] import wf_app_base

============================================================
STARTUP PROFILING (Real-time)
============================================================
[    0.0ms] Script start
[    0.5ms] multiprocessing.freeze_support()
[    1.7ms] sys.path setup complete
[    2.5ms] import tkinter
[    3.5ms] import tkinter.ttk, messagebox
[    3.9ms] import datetime
[    4.6ms] pyautogui deferred (lazy import)
[   10.2ms] import filedialog, Path
[   10.7ms] import logging, threading
[   13.1ms] import app_setting_data
[   13.6ms] automation.BomAutomation deferred (lazy import)
[  242.3ms] import ui_setting
[  242.8ms] import wf_log
[  246.3ms] import wf_app_base

============================================================
STARTUP PROFILING (Real-time)
============================================================
[    0.0ms] Script start
[    0.5ms] multiprocessing.freeze_support()
[    1.0ms] sys.path setup complete
[    1.4ms] import tkinter
[    1.8ms] import tkinter.ttk, messagebox
[    2.6ms] import datetime
[    3.0ms] pyautogui deferred (lazy import)
[    5.4ms] import filedialog, Path
[    5.7ms] import logging, threading
[    7.2ms] import app_setting_data
[    7.4ms] automation.BomAutomation deferred (lazy import)
[  194.3ms] import ui_setting
[  194.6ms] import wf_log
[  198.1ms] import wf_app_base

============================================================
STARTUP PROFILING (Real-time)
============================================================
[    0.0ms] Script start
[    0.6ms] multiprocessing.freeze_support()
[    1.2ms] sys.path setup complete
[    2.6ms] import tkinter
[    3.5ms] import tkinter.ttk, messagebox
[    4.2ms] import datetime
[    4.6ms] pyautogui deferred (lazy import)
[   10.0ms] import filedialog, Path
[   10.4ms] import logging, threading
[   13.2ms] import app_setting_data
[   14.2ms] automation.BomAutomation deferred (lazy import)
[  310.7ms] import ui_setting
[  311.1ms] import wf_log
[  318.0ms] import wf_app_base

============================================================
STARTUP PROFILING (Real-time)
============================================================
[    0.0ms] Script start
[    0.6ms] multiprocessing.freeze_support()
[    1.1ms] sys.path setup complete
[    1.6ms] import tkinter
[    2.1ms] import tkinter.ttk, messagebox
[    2.6ms] import datetime
[    3.3ms] pyautogui deferred (lazy import)
[    7.3ms] import filedialog, Path
[    7.7ms] import logging, threading
[    9.2ms] import app_setting_data
[    9.5ms] automation.BomAutomation deferred (lazy import)
[  258.9ms] import ui_setting
[  259.3ms] import wf_log
[  265.7ms] import wf_app_base

============================================================
STARTUP PROFILING (Real-time)
============================================================
[    0.0ms] Script start
[    0.6ms] multiprocessing.freeze_support()
[    1.2ms] sys.path setup complete
[    2.0ms] import tkinter
[    2.4ms] import tkinter.ttk, messagebox
[    3.1ms] import datetime
[    4.0ms] pyautogui deferred (lazy import)
[    6.6ms] import filedialog, Path
[    6.9ms] import logging, threading
[    8.5ms] import app_setting_data
[    8.8ms] automation.BomAutomation deferred (lazy import)
[  221.3ms] import ui_setting
[  221.6ms] import wf_log
[  224.7ms] import wf_app_base

============================================================
STARTUP PROFILING (Real-time)
============================================================
[    0.0ms] Script start
[    0.5ms] multiprocessing.freeze_support()
[    1.0ms] sys.path setup complete
[    1.4ms] import tkinter
[    1.8ms] import tkinter.ttk, messagebox
[    2.2ms] import datetime
[    2.5ms] pyautogui deferred (lazy import)
[    6.9ms] import filedialog, Path
[    7.4ms] import logging, threading
[    9.4ms] import app_setting_data
[    9.7ms] automation.BomAutomation deferred (lazy import)
[  274.9ms] import ui_setting
[  275.3ms] import wf_log
[  279.3ms] import wf_app_base

============================================================
STARTUP PROFILING (Real-time)
============================================================
[    0.0ms] Script start
[    1.2ms] multiprocessing.freeze_support()
[    2.1ms] sys.path setup complete
[    3.9ms] import tkinter
[    4.9ms] import tkinter.ttk, messagebox
[    5.7ms] import datetime
[    7.5ms] pyautogui deferred (lazy import)
[   16.3ms] import filedialog, Path
[   17.4ms] import logging, threading
[   21.2ms] import app_setting_data
[   21.7ms] automation.BomAutomation deferred (lazy import)
[  371.9ms] import ui_setting
[  372.3ms] import wf_log
[  375.7ms] import wf_app_base

============================================================
STARTUP PROFILING (Real-time)
============================================================
[    0.0ms] Script start
[    4.2ms] multiprocessing.freeze_support()
[    4.5ms] sys.path setup complete
[    4.8ms] import tkinter
[    5.2ms] import tkinter.ttk, messagebox
[    6.0ms] import datetime
[    6.4ms] pyautogui deferred (lazy import)
[   10.3ms] import filedialog, Path
[   10.6ms] import logging, threading
[   12.1ms] import app_setting_data
[   12.4ms] automation.BomAutomation deferred (lazy import)
[  316.3ms] import ui_setting
[  316.7ms] import wf_log
[  319.7ms] import wf_app_base

============================================================
STARTUP PROFILING (Real-time)
============================================================
[    0.0ms] Script start
[    4.7ms] multiprocessing.freeze_support()
[    5.0ms] sys.path setup complete
[    5.6ms] import tkinter
[    6.1ms] import tkinter.ttk, messagebox
[    6.6ms] import datetime
[    6.9ms] pyautogui deferred (lazy import)
[   10.4ms] import filedialog, Path
[   10.6ms] import logging, threading
[   12.5ms] import app_setting_data
[   12.7ms] automation.BomAutomation deferred (lazy import)
[  304.2ms] import ui_setting
[  304.6ms] import wf_log
[  309.2ms] import wf_app_base

============================================================
STARTUP PROFILING (Real-time)
============================================================
[    0.0ms] Script start
[   10.6ms] multiprocessing.freeze_support()
[   11.3ms] sys.path setup complete
[   12.3ms] import tkinter
[   12.9ms] import tkinter.ttk, messagebox
[   14.6ms] import datetime
[   15.7ms] pyautogui deferred (lazy import)
[   22.7ms] import filedialog, Path
[   23.3ms] import logging, threading
[   26.7ms] import app_setting_data
[   27.2ms] automation.BomAutomation deferred (lazy import)
[  407.2ms] import ui_setting
[  407.7ms] import wf_log
[  412.7ms] import wf_app_base

============================================================
STARTUP PROFILING (Real-time)
============================================================
[    0.0ms] Script start
[    7.3ms] multiprocessing.freeze_support()
[    7.9ms] sys.path setup complete
[    8.4ms] import tkinter
[    8.9ms] import tkinter.ttk, messagebox
[    9.4ms] import datetime
[   10.0ms] pyautogui deferred (lazy import)
[   15.7ms] import filedialog, Path
[   16.2ms] import logging, threading
[   18.3ms] import app_setting_data
[   19.0ms] automation.BomAutomation deferred (lazy import)
[  365.8ms] import ui_setting
[  366.3ms] import wf_log
[  370.2ms] import wf_app_base

============================================================
STARTUP PROFILING (Real-time)
============================================================
[    0.0ms] Script start
[    5.2ms] multiprocessing.freeze_support()
[    5.7ms] sys.path setup complete
[    6.1ms] import tkinter
[    6.5ms] import tkinter.ttk, messagebox
[    6.8ms] import datetime
[    7.3ms] pyautogui deferred (lazy import)
[   12.4ms] import filedialog, Path
[   12.8ms] import logging, threading
[   14.4ms] import app_setting_data
[   14.7ms] automation.BomAutomation deferred (lazy import)
[  316.3ms] import ui_setting
[  316.8ms] import wf_log
[  323.8ms] import wf_app_base

============================================================
STARTUP PROFILING (Real-time)
============================================================
[    0.0ms] Script start
[    8.5ms] multiprocessing.freeze_support()
[    9.1ms] sys.path setup complete
[    9.6ms] import tkinter
[   10.1ms] import tkinter.ttk, messagebox
[   10.7ms] import datetime
[   11.2ms] pyautogui deferred (lazy import)
[   15.1ms] import filedialog, Path
[   15.5ms] import logging, threading
[   17.1ms] import app_setting_data
[   17.6ms] automation.BomAutomation deferred (lazy import)
[  394.0ms] import ui_setting
[  394.3ms] import wf_log
[  397.3ms] import wf_app_base

============================================================
STARTUP PROFILING (Real-time)
============================================================
[    0.0ms] Script start
[    8.7ms] multiprocessing.freeze_support()
[    9.2ms] sys.path setup complete
[    9.6ms] import tkinter
[   10.4ms] import tkinter.ttk, messagebox
[   11.1ms] import datetime
[   11.6ms] pyautogui deferred (lazy import)
[   15.4ms] import filedialog, Path
[   15.8ms] import logging, threading
[   18.1ms] import app_setting_data
[   18.4ms] automation.BomAutomation deferred (lazy import)
[  397.3ms] import ui_setting
[  397.9ms] import wf_log
[  404.2ms] import wf_app_base

============================================================
STARTUP PROFILING (Real-time)
============================================================
[    0.0ms] Script start
[    7.5ms] multiprocessing.freeze_support()
[    8.0ms] sys.path setup complete
[    8.6ms] import tkinter
[    9.0ms] import tkinter.ttk, messagebox
[    9.3ms] import datetime
[   10.0ms] pyautogui deferred (lazy import)
[   13.7ms] import filedialog, Path
[   14.1ms] import logging, threading
[   15.7ms] import app_setting_data
[   16.0ms] automation.BomAutomation deferred (lazy import)
[  458.2ms] import ui_setting
[  458.8ms] import wf_log
[  464.3ms] import wf_app_base

============================================================
STARTUP PROFILING (Real-time)
============================================================
[    0.0ms] Script start
[    5.3ms] multiprocessing.freeze_support()
[    5.6ms] sys.path setup complete
[    6.9ms] import tkinter
[    7.3ms] import tkinter.ttk, messagebox
[    7.8ms] import datetime
[    8.5ms] pyautogui deferred (lazy import)
[   13.9ms] import filedialog, Path
[   14.3ms] import logging, threading
[   16.2ms] import app_setting_data
[   16.4ms] automation.BomAutomation deferred (lazy import)
[  333.7ms] import ui_setting
[  334.1ms] import wf_log
[  337.3ms] import wf_app_base

============================================================
STARTUP PROFILING (Real-time)
============================================================
[    0.0ms] Script start
[    9.2ms] multiprocessing.freeze_support()
[   10.2ms] sys.path setup complete
[   11.0ms] import tkinter
[   11.7ms] import tkinter.ttk, messagebox
[   12.4ms] import datetime
[   13.0ms] pyautogui deferred (lazy import)
[   19.3ms] import filedialog, Path
[   19.9ms] import logging, threading
[   22.8ms] import app_setting_data
[   23.3ms] automation.BomAutomation deferred (lazy import)
[  377.8ms] import ui_setting
[  378.5ms] import wf_log
[  383.5ms] import wf_app_base

============================================================
STARTUP PROFILING (Real-time)
============================================================
[    0.0ms] Script start
[    7.9ms] multiprocessing.freeze_support()
[    8.7ms] sys.path setup complete
[    9.4ms] import tkinter
[    9.8ms] import tkinter.ttk, messagebox
[   10.2ms] import datetime
[   11.3ms] pyautogui deferred (lazy import)
[   16.0ms] import filedialog, Path
[   16.6ms] import logging, threading
[   18.6ms] import app_setting_data
[   19.0ms] automation.BomAutomation deferred (lazy import)
[  326.8ms] import ui_setting
[  327.1ms] import wf_log
[  331.9ms] import wf_app_base

============================================================
STARTUP PROFILING (Real-time)
============================================================
[    0.0ms] Script start
[    7.6ms] multiprocessing.freeze_support()
[    8.1ms] sys.path setup complete
[    8.6ms] import tkinter
[    8.9ms] import tkinter.ttk, messagebox
[    9.3ms] import datetime
[    9.7ms] pyautogui deferred (lazy import)
[   14.8ms] import filedialog, Path
[   15.3ms] import logging, threading
[   17.9ms] import app_setting_data
[   18.3ms] automation.BomAutomation deferred (lazy import)
[  343.3ms] import ui_setting
[  343.7ms] import wf_log
[  348.8ms] import wf_app_base

============================================================
STARTUP PROFILING (Real-time)
============================================================
[    0.0ms] Script start
[    7.8ms] multiprocessing.freeze_support()
[    8.4ms] sys.path setup complete
[    8.9ms] import tkinter
[    9.4ms] import tkinter.ttk, messagebox
[    9.8ms] import datetime
[   10.2ms] pyautogui deferred (lazy import)
[   15.4ms] import filedialog, Path
[   15.9ms] import logging, threading
[   19.5ms] import app_setting_data
[   20.0ms] automation.BomAutomation deferred (lazy import)
[  502.7ms] import ui_setting
[  503.5ms] import wf_log
[  509.4ms] import wf_app_base

============================================================
STARTUP PROFILING (Real-time)
============================================================
[    0.0ms] Script start
[    7.0ms] multiprocessing.freeze_support()
[    7.5ms] sys.path setup complete
[    7.9ms] import tkinter
[    8.4ms] import tkinter.ttk, messagebox
[    9.1ms] import datetime
[    9.5ms] pyautogui deferred (lazy import)
[   12.5ms] import filedialog, Path
[   12.9ms] import logging, threading
[   14.3ms] import app_setting_data
[   14.6ms] automation.BomAutomation deferred (lazy import)
[  306.4ms] import ui_setting
[  306.9ms] import wf_log
[  311.5ms] import wf_app_base

============================================================
STARTUP PROFILING (Real-time)
============================================================
[    0.0ms] Script start
[    5.7ms] multiprocessing.freeze_support()
[    6.1ms] sys.path setup complete
[    6.6ms] import tkinter
[    6.9ms] import tkinter.ttk, messagebox
[    7.8ms] import datetime
[    8.8ms] pyautogui deferred (lazy import)
[   12.7ms] import filedialog, Path
[   13.2ms] import logging, threading
[   16.7ms] import app_setting_data
[   17.1ms] automation.BomAutomation deferred (lazy import)
[  351.1ms] import ui_setting
[  351.5ms] import wf_log
[  385.1ms] import wf_app_base

============================================================
STARTUP PROFILING (Real-time)
============================================================
[    0.0ms] Script start
[    4.7ms] multiprocessing.freeze_support()
[    5.1ms] sys.path setup complete
[    5.5ms] import tkinter
[    5.8ms] import tkinter.ttk, messagebox
[    6.2ms] import datetime
[    6.7ms] pyautogui deferred (lazy import)
[   11.0ms] import filedialog, Path
[   11.3ms] import logging, threading
[   12.9ms] import app_setting_data
[   13.1ms] automation.BomAutomation deferred (lazy import)
[  274.5ms] import ui_setting
[  275.2ms] import wf_log
[  289.7ms] import wf_app_base

============================================================
STARTUP PROFILING (Real-time)
============================================================
[    0.0ms] Script start
[    5.5ms] multiprocessing.freeze_support()
[    6.0ms] sys.path setup complete
[    7.3ms] import tkinter
[    8.5ms] import tkinter.ttk, messagebox
[    9.1ms] import datetime
[    9.7ms] pyautogui deferred (lazy import)
[   14.1ms] import filedialog, Path
[   14.4ms] import logging, threading
[   16.1ms] import app_setting_data
[   16.4ms] automation.BomAutomation deferred (lazy import)
[  281.9ms] import ui_setting
[  282.3ms] import wf_log
[  285.1ms] import wf_app_base

============================================================
STARTUP PROFILING (Real-time)
============================================================
[    0.0ms] Script start
[    5.6ms] multiprocessing.freeze_support()
[    5.9ms] sys.path setup complete
[    6.5ms] import tkinter
[    6.9ms] import tkinter.ttk, messagebox
[    7.3ms] import datetime
[    7.6ms] pyautogui deferred (lazy import)
[   10.4ms] import filedialog, Path
[   10.7ms] import logging, threading
[   14.4ms] import app_setting_data
[   14.7ms] automation.BomAutomation deferred (lazy import)
[  284.5ms] import ui_setting
[  286.1ms] import wf_log
[  289.9ms] import wf_app_base

============================================================
STARTUP PROFILING (Real-time)
============================================================
[    0.0ms] Script start
[    6.6ms] multiprocessing.freeze_support()
[    6.9ms] sys.path setup complete
[    8.1ms] import tkinter
[    8.8ms] import tkinter.ttk, messagebox
[    9.3ms] import datetime
[   10.1ms] pyautogui deferred (lazy import)
[   13.8ms] import filedialog, Path
[   14.1ms] import logging, threading
[   15.6ms] import app_setting_data
[   15.9ms] automation.BomAutomation deferred (lazy import)
[  255.9ms] import ui_setting
[  256.4ms] import wf_log
[  261.4ms] import wf_app_base

============================================================
STARTUP PROFILING (Real-time)
============================================================
[    0.0ms] Script start
[    7.7ms] multiprocessing.freeze_support()
[    8.2ms] sys.path setup complete
[    9.8ms] import tkinter
[   11.0ms] import tkinter.ttk, messagebox
[   11.6ms] import datetime
[   12.1ms] pyautogui deferred (lazy import)
[   16.3ms] import filedialog, Path
[   16.7ms] import logging, threading
[   19.3ms] import app_setting_data
[   20.4ms] automation.BomAutomation deferred (lazy import)
[  348.3ms] import ui_setting
[  348.8ms] import wf_log
[  355.4ms] import wf_app_base

============================================================
STARTUP PROFILING (Real-time)
============================================================
[    0.0ms] Script start
[    6.5ms] multiprocessing.freeze_support()
[    7.0ms] sys.path setup complete
[    8.2ms] import tkinter
[    9.4ms] import tkinter.ttk, messagebox
[   10.2ms] import datetime
[   10.7ms] pyautogui deferred (lazy import)
[   14.8ms] import filedialog, Path
[   15.3ms] import logging, threading
[   17.6ms] import app_setting_data
[   18.0ms] automation.BomAutomation deferred (lazy import)
[  498.7ms] import ui_setting
[  499.2ms] import wf_log
[  503.9ms] import wf_app_base

============================================================
STARTUP PROFILING (Real-time)
============================================================
[    0.0ms] Script start
[    8.7ms] multiprocessing.freeze_support()
[    9.4ms] sys.path setup complete
[    9.9ms] import tkinter
[   10.4ms] import tkinter.ttk, messagebox
[   11.8ms] import datetime
[   13.5ms] pyautogui deferred (lazy import)
[   17.8ms] import filedialog, Path
[   18.2ms] import logging, threading
[   20.6ms] import app_setting_data
[   21.5ms] automation.BomAutomation deferred (lazy import)
[  378.5ms] import ui_setting
[  379.2ms] import wf_log
[  384.6ms] import wf_app_base

============================================================
STARTUP PROFILING (Real-time)
============================================================
[    0.0ms] Script start
[    6.9ms] multiprocessing.freeze_support()
[    7.3ms] sys.path setup complete
[    8.0ms] import tkinter
[    8.3ms] import tkinter.ttk, messagebox
[   10.3ms] import datetime
[   12.1ms] pyautogui deferred (lazy import)
[   19.4ms] import filedialog, Path
[   19.9ms] import logging, threading
[   23.1ms] import app_setting_data
[   23.4ms] automation.BomAutomation deferred (lazy import)
[  323.6ms] import ui_setting
[  324.1ms] import wf_log
[  327.7ms] import wf_app_base

============================================================
STARTUP PROFILING (Real-time)
============================================================
[    0.0ms] Script start
[   15.5ms] multiprocessing.freeze_support()
[   16.2ms] sys.path setup complete
[   17.0ms] import tkinter
[   17.6ms] import tkinter.ttk, messagebox
[   18.3ms] import datetime
[   19.0ms] pyautogui deferred (lazy import)
[   24.3ms] import filedialog, Path
[   25.8ms] import logging, threading
[   28.4ms] import app_setting_data
[   28.8ms] automation.BomAutomation deferred (lazy import)
[  383.9ms] import ui_setting
[  384.4ms] import wf_log
[  389.0ms] import wf_app_base

============================================================
STARTUP PROFILING (Real-time)
============================================================
[    0.0ms] Script start
[    7.5ms] multiprocessing.freeze_support()
[    8.1ms] sys.path setup complete
[    8.6ms] import tkinter
[    9.3ms] import tkinter.ttk, messagebox
[    9.8ms] import datetime
[   10.4ms] pyautogui deferred (lazy import)
[   14.8ms] import filedialog, Path
[   15.1ms] import logging, threading
[   16.9ms] import app_setting_data
[   17.2ms] automation.BomAutomation deferred (lazy import)
[  336.2ms] import ui_setting
[  338.9ms] import wf_log
[  350.7ms] import wf_app_base

============================================================
STARTUP PROFILING (Real-time)
============================================================
[    0.0ms] Script start
[    4.5ms] multiprocessing.freeze_support()
[    4.9ms] sys.path setup complete
[    5.3ms] import tkinter
[    6.2ms] import tkinter.ttk, messagebox
[    6.6ms] import datetime
[    7.4ms] pyautogui deferred (lazy import)
[    9.9ms] import filedialog, Path
[   10.3ms] import logging, threading
[   12.9ms] import app_setting_data
[   13.4ms] automation.BomAutomation deferred (lazy import)
[  312.3ms] import ui_setting
[  312.9ms] import wf_log
[  316.7ms] import wf_app_base

============================================================
STARTUP PROFILING (Real-time)
============================================================
[    0.0ms] Script start
[    6.1ms] multiprocessing.freeze_support()
[    6.5ms] sys.path setup complete
[    7.6ms] import tkinter
[    8.0ms] import tkinter.ttk, messagebox
[    8.8ms] import datetime
[    9.5ms] pyautogui deferred (lazy import)
[   15.9ms] import filedialog, Path
[   16.2ms] import logging, threading
[   18.5ms] import app_setting_data
[   18.8ms] automation.BomAutomation deferred (lazy import)
[  261.3ms] import ui_setting
[  262.0ms] import wf_log
[  266.3ms] import wf_app_base

============================================================
STARTUP PROFILING (Real-time)
============================================================
[    0.0ms] Script start
[    6.2ms] multiprocessing.freeze_support()
[    6.5ms] sys.path setup complete
[    7.2ms] import tkinter
[    7.8ms] import tkinter.ttk, messagebox
[    8.2ms] import datetime
[    9.4ms] pyautogui deferred (lazy import)
[   11.9ms] import filedialog, Path
[   12.2ms] import logging, threading
[   13.6ms] import app_setting_data
[   13.8ms] automation.BomAutomation deferred (lazy import)
[  265.0ms] import ui_setting
[  265.4ms] import wf_log
[  270.1ms] import wf_app_base

============================================================
STARTUP PROFILING (Real-time)
============================================================
[    0.0ms] Script start
[    8.6ms] multiprocessing.freeze_support()
[    9.1ms] sys.path setup complete
[    9.5ms] import tkinter
[   10.5ms] import tkinter.ttk, messagebox
[   11.4ms] import datetime
[   12.0ms] pyautogui deferred (lazy import)
[   18.2ms] import filedialog, Path
[   19.0ms] import logging, threading
[   21.4ms] import app_setting_data
[   22.0ms] automation.BomAutomation deferred (lazy import)
[  323.5ms] import ui_setting
[  324.0ms] import wf_log
[  327.7ms] import wf_app_base

============================================================
STARTUP PROFILING (Real-time)
============================================================
[    0.0ms] Script start
[    4.1ms] multiprocessing.freeze_support()
[    4.4ms] sys.path setup complete
[    5.0ms] import tkinter
[    5.9ms] import tkinter.ttk, messagebox
[    6.3ms] import datetime
[    7.2ms] pyautogui deferred (lazy import)
[   11.0ms] import filedialog, Path
[   11.3ms] import logging, threading
[   12.8ms] import app_setting_data
[   13.0ms] automation.BomAutomation deferred (lazy import)
[  366.2ms] import ui_setting
[  366.8ms] import wf_log
[  375.0ms] import wf_app_base

============================================================
STARTUP PROFILING (Real-time)
============================================================
[    0.0ms] Script start
[    5.1ms] multiprocessing.freeze_support()
[    5.4ms] sys.path setup complete
[    6.1ms] import tkinter
[    6.5ms] import tkinter.ttk, messagebox
[    6.8ms] import datetime
[    7.5ms] pyautogui deferred (lazy import)
[   12.9ms] import filedialog, Path
[   13.3ms] import logging, threading
[   14.5ms] import app_setting_data
[   14.8ms] automation.BomAutomation deferred (lazy import)
[  297.8ms] import ui_setting
[  298.1ms] import wf_log
[  300.8ms] import wf_app_base

============================================================
STARTUP PROFILING (Real-time)
============================================================
[    0.0ms] Script start
[    4.7ms] multiprocessing.freeze_support()
[    5.1ms] sys.path setup complete
[    5.5ms] import tkinter
[    6.0ms] import tkinter.ttk, messagebox
[    6.7ms] import datetime
[    7.0ms] pyautogui deferred (lazy import)
[   10.2ms] import filedialog, Path
[   10.7ms] import logging, threading
[   12.5ms] import app_setting_data
[   12.9ms] automation.BomAutomation deferred (lazy import)
[  273.4ms] import ui_setting
[  273.7ms] import wf_log
[  276.1ms] import wf_app_base

============================================================
STARTUP PROFILING (Real-time)
============================================================
[    0.0ms] Script start
[    7.5ms] multiprocessing.freeze_support()
[    8.0ms] sys.path setup complete
[    8.5ms] import tkinter
[    8.9ms] import tkinter.ttk, messagebox
[    9.3ms] import datetime
[    9.7ms] pyautogui deferred (lazy import)
[   13.0ms] import filedialog, Path
[   13.3ms] import logging, threading
[   14.8ms] import app_setting_data
[   15.1ms] automation.BomAutomation deferred (lazy import)
[  313.3ms] import ui_setting
[  313.7ms] import wf_log
[  317.0ms] import wf_app_base

============================================================
STARTUP PROFILING (Real-time)
============================================================
[    0.0ms] Script start
[    7.5ms] multiprocessing.freeze_support()
[    8.0ms] sys.path setup complete
[    8.3ms] import tkinter
[    9.1ms] import tkinter.ttk, messagebox
[   10.1ms] import datetime
[   12.6ms] pyautogui deferred (lazy import)
[   16.0ms] import filedialog, Path
[   16.4ms] import logging, threading
[   18.4ms] import app_setting_data
[   19.0ms] automation.BomAutomation deferred (lazy import)
[  297.9ms] import ui_setting
[  298.3ms] import wf_log
[  301.8ms] import wf_app_base

============================================================
STARTUP PROFILING (Real-time)
============================================================
[    0.0ms] Script start
[    6.2ms] multiprocessing.freeze_support()
[    6.5ms] sys.path setup complete
[    6.9ms] import tkinter
[    8.8ms] import tkinter.ttk, messagebox
[    9.4ms] import datetime
[   10.0ms] pyautogui deferred (lazy import)
[   15.9ms] import filedialog, Path
[   16.2ms] import logging, threading
[   17.9ms] import app_setting_data
[   18.2ms] automation.BomAutomation deferred (lazy import)
[  325.7ms] import ui_setting
[  326.3ms] import wf_log
[  329.2ms] import wf_app_base

============================================================
STARTUP PROFILING (Real-time)
============================================================
[    0.0ms] Script start
[   16.9ms] multiprocessing.freeze_support()
[   24.2ms] sys.path setup complete
[   31.2ms] import tkinter
[   38.4ms] import tkinter.ttk, messagebox
[   43.9ms] import datetime
[   50.7ms] pyautogui deferred (lazy import)
[   59.9ms] import filedialog, Path
[   68.9ms] import logging, threading
[   86.6ms] import app_setting_data
[   91.3ms] automation.BomAutomation deferred (lazy import)
[  380.8ms] import ui_setting
[  384.2ms] import wf_log
[  403.0ms] import wf_app_base

============================================================
STARTUP PROFILING (Real-time)
============================================================
[    0.0ms] Script start
[   40.4ms] multiprocessing.freeze_support()
[   40.7ms] sys.path setup complete
[   41.0ms] import tkinter
[   41.2ms] import tkinter.ttk, messagebox
[   41.6ms] import datetime
[   42.0ms] pyautogui deferred (lazy import)
[   45.5ms] import filedialog, Path
[   45.9ms] import logging, threading
[   47.2ms] import app_setting_data
[   47.6ms] automation.BomAutomation deferred (lazy import)
[  297.4ms] import ui_setting
[  297.7ms] import wf_log
[  300.5ms] import wf_app_base

============================================================
STARTUP PROFILING (Real-time)
============================================================
[    0.0ms] Script start
[    5.9ms] multiprocessing.freeze_support()
[    6.2ms] sys.path setup complete
[    7.4ms] import tkinter
[    7.8ms] import tkinter.ttk, messagebox
[    8.1ms] import datetime
[    9.0ms] pyautogui deferred (lazy import)
[   12.4ms] import filedialog, Path
[   12.8ms] import logging, threading
[   13.8ms] import app_setting_data
[   14.3ms] automation.BomAutomation deferred (lazy import)
[  336.4ms] import ui_setting
[  336.8ms] import wf_log
[  341.2ms] import wf_app_base

============================================================
STARTUP PROFILING (Real-time)
============================================================
[    0.0ms] Script start
[    3.5ms] multiprocessing.freeze_support()
[    4.7ms] sys.path setup complete
[    5.0ms] import tkinter
[    5.5ms] import tkinter.ttk, messagebox
[    5.8ms] import datetime
[    6.2ms] pyautogui deferred (lazy import)
[    8.7ms] import filedialog, Path
[    9.0ms] import logging, threading
[   10.3ms] import app_setting_data
[   10.6ms] automation.BomAutomation deferred (lazy import)
[  221.0ms] import ui_setting
[  221.4ms] import wf_log
[  230.6ms] import wf_app_base

============================================================
STARTUP PROFILING (Real-time)
============================================================
[    0.0ms] Script start
[    3.6ms] multiprocessing.freeze_support()
[    3.9ms] sys.path setup complete
[    4.2ms] import tkinter
[    4.5ms] import tkinter.ttk, messagebox
[    4.8ms] import datetime
[    5.1ms] pyautogui deferred (lazy import)
[    9.1ms] import filedialog, Path
[    9.4ms] import logging, threading
[   10.8ms] import app_setting_data
[   12.0ms] automation.BomAutomation deferred (lazy import)
[  218.1ms] import ui_setting
[  218.5ms] import wf_log
[  230.3ms] import wf_app_base

============================================================
STARTUP PROFILING (Real-time)
============================================================
[    0.0ms] Script start
[    4.0ms] multiprocessing.freeze_support()
[    4.3ms] sys.path setup complete
[    4.5ms] import tkinter
[    4.8ms] import tkinter.ttk, messagebox
[    5.0ms] import datetime
[    5.4ms] pyautogui deferred (lazy import)
[    7.9ms] import filedialog, Path
[    8.2ms] import logging, threading
[    9.0ms] import app_setting_data
[    9.2ms] automation.BomAutomation deferred (lazy import)
[  215.7ms] import ui_setting
[  216.1ms] import wf_log

============================================================
STARTUP PROFILING (Real-time)
============================================================
[    0.0ms] Script start
[    4.8ms] multiprocessing.freeze_support()
[    5.1ms] sys.path setup complete
[    5.4ms] import tkinter
[    5.6ms] import tkinter.ttk, messagebox
[    5.8ms] import datetime
[    6.0ms] pyautogui deferred (lazy import)
[    7.8ms] import filedialog, Path
[    8.1ms] import logging, threading
[    8.9ms] import app_setting_data
[    9.1ms] automation.BomAutomation deferred (lazy import)
[  223.2ms] import ui_setting
[  223.6ms] import wf_log

============================================================
STARTUP PROFILING (Real-time)
============================================================
[    0.0ms] Script start
[    4.4ms] multiprocessing.freeze_support()
[    4.7ms] sys.path setup complete
[    5.0ms] import tkinter
[    5.4ms] import tkinter.ttk, messagebox
[    5.9ms] import datetime
[    6.2ms] pyautogui deferred (lazy import)
[   10.0ms] import filedialog, Path
[   10.3ms] import logging, threading
[   11.5ms] import app_setting_data
[   11.8ms] automation.BomAutomation deferred (lazy import)
[  227.9ms] import ui_setting
[  228.3ms] import wf_log

============================================================
STARTUP PROFILING (Real-time)
============================================================
[    0.0ms] Script start
[    4.8ms] multiprocessing.freeze_support()
[    5.2ms] sys.path setup complete
[    5.5ms] import tkinter
[    5.8ms] import tkinter.ttk, messagebox
[    6.4ms] import datetime
[    6.6ms] pyautogui deferred (lazy import)
[    9.7ms] import filedialog, Path
[    9.9ms] import logging, threading
[   10.8ms] import app_setting_data
[   11.0ms] automation.BomAutomation deferred (lazy import)
[  241.8ms] import ui_setting
[  242.2ms] import wf_log

============================================================
STARTUP PROFILING (Real-time)
============================================================
[    0.0ms] Script start
[    7.1ms] multiprocessing.freeze_support()
[    7.8ms] sys.path setup complete
[    8.7ms] import tkinter
[    9.1ms] import tkinter.ttk, messagebox
[    9.8ms] import datetime
[   10.2ms] pyautogui deferred (lazy import)
[   13.8ms] import filedialog, Path
[   14.3ms] import logging, threading
[   16.0ms] import app_setting_data
[   16.5ms] automation.BomAutomation deferred (lazy import)
[  262.4ms] import ui_setting
[  262.7ms] import wf_log

============================================================
STARTUP PROFILING (Real-time)
============================================================
[    0.0ms] Script start
[    6.7ms] multiprocessing.freeze_support()
[    7.1ms] sys.path setup complete
[    7.5ms] import tkinter
[    7.8ms] import tkinter.ttk, messagebox
[    8.1ms] import datetime
[    8.5ms] pyautogui deferred (lazy import)
[   11.3ms] import filedialog, Path
[   11.7ms] import logging, threading
[   13.2ms] import app_setting_data
[   13.5ms] automation.BomAutomation deferred (lazy import)
[  244.0ms] import ui_setting
[  244.3ms] import wf_log

============================================================
STARTUP PROFILING (Real-time)
============================================================
[    0.0ms] Script start
[    5.0ms] multiprocessing.freeze_support()
[    5.5ms] sys.path setup complete
[    5.8ms] import tkinter
[    6.0ms] import tkinter.ttk, messagebox
[    6.5ms] import datetime
[    6.9ms] pyautogui deferred (lazy import)
[   11.4ms] import filedialog, Path
[   12.3ms] import logging, threading
[   13.5ms] import app_setting_data
[   13.8ms] automation.BomAutomation deferred (lazy import)
[  198.9ms] import ui_setting
[  199.2ms] import wf_log

============================================================
STARTUP PROFILING (Real-time)
============================================================
[    0.0ms] Script start
[    7.4ms] multiprocessing.freeze_support()
[    8.0ms] sys.path setup complete
[    8.4ms] import tkinter
[    8.7ms] import tkinter.ttk, messagebox
[    9.3ms] import datetime
[    9.7ms] pyautogui deferred (lazy import)
[   14.3ms] import filedialog, Path
[   15.1ms] import logging, threading
[   16.3ms] import app_setting_data
[   16.5ms] automation.BomAutomation deferred (lazy import)
[  301.0ms] import ui_setting
[  301.3ms] import wf_log

============================================================
STARTUP PROFILING (Real-time)
============================================================
[    0.0ms] Script start
[    4.1ms] multiprocessing.freeze_support()
[    4.4ms] sys.path setup complete
[    4.7ms] import tkinter
[    5.1ms] import tkinter.ttk, messagebox
[    5.4ms] import datetime
[    5.8ms] pyautogui deferred (lazy import)
[    8.3ms] import filedialog, Path
[    8.6ms] import logging, threading
[    9.4ms] import app_setting_data
[    9.6ms] automation.BomAutomation deferred (lazy import)
[  201.7ms] import ui_setting
[  202.0ms] import wf_log

============================================================
STARTUP PROFILING (Real-time)
============================================================
[    0.0ms] Script start
[   40.1ms] multiprocessing.freeze_support()
[   48.9ms] sys.path setup complete
[   54.1ms] import tkinter
[   61.7ms] import tkinter.ttk, messagebox
[   69.8ms] import datetime
[   78.4ms] pyautogui deferred (lazy import)
[  180.0ms] import filedialog, Path
[  185.1ms] import logging, threading
[  195.6ms] import app_setting_data
[  200.2ms] automation.BomAutomation deferred (lazy import)
[  613.1ms] import ui_setting
[  621.2ms] import wf_log

============================================================
STARTUP PROFILING (Real-time)
============================================================
[    0.0ms] Script start
[    3.5ms] multiprocessing.freeze_support()
[    3.8ms] sys.path setup complete
[    4.1ms] import tkinter
[    4.8ms] import tkinter.ttk, messagebox
[    5.0ms] import datetime
[    5.5ms] pyautogui deferred (lazy import)
[    7.9ms] import filedialog, Path
[    8.2ms] import logging, threading
[    9.2ms] import app_setting_data
[    9.5ms] automation.BomAutomation deferred (lazy import)
[  234.1ms] import ui_setting
[  234.5ms] import wf_log

============================================================
STARTUP PROFILING (Real-time)
============================================================
[    0.0ms] Script start
[    6.0ms] multiprocessing.freeze_support()
[    6.4ms] sys.path setup complete
[    6.7ms] import tkinter
[    7.2ms] import tkinter.ttk, messagebox
[    7.5ms] import datetime
[    8.0ms] pyautogui deferred (lazy import)
[   11.1ms] import filedialog, Path
[   11.4ms] import logging, threading
[   13.0ms] import app_setting_data
[   13.2ms] automation.BomAutomation deferred (lazy import)
[  279.2ms] import ui_setting
[  279.5ms] import wf_log

============================================================
STARTUP PROFILING (Real-time)
============================================================
[    0.0ms] Script start
[    5.5ms] multiprocessing.freeze_support()
[    6.1ms] sys.path setup complete
[    6.3ms] import tkinter
[    6.6ms] import tkinter.ttk, messagebox
[    6.9ms] import datetime
[    7.1ms] pyautogui deferred (lazy import)
[    9.4ms] import filedialog, Path
[    9.7ms] import logging, threading
[   10.6ms] import app_setting_data
[   10.8ms] automation.BomAutomation deferred (lazy import)
[  227.5ms] import ui_setting
[  227.8ms] import wf_log

============================================================
STARTUP PROFILING (Real-time)
============================================================
[    0.0ms] Script start
[    3.2ms] multiprocessing.freeze_support()
[    3.5ms] sys.path setup complete
[    3.8ms] import tkinter
[    4.0ms] import tkinter.ttk, messagebox
[    4.2ms] import datetime
[    4.4ms] pyautogui deferred (lazy import)
[    6.3ms] import filedialog, Path
[    6.5ms] import logging, threading
[    7.4ms] import app_setting_data
[    7.6ms] automation.BomAutomation deferred (lazy import)
[  201.5ms] import ui_setting
[  201.8ms] import wf_log

============================================================
STARTUP PROFILING (Real-time)
============================================================
[    0.0ms] Script start
[    3.1ms] multiprocessing.freeze_support()
[    3.4ms] sys.path setup complete
[    3.7ms] import tkinter
[    4.0ms] import tkinter.ttk, messagebox
[    4.2ms] import datetime
[    4.7ms] pyautogui deferred (lazy import)
[    7.0ms] import filedialog, Path
[    7.2ms] import logging, threading
[    8.1ms] import app_setting_data
[    8.3ms] automation.BomAutomation deferred (lazy import)
[  183.6ms] import ui_setting
[  183.9ms] import wf_log

============================================================
STARTUP PROFILING (Real-time)
============================================================
[    0.0ms] Script start
[    4.3ms] multiprocessing.freeze_support()
[    4.7ms] sys.path setup complete
[    4.9ms] import tkinter
[    5.5ms] import tkinter.ttk, messagebox
[    5.9ms] import datetime
[    6.4ms] pyautogui deferred (lazy import)
[    9.2ms] import filedialog, Path
[    9.5ms] import logging, threading
[   11.6ms] import app_setting_data
[   11.9ms] automation.BomAutomation deferred (lazy import)
[  202.3ms] import ui_setting
[  202.6ms] import wf_log

============================================================
STARTUP PROFILING (Real-time)
============================================================
[    0.0ms] Script start
[    3.5ms] multiprocessing.freeze_support()
[    3.8ms] sys.path setup complete
[    4.0ms] import tkinter
[    4.3ms] import tkinter.ttk, messagebox
[    4.5ms] import datetime
[    5.1ms] pyautogui deferred (lazy import)
[    7.5ms] import filedialog, Path
[    7.7ms] import logging, threading
[    8.6ms] import app_setting_data
[    8.9ms] automation.BomAutomation deferred (lazy import)
[  228.0ms] import ui_setting
[  228.3ms] import wf_log

============================================================
STARTUP PROFILING (Real-time)
============================================================
[    0.0ms] Script start
[    3.9ms] multiprocessing.freeze_support()
[    4.2ms] sys.path setup complete
[    4.5ms] import tkinter
[    5.0ms] import tkinter.ttk, messagebox
[    5.7ms] import datetime
[    6.2ms] pyautogui deferred (lazy import)
[    8.4ms] import filedialog, Path
[    8.7ms] import logging, threading
[   10.1ms] import app_setting_data
[   10.4ms] automation.BomAutomation deferred (lazy import)
[  196.5ms] import ui_setting
[  196.9ms] import wf_log

============================================================
STARTUP PROFILING (Real-time)
============================================================
[    0.0ms] Script start
[    6.2ms] multiprocessing.freeze_support()
[    6.6ms] sys.path setup complete
[    6.9ms] import tkinter
[    7.2ms] import tkinter.ttk, messagebox
[    7.4ms] import datetime
[    7.6ms] pyautogui deferred (lazy import)
[   10.1ms] import filedialog, Path
[   10.3ms] import logging, threading
[   11.4ms] import app_setting_data
[   11.6ms] automation.BomAutomation deferred (lazy import)
[  236.1ms] import ui_setting
[  237.3ms] import wf_log

============================================================
STARTUP PROFILING (Real-time)
============================================================
[    0.0ms] Script start
[    4.8ms] multiprocessing.freeze_support()
[    5.1ms] sys.path setup complete
[    5.4ms] import tkinter
[    5.9ms] import tkinter.ttk, messagebox
[    6.3ms] import datetime
[    6.7ms] pyautogui deferred (lazy import)
[    9.2ms] import filedialog, Path
[    9.5ms] import logging, threading
[   10.7ms] import app_setting_data
[   10.9ms] automation.BomAutomation deferred (lazy import)
[  226.6ms] import ui_setting
[  226.9ms] import wf_log

============================================================
STARTUP PROFILING (Real-time)
============================================================
[    0.0ms] Script start
[    6.2ms] multiprocessing.freeze_support()
[    6.7ms] sys.path setup complete
[    7.0ms] import tkinter
[    7.3ms] import tkinter.ttk, messagebox
[    7.6ms] import datetime
[    7.9ms] pyautogui deferred (lazy import)
[   11.0ms] import filedialog, Path
[   11.4ms] import logging, threading
[   12.8ms] import app_setting_data
[   13.0ms] automation.BomAutomation deferred (lazy import)
[  232.2ms] import ui_setting
[  232.5ms] import wf_log

============================================================
STARTUP PROFILING (Real-time)
============================================================
[    0.0ms] Script start
[    3.3ms] multiprocessing.freeze_support()
[    3.6ms] sys.path setup complete
[    3.9ms] import tkinter
[    4.1ms] import tkinter.ttk, messagebox
[    4.3ms] import datetime
[    4.8ms] pyautogui deferred (lazy import)
[    8.5ms] import filedialog, Path
[    8.8ms] import logging, threading
[    9.9ms] import app_setting_data
[   10.1ms] automation.BomAutomation deferred (lazy import)
[  218.2ms] import ui_setting
[  218.6ms] import wf_log

============================================================
STARTUP PROFILING (Real-time)
============================================================
[    0.0ms] Script start
[    5.0ms] multiprocessing.freeze_support()
[    5.5ms] sys.path setup complete
[    5.8ms] import tkinter
[    6.1ms] import tkinter.ttk, messagebox
[    6.5ms] import datetime
[    6.9ms] pyautogui deferred (lazy import)
[    9.5ms] import filedialog, Path
[    9.9ms] import logging, threading
[   11.4ms] import app_setting_data
[   11.7ms] automation.BomAutomation deferred (lazy import)
[  263.1ms] import ui_setting
[  263.4ms] import wf_log

============================================================
STARTUP PROFILING (Real-time)
============================================================
[    0.0ms] Script start
[    4.0ms] multiprocessing.freeze_support()
[    4.3ms] sys.path setup complete
[    4.6ms] import tkinter
[    4.8ms] import tkinter.ttk, messagebox
[    5.0ms] import datetime
[    5.2ms] pyautogui deferred (lazy import)
[    7.5ms] import filedialog, Path
[    7.8ms] import logging, threading
[    9.1ms] import app_setting_data
[    9.3ms] automation.BomAutomation deferred (lazy import)
[  250.4ms] import ui_setting
[  250.8ms] import wf_log

============================================================
STARTUP PROFILING (Real-time)
============================================================
[    0.0ms] Script start
[    3.8ms] multiprocessing.freeze_support()
[    4.1ms] sys.path setup complete
[    4.3ms] import tkinter
[    4.8ms] import tkinter.ttk, messagebox
[    5.3ms] import datetime
[    5.7ms] pyautogui deferred (lazy import)
[    8.9ms] import filedialog, Path
[    9.4ms] import logging, threading
[   10.6ms] import app_setting_data
[   10.8ms] automation.BomAutomation deferred (lazy import)
[  226.9ms] import ui_setting
[  227.2ms] import wf_log

============================================================
STARTUP PROFILING (Real-time)
============================================================
[    0.0ms] Script start
[    4.2ms] multiprocessing.freeze_support()
[    4.5ms] sys.path setup complete
[    4.8ms] import tkinter
[    5.4ms] import tkinter.ttk, messagebox
[    5.7ms] import datetime
[    6.2ms] pyautogui deferred (lazy import)
[   10.0ms] import filedialog, Path
[   10.3ms] import logging, threading
[   11.3ms] import app_setting_data
[   11.5ms] automation.BomAutomation deferred (lazy import)
[  200.0ms] import ui_setting
[  200.3ms] import wf_log

============================================================
STARTUP PROFILING (Real-time)
============================================================
[    0.0ms] Script start
[    3.6ms] multiprocessing.freeze_support()
[    3.9ms] sys.path setup complete
[    4.2ms] import tkinter
[    4.8ms] import tkinter.ttk, messagebox
[    5.2ms] import datetime
[    5.8ms] pyautogui deferred (lazy import)
[    8.6ms] import filedialog, Path
[    8.8ms] import logging, threading
[   10.0ms] import app_setting_data
[   10.3ms] automation.BomAutomation deferred (lazy import)
[  231.3ms] import ui_setting
[  231.6ms] import wf_log

============================================================
STARTUP PROFILING (Real-time)
============================================================
[    0.0ms] Script start
[    4.0ms] multiprocessing.freeze_support()
[    4.4ms] sys.path setup complete
[    4.7ms] import tkinter
[    5.1ms] import tkinter.ttk, messagebox
[    5.6ms] import datetime
[    5.9ms] pyautogui deferred (lazy import)
[    9.1ms] import filedialog, Path
[    9.3ms] import logging, threading
[   10.4ms] import app_setting_data
[   10.7ms] automation.BomAutomation deferred (lazy import)
[  294.0ms] import ui_setting
[  294.3ms] import wf_log

============================================================
STARTUP PROFILING (Real-time)
============================================================
[    0.0ms] Script start
[    4.0ms] multiprocessing.freeze_support()
[    4.4ms] sys.path setup complete
[    4.6ms] import tkinter
[    5.0ms] import tkinter.ttk, messagebox
[    5.5ms] import datetime
[    5.9ms] pyautogui deferred (lazy import)
[    8.5ms] import filedialog, Path
[    8.9ms] import logging, threading
[   10.4ms] import app_setting_data
[   10.7ms] automation.BomAutomation deferred (lazy import)
[  211.3ms] import ui_setting
[  211.7ms] import wf_log

============================================================
STARTUP PROFILING (Real-time)
============================================================
[    0.0ms] Script start
[    4.0ms] multiprocessing.freeze_support()
[    4.3ms] sys.path setup complete
[    4.7ms] import tkinter
[    5.2ms] import tkinter.ttk, messagebox
[    5.5ms] import datetime
[    5.7ms] pyautogui deferred (lazy import)
[    8.0ms] import filedialog, Path
[    8.3ms] import logging, threading
[    9.5ms] import app_setting_data
[    9.8ms] automation.BomAutomation deferred (lazy import)
[  223.5ms] import ui_setting
[  224.4ms] import wf_log

============================================================
STARTUP PROFILING (Real-time)
============================================================
[    0.0ms] Script start
[   21.4ms] multiprocessing.freeze_support()
[   32.2ms] sys.path setup complete
[   43.0ms] import tkinter
[   52.5ms] import tkinter.ttk, messagebox
[   61.8ms] import datetime
[   71.1ms] pyautogui deferred (lazy import)
[   87.0ms] import filedialog, Path
[   96.6ms] import logging, threading
[  124.5ms] import app_setting_data
[  133.6ms] automation.BomAutomation deferred (lazy import)
[  846.8ms] import ui_setting
[  857.2ms] import wf_log

============================================================
STARTUP PROFILING (Real-time)
============================================================
[    0.0ms] Script start
[    9.9ms] multiprocessing.freeze_support()
[   10.4ms] sys.path setup complete
[   11.0ms] import tkinter
[   12.5ms] import tkinter.ttk, messagebox
[   13.1ms] import datetime
[   14.1ms] pyautogui deferred (lazy import)
[   18.9ms] import filedialog, Path
[   19.4ms] import logging, threading
[   23.1ms] import app_setting_data
[   23.5ms] automation.BomAutomation deferred (lazy import)
[  315.1ms] import ui_setting
[  315.5ms] import wf_log

============================================================
STARTUP PROFILING (Real-time)
============================================================
[    0.0ms] Script start
[    6.2ms] multiprocessing.freeze_support()
[    6.7ms] sys.path setup complete
[    7.2ms] import tkinter
[    7.7ms] import tkinter.ttk, messagebox
[    8.2ms] import datetime
[    8.7ms] pyautogui deferred (lazy import)
[   13.0ms] import filedialog, Path
[   13.4ms] import logging, threading
[   15.3ms] import app_setting_data
[   15.8ms] automation.BomAutomation deferred (lazy import)
[  327.0ms] import ui_setting
[  327.4ms] import wf_log

============================================================
STARTUP PROFILING (Real-time)
============================================================
[    0.0ms] Script start
[   12.1ms] multiprocessing.freeze_support()
[   12.9ms] sys.path setup complete
[   13.9ms] import tkinter
[   14.7ms] import tkinter.ttk, messagebox
[   15.9ms] import datetime
[   16.8ms] pyautogui deferred (lazy import)
[   23.2ms] import filedialog, Path
[   23.8ms] import logging, threading
[   26.9ms] import app_setting_data
[   27.7ms] automation.BomAutomation deferred (lazy import)
[  444.5ms] import ui_setting
[  445.2ms] import wf_log

============================================================
STARTUP PROFILING (Real-time)
============================================================
[    0.0ms] Script start
[    7.7ms] multiprocessing.freeze_support()
[    8.1ms] sys.path setup complete
[    8.8ms] import tkinter
[    9.3ms] import tkinter.ttk, messagebox
[    9.7ms] import datetime
[   10.4ms] pyautogui deferred (lazy import)
[   15.9ms] import filedialog, Path
[   16.5ms] import logging, threading
[   19.3ms] import app_setting_data
[   19.7ms] automation.BomAutomation deferred (lazy import)
[  355.8ms] import ui_setting
[  356.2ms] import wf_log

============================================================
STARTUP PROFILING (Real-time)
============================================================
[    0.0ms] Script start
[    6.2ms] multiprocessing.freeze_support()
[    6.7ms] sys.path setup complete
[    7.2ms] import tkinter
[    7.8ms] import tkinter.ttk, messagebox
[    8.2ms] import datetime
[    8.6ms] pyautogui deferred (lazy import)
[   12.9ms] import filedialog, Path
[   13.5ms] import logging, threading
[   15.6ms] import app_setting_data
[   16.1ms] automation.BomAutomation deferred (lazy import)
[  377.1ms] import ui_setting
[  377.9ms] import wf_log

============================================================
STARTUP PROFILING (Real-time)
============================================================
[    0.0ms] Script start
[    7.8ms] multiprocessing.freeze_support()
[    8.4ms] sys.path setup complete
[    9.0ms] import tkinter
[    9.7ms] import tkinter.ttk, messagebox
[   10.3ms] import datetime
[   10.8ms] pyautogui deferred (lazy import)
[   16.4ms] import filedialog, Path
[   17.4ms] import logging, threading
[   21.0ms] import app_setting_data
[   21.5ms] automation.BomAutomation deferred (lazy import)
[  407.9ms] import ui_setting
[  408.6ms] import wf_log

============================================================
STARTUP PROFILING (Real-time)
============================================================
[    0.0ms] Script start
[    6.5ms] multiprocessing.freeze_support()
[    7.1ms] sys.path setup complete
[    7.6ms] import tkinter
[    8.1ms] import tkinter.ttk, messagebox
[    8.7ms] import datetime
[    9.2ms] pyautogui deferred (lazy import)
[   12.6ms] import filedialog, Path
[   13.0ms] import logging, threading
[   14.9ms] import app_setting_data
[   15.2ms] automation.BomAutomation deferred (lazy import)
[  282.2ms] import ui_setting
[  282.6ms] import wf_log

============================================================
STARTUP PROFILING (Real-time)
============================================================
[    0.0ms] Script start
[    4.9ms] multiprocessing.freeze_support()
[    5.3ms] sys.path setup complete
[    5.7ms] import tkinter
[    6.0ms] import tkinter.ttk, messagebox
[    6.5ms] import datetime
[    6.8ms] pyautogui deferred (lazy import)
[   12.1ms] import filedialog, Path
[   12.8ms] import logging, threading
[   14.5ms] import app_setting_data
[   14.8ms] automation.BomAutomation deferred (lazy import)
[  318.2ms] import ui_setting
[  318.8ms] import wf_log

============================================================
STARTUP PROFILING (Real-time)
============================================================
[    0.0ms] Script start
[    8.1ms] multiprocessing.freeze_support()
[    8.6ms] sys.path setup complete
[    9.3ms] import tkinter
[   10.5ms] import tkinter.ttk, messagebox
[   12.1ms] import datetime
[   13.2ms] pyautogui deferred (lazy import)
[   20.0ms] import filedialog, Path
[   20.5ms] import logging, threading
[   23.2ms] import app_setting_data
[   23.7ms] automation.BomAutomation deferred (lazy import)
[  479.4ms] import ui_setting
[  479.8ms] import wf_log

============================================================
STARTUP PROFILING (Real-time)
============================================================
[    0.0ms] Script start
[    6.5ms] multiprocessing.freeze_support()
[    7.0ms] sys.path setup complete
[    9.3ms] import tkinter
[   10.2ms] import tkinter.ttk, messagebox
[   11.4ms] import datetime
[   12.1ms] pyautogui deferred (lazy import)
[   16.0ms] import filedialog, Path
[   16.3ms] import logging, threading
[   19.0ms] import app_setting_data
[   19.3ms] automation.BomAutomation deferred (lazy import)
[  677.3ms] import ui_setting
[  677.7ms] import wf_log

============================================================
STARTUP PROFILING (Real-time)
============================================================
[    0.0ms] Script start
[   13.3ms] multiprocessing.freeze_support()
[   14.2ms] sys.path setup complete
[   14.7ms] import tkinter
[   15.6ms] import tkinter.ttk, messagebox
[   16.8ms] import datetime
[   17.3ms] pyautogui deferred (lazy import)
[   23.8ms] import filedialog, Path
[   25.5ms] import logging, threading
[   38.9ms] import app_setting_data
[   39.8ms] automation.BomAutomation deferred (lazy import)
[  545.8ms] import ui_setting
[  546.2ms] import wf_log

============================================================
STARTUP PROFILING (Real-time)
============================================================
[    0.0ms] Script start
[    8.0ms] multiprocessing.freeze_support()
[    8.6ms] sys.path setup complete
[    9.3ms] import tkinter
[    9.7ms] import tkinter.ttk, messagebox
[   10.5ms] import datetime
[   10.9ms] pyautogui deferred (lazy import)
[   15.1ms] import filedialog, Path
[   15.5ms] import logging, threading
[   27.3ms] import app_setting_data
[   27.9ms] automation.BomAutomation deferred (lazy import)
[  626.4ms] import ui_setting
[  629.9ms] import wf_log

============================================================
STARTUP PROFILING (Real-time)
============================================================
[    0.0ms] Script start
[   23.1ms] multiprocessing.freeze_support()
[   33.1ms] sys.path setup complete
[   43.4ms] import tkinter
[   53.1ms] import tkinter.ttk, messagebox
[   63.3ms] import datetime
[   75.8ms] pyautogui deferred (lazy import)
[   98.1ms] import filedialog, Path
[  107.0ms] import logging, threading
[  124.7ms] import app_setting_data
[  133.7ms] automation.BomAutomation deferred (lazy import)
[  592.6ms] import ui_setting
[  602.0ms] import wf_log

============================================================
STARTUP PROFILING (Real-time)
============================================================
[    0.0ms] Script start
[    8.9ms] multiprocessing.freeze_support()
[   13.0ms] sys.path setup complete
[   13.4ms] import tkinter
[   14.1ms] import tkinter.ttk, messagebox
[   14.4ms] import datetime
[   15.1ms] pyautogui deferred (lazy import)
[   19.2ms] import filedialog, Path
[   19.9ms] import logging, threading
[   22.3ms] import app_setting_data
[   22.6ms] automation.BomAutomation deferred (lazy import)
[  315.8ms] import ui_setting
[  316.3ms] import wf_log

============================================================
STARTUP PROFILING (Real-time)
============================================================
[    0.0ms] Script start
[    5.1ms] multiprocessing.freeze_support()
[    5.4ms] sys.path setup complete
[    5.8ms] import tkinter
[    6.2ms] import tkinter.ttk, messagebox
[    6.6ms] import datetime
[    7.4ms] pyautogui deferred (lazy import)
[   11.8ms] import filedialog, Path
[   12.3ms] import logging, threading
[   14.0ms] import app_setting_data
[   14.3ms] automation.BomAutomation deferred (lazy import)
[  325.5ms] import ui_setting
[  326.2ms] import wf_log

============================================================
STARTUP PROFILING (Real-time)
============================================================
[    0.0ms] Script start
[   16.9ms] multiprocessing.freeze_support()
[   18.6ms] sys.path setup complete
[   21.3ms] import tkinter
[   22.6ms] import tkinter.ttk, messagebox
[   24.1ms] import datetime
[   26.8ms] pyautogui deferred (lazy import)
[   37.6ms] import filedialog, Path
[   40.0ms] import logging, threading
[   82.0ms] import app_setting_data
[   86.0ms] automation.BomAutomation deferred (lazy import)
[  849.9ms] import ui_setting
[  855.2ms] import wf_log

============================================================
STARTUP PROFILING (Real-time)
============================================================
[    0.0ms] Script start
[   11.2ms] multiprocessing.freeze_support()
[   12.1ms] sys.path setup complete
[   12.8ms] import tkinter
[   13.5ms] import tkinter.ttk, messagebox
[   14.0ms] import datetime
[   14.6ms] pyautogui deferred (lazy import)
[   19.6ms] import filedialog, Path
[   20.5ms] import logging, threading
[   23.1ms] import app_setting_data
[   23.6ms] automation.BomAutomation deferred (lazy import)
[  395.4ms] import ui_setting
[  396.5ms] import wf_log

============================================================
STARTUP PROFILING (Real-time)
============================================================
[    0.0ms] Script start
[    8.9ms] multiprocessing.freeze_support()
[    9.8ms] sys.path setup complete
[   10.4ms] import tkinter
[   11.0ms] import tkinter.ttk, messagebox
[   11.7ms] import datetime
[   12.4ms] pyautogui deferred (lazy import)
[   18.9ms] import filedialog, Path
[   19.5ms] import logging, threading
[   21.6ms] import app_setting_data
[   22.1ms] automation.BomAutomation deferred (lazy import)
[  482.1ms] import ui_setting
[  483.1ms] import wf_log

============================================================
STARTUP PROFILING (Real-time)
============================================================
[    0.0ms] Script start
[    5.9ms] multiprocessing.freeze_support()
[    6.6ms] sys.path setup complete
[    8.0ms] import tkinter
[    8.7ms] import tkinter.ttk, messagebox
[   10.1ms] import datetime
[   10.6ms] pyautogui deferred (lazy import)
[   15.9ms] import filedialog, Path
[   16.2ms] import logging, threading
[   18.1ms] import app_setting_data
[   18.6ms] automation.BomAutomation deferred (lazy import)
[  478.8ms] import ui_setting
[  479.6ms] import wf_log

============================================================
STARTUP PROFILING (Real-time)
============================================================
[    0.0ms] Script start
[   19.3ms] multiprocessing.freeze_support()
[   20.3ms] sys.path setup complete
[   21.7ms] import tkinter
[   22.6ms] import tkinter.ttk, messagebox
[   23.7ms] import datetime
[   24.5ms] pyautogui deferred (lazy import)
[   30.7ms] import filedialog, Path
[   31.6ms] import logging, threading
[   35.1ms] import app_setting_data
[   35.9ms] automation.BomAutomation deferred (lazy import)
[  578.7ms] import ui_setting
[  579.8ms] import wf_log

============================================================
STARTUP PROFILING (Real-time)
============================================================
[    0.0ms] Script start
[    7.8ms] multiprocessing.freeze_support()
[    8.3ms] sys.path setup complete
[    9.4ms] import tkinter
[    9.8ms] import tkinter.ttk, messagebox
[   10.5ms] import datetime
[   10.9ms] pyautogui deferred (lazy import)
[   14.3ms] import filedialog, Path
[   14.8ms] import logging, threading
[   17.5ms] import app_setting_data
[   18.0ms] automation.BomAutomation deferred (lazy import)
[  409.9ms] import ui_setting
[  410.5ms] import wf_log

============================================================
STARTUP PROFILING (Real-time)
============================================================
[    0.0ms] Script start
[    6.7ms] multiprocessing.freeze_support()
[    7.1ms] sys.path setup complete
[    8.0ms] import tkinter
[    9.2ms] import tkinter.ttk, messagebox
[    9.5ms] import datetime
[    9.8ms] pyautogui deferred (lazy import)
[   15.1ms] import filedialog, Path
[   15.5ms] import logging, threading
[   17.2ms] import app_setting_data
[   17.6ms] automation.BomAutomation deferred (lazy import)
[  395.6ms] import ui_setting
[  396.3ms] import wf_log

============================================================
STARTUP PROFILING (Real-time)
============================================================
[    0.0ms] Script start
[   11.9ms] multiprocessing.freeze_support()
[   12.6ms] sys.path setup complete
[   13.5ms] import tkinter
[   14.9ms] import tkinter.ttk, messagebox
[   16.0ms] import datetime
[   16.6ms] pyautogui deferred (lazy import)
[   23.2ms] import filedialog, Path
[   24.0ms] import logging, threading
[   26.5ms] import app_setting_data
[   26.9ms] automation.BomAutomation deferred (lazy import)
[  563.8ms] import ui_setting
[  567.9ms] import wf_log

============================================================
STARTUP PROFILING (Real-time)
============================================================
[    0.0ms] Script start
[    6.3ms] multiprocessing.freeze_support()
[    6.7ms] sys.path setup complete
[    7.4ms] import tkinter
[    8.2ms] import tkinter.ttk, messagebox
[    8.6ms] import datetime
[    9.0ms] pyautogui deferred (lazy import)
[   15.2ms] import filedialog, Path
[   15.9ms] import logging, threading
[   18.5ms] import app_setting_data
[   18.9ms] automation.BomAutomation deferred (lazy import)
[  429.7ms] import ui_setting
[  430.3ms] import wf_log

============================================================
STARTUP PROFILING (Real-time)
============================================================
[    0.0ms] Script start
[   11.1ms] multiprocessing.freeze_support()
[   11.9ms] sys.path setup complete
[   12.7ms] import tkinter
[   13.7ms] import tkinter.ttk, messagebox
[   14.3ms] import datetime
[   14.9ms] pyautogui deferred (lazy import)
[   20.8ms] import filedialog, Path
[   21.5ms] import logging, threading
[   26.1ms] import app_setting_data
[   26.9ms] automation.BomAutomation deferred (lazy import)
[  620.0ms] import ui_setting
[  620.5ms] import wf_log

============================================================
STARTUP PROFILING (Real-time)
============================================================
[    0.0ms] Script start
[    7.8ms] multiprocessing.freeze_support()
[    8.2ms] sys.path setup complete
[    8.6ms] import tkinter
[    9.5ms] import tkinter.ttk, messagebox
[   10.0ms] import datetime
[   10.6ms] pyautogui deferred (lazy import)
[   16.5ms] import filedialog, Path
[   16.9ms] import logging, threading
[   18.1ms] import app_setting_data
[   18.4ms] automation.BomAutomation deferred (lazy import)
[  444.0ms] import ui_setting
[  444.9ms] import wf_log

============================================================
STARTUP PROFILING (Real-time)
============================================================
[    0.0ms] Script start
[    9.7ms] multiprocessing.freeze_support()
[   10.3ms] sys.path setup complete
[   10.8ms] import tkinter
[   11.3ms] import tkinter.ttk, messagebox
[   11.7ms] import datetime
[   12.3ms] pyautogui deferred (lazy import)
[   18.3ms] import filedialog, Path
[   19.3ms] import logging, threading
[   21.9ms] import app_setting_data
[   22.5ms] automation.BomAutomation deferred (lazy import)
[  461.4ms] import ui_setting
[  462.3ms] import wf_log

============================================================
STARTUP PROFILING (Real-time)
============================================================
[    0.0ms] Script start
[    8.8ms] multiprocessing.freeze_support()
[    9.4ms] sys.path setup complete
[    9.9ms] import tkinter
[   10.4ms] import tkinter.ttk, messagebox
[   11.2ms] import datetime
[   11.7ms] pyautogui deferred (lazy import)
[   16.3ms] import filedialog, Path
[   16.8ms] import logging, threading
[   18.5ms] import app_setting_data
[   18.8ms] automation.BomAutomation deferred (lazy import)
[  455.8ms] import ui_setting
[  456.5ms] import wf_log

============================================================
STARTUP PROFILING (Real-time)
============================================================
[    0.0ms] Script start
[   11.8ms] multiprocessing.freeze_support()
[   12.7ms] sys.path setup complete
[   14.6ms] import tkinter
[   17.6ms] import tkinter.ttk, messagebox
[   19.2ms] import datetime
[   20.4ms] pyautogui deferred (lazy import)
[   27.8ms] import filedialog, Path
[   28.9ms] import logging, threading
[   51.5ms] import app_setting_data
[   53.1ms] automation.BomAutomation deferred (lazy import)
[  769.2ms] import ui_setting
[  770.8ms] import wf_log

============================================================
STARTUP PROFILING (Real-time)
============================================================
[    0.0ms] Script start
[    6.2ms] multiprocessing.freeze_support()
[    6.7ms] sys.path setup complete
[    7.2ms] import tkinter
[    7.6ms] import tkinter.ttk, messagebox
[    8.0ms] import datetime
[    8.5ms] pyautogui deferred (lazy import)
[   13.6ms] import filedialog, Path
[   13.9ms] import logging, threading
[   15.5ms] import app_setting_data
[   15.9ms] automation.BomAutomation deferred (lazy import)
[  297.2ms] import ui_setting
[  297.7ms] import wf_log

============================================================
STARTUP PROFILING (Real-time)
============================================================
[    0.0ms] Script start
[    4.4ms] multiprocessing.freeze_support()
[    4.7ms] sys.path setup complete
[    5.0ms] import tkinter
[    6.1ms] import tkinter.ttk, messagebox
[    7.5ms] import datetime
[    8.4ms] pyautogui deferred (lazy import)
[   13.6ms] import filedialog, Path
[   14.3ms] import logging, threading
[   17.0ms] import app_setting_data
[   17.3ms] automation.BomAutomation deferred (lazy import)
[  429.6ms] import ui_setting
[  430.4ms] import wf_log

============================================================
STARTUP PROFILING (Real-time)
============================================================
[    0.0ms] Script start
[    8.1ms] multiprocessing.freeze_support()
[    8.6ms] sys.path setup complete
[    9.3ms] import tkinter
[    9.9ms] import tkinter.ttk, messagebox
[   10.9ms] import datetime
[   11.5ms] pyautogui deferred (lazy import)
[   16.7ms] import filedialog, Path
[   17.2ms] import logging, threading
[   19.4ms] import app_setting_data
[   19.9ms] automation.BomAutomation deferred (lazy import)
[  368.1ms] import ui_setting
[  368.6ms] import wf_log

============================================================
STARTUP PROFILING (Real-time)
============================================================
[    0.0ms] Script start
[   28.5ms] multiprocessing.freeze_support()
[   38.1ms] sys.path setup complete
[   46.1ms] import tkinter
[   53.0ms] import tkinter.ttk, messagebox
[   59.9ms] import datetime
[   70.5ms] pyautogui deferred (lazy import)
[   96.1ms] import filedialog, Path
[  107.4ms] import logging, threading
[  145.4ms] import app_setting_data
[  160.7ms] automation.BomAutomation deferred (lazy import)
[  820.7ms] import ui_setting
[  828.3ms] import wf_log

============================================================
STARTUP PROFILING (Real-time)
============================================================
[    0.0ms] Script start
[    6.1ms] multiprocessing.freeze_support()
[    6.8ms] sys.path setup complete
[    7.3ms] import tkinter
[    7.7ms] import tkinter.ttk, messagebox
[    8.4ms] import datetime
[    8.9ms] pyautogui deferred (lazy import)
[   13.7ms] import filedialog, Path
[   15.0ms] import logging, threading
[   65.5ms] import app_setting_data
[   66.1ms] automation.BomAutomation deferred (lazy import)
[  475.5ms] import ui_setting
[  476.2ms] import wf_log

============================================================
STARTUP PROFILING (Real-time)
============================================================
[    0.0ms] Script start
[    5.8ms] multiprocessing.freeze_support()
[    6.2ms] sys.path setup complete
[    7.1ms] import tkinter
[    7.6ms] import tkinter.ttk, messagebox
[    8.0ms] import datetime
[    8.6ms] pyautogui deferred (lazy import)
[   15.1ms] import filedialog, Path
[   15.9ms] import logging, threading
[   18.2ms] import app_setting_data
[   18.9ms] automation.BomAutomation deferred (lazy import)
[  445.1ms] import ui_setting
[  445.7ms] import wf_log

============================================================
STARTUP PROFILING (Real-time)
============================================================
[    0.0ms] Script start
[    7.1ms] multiprocessing.freeze_support()
[    9.8ms] sys.path setup complete
[   10.2ms] import tkinter
[   10.6ms] import tkinter.ttk, messagebox
[   11.0ms] import datetime
[   11.5ms] pyautogui deferred (lazy import)
[   15.9ms] import filedialog, Path
[   16.3ms] import logging, threading
[   19.8ms] import app_setting_data
[   20.1ms] automation.BomAutomation deferred (lazy import)
[  306.4ms] import ui_setting
[  306.8ms] import wf_log

============================================================
STARTUP PROFILING (Real-time)
============================================================
[    0.0ms] Script start
[   10.6ms] multiprocessing.freeze_support()
[   12.3ms] sys.path setup complete
[   14.1ms] import tkinter
[   16.2ms] import tkinter.ttk, messagebox
[   17.8ms] import datetime
[   20.1ms] pyautogui deferred (lazy import)
[   29.4ms] import filedialog, Path
[   31.2ms] import logging, threading
[   36.3ms] import app_setting_data
[   38.8ms] automation.BomAutomation deferred (lazy import)
[  374.1ms] import ui_setting
[  374.6ms] import wf_log

============================================================
STARTUP PROFILING (Real-time)
============================================================
[    0.0ms] Script start
[    4.3ms] multiprocessing.freeze_support()
[    4.7ms] sys.path setup complete
[    5.3ms] import tkinter
[    5.9ms] import tkinter.ttk, messagebox
[    6.4ms] import datetime
[    6.8ms] pyautogui deferred (lazy import)
[   10.9ms] import filedialog, Path
[   11.2ms] import logging, threading
[   12.4ms] import app_setting_data
[   12.7ms] automation.BomAutomation deferred (lazy import)
[  424.9ms] import ui_setting
[  425.5ms] import wf_log

============================================================
STARTUP PROFILING (Real-time)
============================================================
[    0.0ms] Script start
[    4.1ms] multiprocessing.freeze_support()
[    4.5ms] sys.path setup complete
[    4.8ms] import tkinter
[    5.5ms] import tkinter.ttk, messagebox
[    5.8ms] import datetime
[    6.1ms] pyautogui deferred (lazy import)
[   11.8ms] import filedialog, Path
[   16.5ms] import logging, threading
[   18.3ms] import app_setting_data
[   18.6ms] automation.BomAutomation deferred (lazy import)
[  367.9ms] import ui_setting
[  368.6ms] import wf_log

============================================================
STARTUP PROFILING (Real-time)
============================================================
[    0.0ms] Script start
[   11.3ms] multiprocessing.freeze_support()
[   12.0ms] sys.path setup complete
[   12.7ms] import tkinter
[   13.2ms] import tkinter.ttk, messagebox
[   13.7ms] import datetime
[   14.2ms] pyautogui deferred (lazy import)
[   17.5ms] import filedialog, Path
[   17.8ms] import logging, threading
[   19.0ms] import app_setting_data
[   19.3ms] automation.BomAutomation deferred (lazy import)
[  332.7ms] import ui_setting
[  333.1ms] import wf_log

============================================================
STARTUP PROFILING (Real-time)
============================================================
[    0.0ms] Script start
[    9.2ms] multiprocessing.freeze_support()
[   10.2ms] sys.path setup complete
[   10.8ms] import tkinter
[   11.3ms] import tkinter.ttk, messagebox
[   12.9ms] import datetime
[   13.9ms] pyautogui deferred (lazy import)
[   18.2ms] import filedialog, Path
[   18.6ms] import logging, threading
[   21.0ms] import app_setting_data
[   21.8ms] automation.BomAutomation deferred (lazy import)
[  417.0ms] import ui_setting
[  417.6ms] import wf_log

============================================================
STARTUP PROFILING (Real-time)
============================================================
[    0.0ms] Script start
[    5.6ms] multiprocessing.freeze_support()
[    6.0ms] sys.path setup complete
[    6.3ms] import tkinter
[    6.9ms] import tkinter.ttk, messagebox
[    7.2ms] import datetime
[    7.6ms] pyautogui deferred (lazy import)
[   10.0ms] import filedialog, Path
[   10.3ms] import logging, threading
[   11.3ms] import app_setting_data
[   11.6ms] automation.BomAutomation deferred (lazy import)
[  315.6ms] import ui_setting
[  316.2ms] import wf_log

============================================================
STARTUP PROFILING (Real-time)
============================================================
[    0.0ms] Script start
[    7.2ms] multiprocessing.freeze_support()
[    7.6ms] sys.path setup complete
[    8.6ms] import tkinter
[   10.0ms] import tkinter.ttk, messagebox
[   11.5ms] import datetime
[   12.1ms] pyautogui deferred (lazy import)
[   16.6ms] import filedialog, Path
[   17.9ms] import logging, threading
[   20.2ms] import app_setting_data
[   23.0ms] automation.BomAutomation deferred (lazy import)
[  351.6ms] import ui_setting
[  352.1ms] import wf_log

============================================================
STARTUP PROFILING (Real-time)
============================================================
[    0.0ms] Script start
[   11.2ms] multiprocessing.freeze_support()
[   12.1ms] sys.path setup complete
[   13.2ms] import tkinter
[   14.2ms] import tkinter.ttk, messagebox
[   14.9ms] import datetime
[   15.5ms] pyautogui deferred (lazy import)
[   23.3ms] import filedialog, Path
[   23.9ms] import logging, threading
[   25.5ms] import app_setting_data
[   25.8ms] automation.BomAutomation deferred (lazy import)
[  415.8ms] import ui_setting
[  417.2ms] import wf_log

============================================================
STARTUP PROFILING (Real-time)
============================================================
[    0.0ms] Script start
[    6.6ms] multiprocessing.freeze_support()
[    7.0ms] sys.path setup complete
[    7.8ms] import tkinter
[    8.2ms] import tkinter.ttk, messagebox
[    8.6ms] import datetime
[    8.9ms] pyautogui deferred (lazy import)
[   13.1ms] import filedialog, Path
[   13.5ms] import logging, threading
[   15.0ms] import app_setting_data
[   15.3ms] automation.BomAutomation deferred (lazy import)
[  312.5ms] import ui_setting
[  313.0ms] import wf_log

============================================================
STARTUP PROFILING (Real-time)
============================================================
[    0.0ms] Script start
[    5.6ms] multiprocessing.freeze_support()
[    5.9ms] sys.path setup complete
[    6.5ms] import tkinter
[    7.0ms] import tkinter.ttk, messagebox
[    7.6ms] import datetime
[    8.3ms] pyautogui deferred (lazy import)
[   11.2ms] import filedialog, Path
[   11.5ms] import logging, threading
[   12.9ms] import app_setting_data
[   13.4ms] automation.BomAutomation deferred (lazy import)
[  342.9ms] import ui_setting
[  343.3ms] import wf_log

============================================================
STARTUP PROFILING (Real-time)
============================================================
[    0.0ms] Script start
[    8.6ms] multiprocessing.freeze_support()
[    9.3ms] sys.path setup complete
[    9.8ms] import tkinter
[   10.3ms] import tkinter.ttk, messagebox
[   11.1ms] import datetime
[   12.7ms] pyautogui deferred (lazy import)
[   18.0ms] import filedialog, Path
[   18.5ms] import logging, threading
[   35.0ms] import app_setting_data
[   36.6ms] automation.BomAutomation deferred (lazy import)
[  659.5ms] import ui_setting
[  660.3ms] import wf_log

============================================================
STARTUP PROFILING (Real-time)
============================================================
[    0.0ms] Script start
[    7.9ms] multiprocessing.freeze_support()
[    8.7ms] sys.path setup complete
[    9.3ms] import tkinter
[   10.2ms] import tkinter.ttk, messagebox
[   12.7ms] import datetime
[   13.4ms] pyautogui deferred (lazy import)
[   20.2ms] import filedialog, Path
[   20.6ms] import logging, threading
[   22.1ms] import app_setting_data
[   22.4ms] automation.BomAutomation deferred (lazy import)
[  415.0ms] import ui_setting
[  415.9ms] import wf_log

============================================================
STARTUP PROFILING (Real-time)
============================================================
[    0.0ms] Script start
[    8.6ms] multiprocessing.freeze_support()
[    9.0ms] sys.path setup complete
[    9.8ms] import tkinter
[   10.2ms] import tkinter.ttk, messagebox
[   12.3ms] import datetime
[   12.8ms] pyautogui deferred (lazy import)
[   16.4ms] import filedialog, Path
[   16.7ms] import logging, threading
[   19.2ms] import app_setting_data
[   20.0ms] automation.BomAutomation deferred (lazy import)
[  314.9ms] import ui_setting
[  315.3ms] import wf_log

============================================================
STARTUP PROFILING (Real-time)
============================================================
[    0.0ms] Script start
[    7.4ms] multiprocessing.freeze_support()
[    7.9ms] sys.path setup complete
[    8.3ms] import tkinter
[    9.0ms] import tkinter.ttk, messagebox
[    9.6ms] import datetime
[   10.6ms] pyautogui deferred (lazy import)
[   14.6ms] import filedialog, Path
[   15.0ms] import logging, threading
[   16.2ms] import app_setting_data
[   16.6ms] automation.BomAutomation deferred (lazy import)
[  368.4ms] import ui_setting
[  369.7ms] import wf_log

============================================================
STARTUP PROFILING (Real-time)
============================================================
[    0.0ms] Script start
[    4.3ms] multiprocessing.freeze_support()
[    4.6ms] sys.path setup complete
[    5.1ms] import tkinter
[    5.8ms] import tkinter.ttk, messagebox
[    6.1ms] import datetime
[    6.7ms] pyautogui deferred (lazy import)
[    9.4ms] import filedialog, Path
[    9.7ms] import logging, threading
[   10.8ms] import app_setting_data
[   11.1ms] automation.BomAutomation deferred (lazy import)
[  284.5ms] import ui_setting
[  284.9ms] import wf_log

============================================================
STARTUP PROFILING (Real-time)
============================================================
[    0.0ms] Script start
[    5.3ms] multiprocessing.freeze_support()
[    5.7ms] sys.path setup complete
[    6.0ms] import tkinter
[    6.8ms] import tkinter.ttk, messagebox
[    7.3ms] import datetime
[    7.7ms] pyautogui deferred (lazy import)
[   11.1ms] import filedialog, Path
[   11.4ms] import logging, threading
[   12.6ms] import app_setting_data
[   12.9ms] automation.BomAutomation deferred (lazy import)
[  255.2ms] import ui_setting
[  255.7ms] import wf_log

============================================================
STARTUP PROFILING (Real-time)
============================================================
[    0.0ms] Script start
[    7.9ms] multiprocessing.freeze_support()
[    8.5ms] sys.path setup complete
[    9.0ms] import tkinter
[   10.2ms] import tkinter.ttk, messagebox
[   12.0ms] import datetime
[   12.6ms] pyautogui deferred (lazy import)
[   16.1ms] import filedialog, Path
[   16.4ms] import logging, threading
[   18.2ms] import app_setting_data
[   18.5ms] automation.BomAutomation deferred (lazy import)
[  400.1ms] import ui_setting
[  400.6ms] import wf_log

============================================================
STARTUP PROFILING (Real-time)
============================================================
[    0.0ms] Script start
[    7.5ms] multiprocessing.freeze_support()
[    7.9ms] sys.path setup complete
[    9.0ms] import tkinter
[   10.9ms] import tkinter.ttk, messagebox
[   11.3ms] import datetime
[   13.3ms] pyautogui deferred (lazy import)
[   19.1ms] import filedialog, Path
[   19.6ms] import logging, threading
[   21.3ms] import app_setting_data
[   21.6ms] automation.BomAutomation deferred (lazy import)
[  293.7ms] import ui_setting
[  295.2ms] import wf_log

============================================================
STARTUP PROFILING (Real-time)
============================================================
[    0.0ms] Script start
[    6.5ms] multiprocessing.freeze_support()
[    7.0ms] sys.path setup complete
[    8.1ms] import tkinter
[    8.8ms] import tkinter.ttk, messagebox
[    9.6ms] import datetime
[   10.3ms] pyautogui deferred (lazy import)
[   13.7ms] import filedialog, Path
[   14.2ms] import logging, threading
[   16.0ms] import app_setting_data
[   16.4ms] automation.BomAutomation deferred (lazy import)
[  374.7ms] import ui_setting
[  375.3ms] import wf_log

============================================================
STARTUP PROFILING (Real-time)
============================================================
[    0.0ms] Script start
[    7.8ms] multiprocessing.freeze_support()
[    8.3ms] sys.path setup complete
[    8.7ms] import tkinter
[    9.4ms] import tkinter.ttk, messagebox
[   10.3ms] import datetime
[   11.3ms] pyautogui deferred (lazy import)
[   16.2ms] import filedialog, Path
[   16.7ms] import logging, threading
[   18.6ms] import app_setting_data
[   19.0ms] automation.BomAutomation deferred (lazy import)
[  377.8ms] import ui_setting
[  378.2ms] import wf_log

============================================================
STARTUP PROFILING (Real-time)
============================================================
[    0.0ms] Script start
[    8.4ms] multiprocessing.freeze_support()
[    8.9ms] sys.path setup complete
[    9.6ms] import tkinter
[   10.3ms] import tkinter.ttk, messagebox
[   11.1ms] import datetime
[   11.6ms] pyautogui deferred (lazy import)
[   16.3ms] import filedialog, Path
[   16.7ms] import logging, threading
[   19.1ms] import app_setting_data
[   19.7ms] automation.BomAutomation deferred (lazy import)
[  423.9ms] import ui_setting
[  424.6ms] import wf_log

============================================================
STARTUP PROFILING (Real-time)
============================================================
[    0.0ms] Script start
[    5.7ms] multiprocessing.freeze_support()
[    6.1ms] sys.path setup complete
[    6.6ms] import tkinter
[    7.3ms] import tkinter.ttk, messagebox
[    8.1ms] import datetime
[    8.6ms] pyautogui deferred (lazy import)
[   12.1ms] import filedialog, Path
[   12.5ms] import logging, threading
[   13.6ms] import app_setting_data
[   13.9ms] automation.BomAutomation deferred (lazy import)
[  304.8ms] import ui_setting
[  305.3ms] import wf_log

============================================================
STARTUP PROFILING (Real-time)
============================================================
[    0.0ms] Script start
[    5.5ms] multiprocessing.freeze_support()
[    5.9ms] sys.path setup complete
[    6.4ms] import tkinter
[    6.9ms] import tkinter.ttk, messagebox
[    7.3ms] import datetime
[    7.7ms] pyautogui deferred (lazy import)
[   10.9ms] import filedialog, Path
[   11.3ms] import logging, threading
[   13.0ms] import app_setting_data
[   13.5ms] automation.BomAutomation deferred (lazy import)
[  375.5ms] import ui_setting
[  375.9ms] import wf_log

============================================================
STARTUP PROFILING (Real-time)
============================================================
[    0.0ms] Script start
[    5.3ms] multiprocessing.freeze_support()
[    5.8ms] sys.path setup complete
[    6.2ms] import tkinter
[    6.8ms] import tkinter.ttk, messagebox
[    7.3ms] import datetime
[    7.6ms] pyautogui deferred (lazy import)
[   10.6ms] import filedialog, Path
[   11.0ms] import logging, threading
[   12.2ms] import app_setting_data
[   12.5ms] automation.BomAutomation deferred (lazy import)
[  291.7ms] import ui_setting
[  292.2ms] import wf_log

============================================================
STARTUP PROFILING (Real-time)
============================================================
[    0.0ms] Script start
[    4.8ms] multiprocessing.freeze_support()
[    5.1ms] sys.path setup complete
[    5.9ms] import tkinter
[    6.3ms] import tkinter.ttk, messagebox
[    6.7ms] import datetime
[    7.5ms] pyautogui deferred (lazy import)
[   12.2ms] import filedialog, Path
[   12.7ms] import logging, threading
[   14.4ms] import app_setting_data
[   14.7ms] automation.BomAutomation deferred (lazy import)
[  268.2ms] import ui_setting
[  268.6ms] import wf_log

============================================================
STARTUP PROFILING (Real-time)
============================================================
[    0.0ms] Script start
[    8.0ms] multiprocessing.freeze_support()
[    9.0ms] sys.path setup complete
[    9.8ms] import tkinter
[   10.4ms] import tkinter.ttk, messagebox
[   11.1ms] import datetime
[   11.8ms] pyautogui deferred (lazy import)
[   17.1ms] import filedialog, Path
[   17.6ms] import logging, threading
[   19.2ms] import app_setting_data
[   19.5ms] automation.BomAutomation deferred (lazy import)

============================================================
STARTUP PROFILING (Real-time)
============================================================
[    0.0ms] Script start
[    5.6ms] multiprocessing.freeze_support()
[    6.1ms] sys.path setup complete
[    6.5ms] import tkinter
[    6.7ms] import tkinter.ttk, messagebox
[    7.0ms] import datetime
[    7.3ms] pyautogui deferred (lazy import)
[    9.7ms] import filedialog, Path
[    9.9ms] import logging, threading
[   11.3ms] import app_setting_data
[   11.5ms] automation.BomAutomation deferred (lazy import)

============================================================
STARTUP PROFILING (Real-time)
============================================================
[    0.0ms] Script start
[    5.2ms] multiprocessing.freeze_support()
[    5.7ms] sys.path setup complete
[    6.3ms] import tkinter
[    6.7ms] import tkinter.ttk, messagebox
[    7.2ms] import datetime
[    7.9ms] pyautogui deferred (lazy import)
[   11.3ms] import filedialog, Path
[   11.6ms] import logging, threading
[   12.9ms] import app_setting_data
[   13.3ms] automation.BomAutomation deferred (lazy import)
[  355.0ms] import ui_setting
[  355.4ms] import wf_log

============================================================
STARTUP PROFILING (Real-time)
============================================================
[    0.0ms] Script start
[    8.2ms] multiprocessing.freeze_support()
[    8.7ms] sys.path setup complete
[    9.5ms] import tkinter
[   10.2ms] import tkinter.ttk, messagebox
[   10.8ms] import datetime
[   11.3ms] pyautogui deferred (lazy import)
[   15.5ms] import filedialog, Path
[   15.9ms] import logging, threading
[   18.4ms] import app_setting_data
[   19.1ms] automation.BomAutomation deferred (lazy import)
[  314.4ms] import ui_setting
[  314.7ms] import wf_log

============================================================
STARTUP PROFILING (Real-time)
============================================================
[    0.0ms] Script start
[   13.6ms] multiprocessing.freeze_support()
[   14.2ms] sys.path setup complete
[   15.0ms] import tkinter
[   16.4ms] import tkinter.ttk, messagebox
[   17.2ms] import datetime
[   19.6ms] pyautogui deferred (lazy import)
[   28.0ms] import filedialog, Path
[   28.4ms] import logging, threading
[   29.8ms] import app_setting_data
[   30.4ms] automation.BomAutomation deferred (lazy import)
[  414.9ms] import ui_setting
[  415.4ms] import wf_log

============================================================
STARTUP PROFILING (Real-time)
============================================================
[    0.0ms] Script start
[   10.0ms] multiprocessing.freeze_support()
[   10.9ms] sys.path setup complete
[   11.4ms] import tkinter
[   12.0ms] import tkinter.ttk, messagebox
[   12.6ms] import datetime
[   13.2ms] pyautogui deferred (lazy import)
[   17.9ms] import filedialog, Path
[   19.1ms] import logging, threading
[   21.2ms] import app_setting_data
[   21.8ms] automation.BomAutomation deferred (lazy import)
[  424.5ms] import ui_setting
[  425.1ms] import wf_log

============================================================
STARTUP PROFILING (Real-time)
============================================================
[    0.0ms] Script start
[   12.0ms] multiprocessing.freeze_support()
[   13.1ms] sys.path setup complete
[   13.8ms] import tkinter
[   14.5ms] import tkinter.ttk, messagebox
[   15.0ms] import datetime
[   15.6ms] pyautogui deferred (lazy import)
[   23.9ms] import filedialog, Path
[   24.8ms] import logging, threading
[   27.3ms] import app_setting_data
[   29.4ms] automation.BomAutomation deferred (lazy import)
[  410.8ms] import ui_setting
[  412.4ms] import wf_log

============================================================
STARTUP PROFILING (Real-time)
============================================================
[    0.0ms] Script start
[    8.3ms] multiprocessing.freeze_support()
[   10.8ms] sys.path setup complete
[   11.6ms] import tkinter
[   12.8ms] import tkinter.ttk, messagebox
[   13.9ms] import datetime
[   14.5ms] pyautogui deferred (lazy import)
[   18.2ms] import filedialog, Path
[   18.6ms] import logging, threading
[   20.7ms] import app_setting_data
[   22.0ms] automation.BomAutomation deferred (lazy import)
[  379.5ms] import ui_setting
[  380.3ms] import wf_log

============================================================
STARTUP PROFILING (Real-time)
============================================================
[    0.0ms] Script start
[    7.7ms] multiprocessing.freeze_support()
[    8.6ms] sys.path setup complete
[    9.3ms] import tkinter
[   10.0ms] import tkinter.ttk, messagebox
[   10.6ms] import datetime
[   11.2ms] pyautogui deferred (lazy import)
[   15.0ms] import filedialog, Path
[   15.4ms] import logging, threading
[   17.0ms] import app_setting_data
[   17.4ms] automation.BomAutomation deferred (lazy import)
[  494.5ms] import ui_setting
[  495.0ms] import wf_log

============================================================
STARTUP PROFILING (Real-time)
============================================================
[    0.0ms] Script start
[   11.1ms] multiprocessing.freeze_support()
[   16.5ms] sys.path setup complete
[   21.8ms] import tkinter
[   27.0ms] import tkinter.ttk, messagebox
[   32.3ms] import datetime
[   37.9ms] pyautogui deferred (lazy import)
[   45.4ms] import filedialog, Path
[   54.4ms] import logging, threading
[   62.3ms] import app_setting_data
[   70.7ms] automation.BomAutomation deferred (lazy import)
[  264.9ms] import ui_setting
[  270.6ms] import wf_log

============================================================
STARTUP PROFILING (Real-time)
============================================================
[    0.0ms] Script start
[    4.4ms] multiprocessing.freeze_support()
[    4.7ms] sys.path setup complete
[    5.0ms] import tkinter
[    5.2ms] import tkinter.ttk, messagebox
[    5.5ms] import datetime
[    5.7ms] pyautogui deferred (lazy import)
[    7.7ms] import filedialog, Path
[    7.9ms] import logging, threading
[    8.8ms] import app_setting_data
[    9.1ms] automation.BomAutomation deferred (lazy import)
[  234.3ms] import ui_setting
[  234.6ms] import wf_log

============================================================
STARTUP PROFILING (Real-time)
============================================================
[    0.0ms] Script start
[    4.4ms] multiprocessing.freeze_support()
[    5.0ms] sys.path setup complete
[    5.4ms] import tkinter
[    5.6ms] import tkinter.ttk, messagebox
[    6.0ms] import datetime
[    6.3ms] pyautogui deferred (lazy import)
[    9.4ms] import filedialog, Path
[    9.8ms] import logging, threading
[   11.1ms] import app_setting_data
[   11.3ms] automation.BomAutomation deferred (lazy import)
[  254.9ms] import ui_setting
[  255.3ms] import wf_log

============================================================
STARTUP PROFILING (Real-time)
============================================================
[    0.0ms] Script start
[    3.4ms] multiprocessing.freeze_support()
[    3.7ms] sys.path setup complete
[    4.5ms] import tkinter
[    4.8ms] import tkinter.ttk, messagebox
[    5.2ms] import datetime
[    5.9ms] pyautogui deferred (lazy import)
[    8.2ms] import filedialog, Path
[    8.5ms] import logging, threading
[    9.4ms] import app_setting_data
[    9.7ms] automation.BomAutomation deferred (lazy import)
[  195.0ms] import ui_setting
[  195.4ms] import wf_log

============================================================
STARTUP PROFILING (Real-time)
============================================================
[    0.0ms] Script start
[    5.4ms] multiprocessing.freeze_support()
[    5.9ms] sys.path setup complete
[    6.5ms] import tkinter
[    6.8ms] import tkinter.ttk, messagebox
[    7.2ms] import datetime
[    7.6ms] pyautogui deferred (lazy import)
[   10.1ms] import filedialog, Path
[   10.4ms] import logging, threading
[   11.3ms] import app_setting_data
[   11.6ms] automation.BomAutomation deferred (lazy import)
[  217.9ms] import ui_setting
[  218.3ms] import wf_log

============================================================
STARTUP PROFILING (Real-time)
============================================================
[    0.0ms] Script start
[    3.7ms] multiprocessing.freeze_support()
[    4.1ms] sys.path setup complete
[    4.5ms] import tkinter
[    4.8ms] import tkinter.ttk, messagebox
[    5.0ms] import datetime
[    5.3ms] pyautogui deferred (lazy import)
[    8.2ms] import filedialog, Path
[    8.5ms] import logging, threading
[    9.6ms] import app_setting_data
[    9.8ms] automation.BomAutomation deferred (lazy import)
[  211.0ms] import ui_setting
[  211.4ms] import wf_log

============================================================
STARTUP PROFILING (Real-time)
============================================================
[    0.0ms] Script start
[    3.7ms] multiprocessing.freeze_support()
[    4.0ms] sys.path setup complete
[    4.3ms] import tkinter
[    4.6ms] import tkinter.ttk, messagebox
[    4.8ms] import datetime
[    5.0ms] pyautogui deferred (lazy import)
[    7.2ms] import filedialog, Path
[    7.4ms] import logging, threading
[    8.5ms] import app_setting_data
[    8.7ms] automation.BomAutomation deferred (lazy import)
[  180.0ms] import ui_setting
[  180.3ms] import wf_log

============================================================
STARTUP PROFILING (Real-time)
============================================================
[    0.0ms] Script start
[    3.3ms] multiprocessing.freeze_support()
[    3.5ms] sys.path setup complete
[    3.8ms] import tkinter
[    4.2ms] import tkinter.ttk, messagebox
[    4.5ms] import datetime
[    4.7ms] pyautogui deferred (lazy import)
[    6.9ms] import filedialog, Path
[    7.2ms] import logging, threading
[    8.1ms] import app_setting_data
[    8.3ms] automation.BomAutomation deferred (lazy import)
[  235.9ms] import ui_setting
[  236.2ms] import wf_log

============================================================
STARTUP PROFILING (Real-time)
============================================================
[    0.0ms] Script start
[    4.0ms] multiprocessing.freeze_support()
[    4.3ms] sys.path setup complete
[    4.8ms] import tkinter
[    5.0ms] import tkinter.ttk, messagebox
[    5.4ms] import datetime
[    5.7ms] pyautogui deferred (lazy import)
[    8.0ms] import filedialog, Path
[    8.2ms] import logging, threading
[    9.2ms] import app_setting_data
[    9.4ms] automation.BomAutomation deferred (lazy import)
[  250.6ms] import ui_setting
[  250.9ms] import wf_log

============================================================
STARTUP PROFILING (Real-time)
============================================================
[    0.0ms] Script start
[    4.5ms] multiprocessing.freeze_support()
[    4.9ms] sys.path setup complete
[    5.2ms] import tkinter
[    5.6ms] import tkinter.ttk, messagebox
[    6.0ms] import datetime
[    6.4ms] pyautogui deferred (lazy import)
[    9.7ms] import filedialog, Path
[   10.1ms] import logging, threading
[   11.4ms] import app_setting_data
[   11.6ms] automation.BomAutomation deferred (lazy import)
[  223.3ms] import ui_setting
[  223.6ms] import wf_log

============================================================
STARTUP PROFILING (Real-time)
============================================================
[    0.0ms] Script start
[    3.8ms] multiprocessing.freeze_support()
[    4.0ms] sys.path setup complete
[    4.3ms] import tkinter
[    4.5ms] import tkinter.ttk, messagebox
[    4.7ms] import datetime
[    4.9ms] pyautogui deferred (lazy import)
[    7.0ms] import filedialog, Path
[    7.3ms] import logging, threading
[    8.2ms] import app_setting_data
[    8.4ms] automation.BomAutomation deferred (lazy import)
[  196.6ms] import ui_setting
[  196.9ms] import wf_log

============================================================
STARTUP PROFILING (Real-time)
============================================================
[    0.0ms] Script start
[    3.9ms] multiprocessing.freeze_support()
[    4.2ms] sys.path setup complete
[    4.5ms] import tkinter
[    4.7ms] import tkinter.ttk, messagebox
[    4.9ms] import datetime
[    5.2ms] pyautogui deferred (lazy import)
[    7.6ms] import filedialog, Path
[    7.9ms] import logging, threading
[    9.0ms] import app_setting_data
[    9.2ms] automation.BomAutomation deferred (lazy import)
[  183.1ms] import ui_setting
[  183.4ms] import wf_log

============================================================
STARTUP PROFILING (Real-time)
============================================================
[    0.0ms] Script start
[    3.9ms] multiprocessing.freeze_support()
[    4.1ms] sys.path setup complete
[    4.4ms] import tkinter
[    4.6ms] import tkinter.ttk, messagebox
[    5.1ms] import datetime
[    5.6ms] pyautogui deferred (lazy import)
[   10.6ms] import filedialog, Path
[   10.9ms] import logging, threading
[   11.9ms] import app_setting_data
[   12.2ms] automation.BomAutomation deferred (lazy import)
[  241.9ms] import ui_setting
[  242.6ms] import wf_log

============================================================
STARTUP PROFILING (Real-time)
============================================================
[    0.0ms] Script start
[    3.5ms] multiprocessing.freeze_support()
[    3.8ms] sys.path setup complete
[    4.1ms] import tkinter
[    4.4ms] import tkinter.ttk, messagebox
[    4.7ms] import datetime
[    5.2ms] pyautogui deferred (lazy import)
[    7.7ms] import filedialog, Path
[    7.9ms] import logging, threading
[    9.2ms] import app_setting_data
[    9.4ms] automation.BomAutomation deferred (lazy import)
[  170.5ms] import ui_setting
[  170.8ms] import wf_log

============================================================
STARTUP PROFILING (Real-time)
============================================================
[    0.0ms] Script start
[    3.1ms] multiprocessing.freeze_support()
[    3.4ms] sys.path setup complete
[    3.6ms] import tkinter
[    3.8ms] import tkinter.ttk, messagebox
[    4.0ms] import datetime
[    4.3ms] pyautogui deferred (lazy import)
[    6.7ms] import filedialog, Path
[    6.9ms] import logging, threading
[    8.3ms] import app_setting_data
[    8.5ms] automation.BomAutomation deferred (lazy import)
[  217.9ms] import ui_setting
[  218.3ms] import wf_log

============================================================
STARTUP PROFILING (Real-time)
============================================================
[    0.0ms] Script start
[    4.3ms] multiprocessing.freeze_support()
[    4.8ms] sys.path setup complete
[    5.2ms] import tkinter
[    5.8ms] import tkinter.ttk, messagebox
[    6.1ms] import datetime
[    6.3ms] pyautogui deferred (lazy import)
[    8.7ms] import filedialog, Path
[    9.1ms] import logging, threading
[   10.1ms] import app_setting_data
[   10.4ms] automation.BomAutomation deferred (lazy import)
[  247.1ms] import ui_setting
[  247.4ms] import wf_log

============================================================
STARTUP PROFILING (Real-time)
============================================================
[    0.0ms] Script start
[    3.0ms] multiprocessing.freeze_support()
[    3.3ms] sys.path setup complete
[    3.5ms] import tkinter
[    4.0ms] import tkinter.ttk, messagebox
[    4.4ms] import datetime
[    4.8ms] pyautogui deferred (lazy import)
[    7.0ms] import filedialog, Path
[    7.3ms] import logging, threading
[    8.4ms] import app_setting_data
[    8.6ms] automation.BomAutomation deferred (lazy import)
[  193.4ms] import ui_setting
[  193.7ms] import wf_log

============================================================
STARTUP PROFILING (Real-time)
============================================================
[    0.0ms] Script start
[    3.8ms] multiprocessing.freeze_support()
[    4.1ms] sys.path setup complete
[    4.5ms] import tkinter
[    4.8ms] import tkinter.ttk, messagebox
[    5.1ms] import datetime
[    5.4ms] pyautogui deferred (lazy import)
[    7.9ms] import filedialog, Path
[    8.2ms] import logging, threading
[    9.1ms] import app_setting_data
[    9.4ms] automation.BomAutomation deferred (lazy import)
[  229.6ms] import ui_setting
[  230.0ms] import wf_log

============================================================
STARTUP PROFILING (Real-time)
============================================================
[    0.0ms] Script start
[    4.4ms] multiprocessing.freeze_support()
[    4.9ms] sys.path setup complete
[    5.2ms] import tkinter
[    5.4ms] import tkinter.ttk, messagebox
[    5.7ms] import datetime
[    5.9ms] pyautogui deferred (lazy import)
[    8.7ms] import filedialog, Path
[    9.1ms] import logging, threading
[   10.4ms] import app_setting_data
[   10.7ms] automation.BomAutomation deferred (lazy import)
[  230.3ms] import ui_setting
[  230.7ms] import wf_log

============================================================
STARTUP PROFILING (Real-time)
============================================================
[    0.0ms] Script start
[    4.1ms] multiprocessing.freeze_support()
[    4.4ms] sys.path setup complete
[    4.8ms] import tkinter
[    5.1ms] import tkinter.ttk, messagebox
[    5.3ms] import datetime
[    5.5ms] pyautogui deferred (lazy import)
[    7.7ms] import filedialog, Path
[    7.9ms] import logging, threading
[    8.9ms] import app_setting_data
[    9.2ms] automation.BomAutomation deferred (lazy import)
[  217.9ms] import ui_setting
[  218.2ms] import wf_log

============================================================
STARTUP PROFILING (Real-time)
============================================================
[    0.0ms] Script start
[    3.7ms] multiprocessing.freeze_support()
[    4.1ms] sys.path setup complete
[    4.4ms] import tkinter
[    4.7ms] import tkinter.ttk, messagebox
[    4.9ms] import datetime
[    5.2ms] pyautogui deferred (lazy import)
[    7.3ms] import filedialog, Path
[    7.6ms] import logging, threading
[    8.6ms] import app_setting_data
[    8.8ms] automation.BomAutomation deferred (lazy import)
[  227.3ms] import ui_setting
[  227.6ms] import wf_log

============================================================
STARTUP PROFILING (Real-time)
============================================================
[    0.0ms] Script start
[    5.5ms] multiprocessing.freeze_support()
[    5.8ms] sys.path setup complete
[    6.2ms] import tkinter
[    6.4ms] import tkinter.ttk, messagebox
[    6.6ms] import datetime
[    6.8ms] pyautogui deferred (lazy import)
[    9.0ms] import filedialog, Path
[    9.3ms] import logging, threading
[   10.3ms] import app_setting_data
[   10.6ms] automation.BomAutomation deferred (lazy import)
[  200.5ms] import ui_setting
[  200.9ms] import wf_log

============================================================
STARTUP PROFILING (Real-time)
============================================================
[    0.0ms] Script start
[    4.7ms] multiprocessing.freeze_support()
[    5.1ms] sys.path setup complete
[    5.7ms] import tkinter
[    5.9ms] import tkinter.ttk, messagebox
[    6.3ms] import datetime
[    6.5ms] pyautogui deferred (lazy import)
[    9.3ms] import filedialog, Path
[    9.6ms] import logging, threading
[   10.9ms] import app_setting_data
[   11.2ms] automation.BomAutomation deferred (lazy import)
[  214.1ms] import ui_setting
[  214.4ms] import wf_log

============================================================
STARTUP PROFILING (Real-time)
============================================================
[    0.0ms] Script start
[    3.4ms] multiprocessing.freeze_support()
[    3.7ms] sys.path setup complete
[    4.1ms] import tkinter
[    4.3ms] import tkinter.ttk, messagebox
[    4.6ms] import datetime
[    5.0ms] pyautogui deferred (lazy import)
[    7.2ms] import filedialog, Path
[    7.5ms] import logging, threading
[    8.5ms] import app_setting_data
[    8.7ms] automation.BomAutomation deferred (lazy import)
[  172.6ms] import ui_setting
[  172.9ms] import wf_log

============================================================
STARTUP PROFILING (Real-time)
============================================================
[    0.0ms] Script start
[    3.3ms] multiprocessing.freeze_support()
[    3.5ms] sys.path setup complete
[    3.9ms] import tkinter
[    4.2ms] import tkinter.ttk, messagebox
[    4.4ms] import datetime
[    4.6ms] pyautogui deferred (lazy import)
[    6.7ms] import filedialog, Path
[    6.9ms] import logging, threading
[    7.9ms] import app_setting_data
[    8.1ms] automation.BomAutomation deferred (lazy import)
[  243.1ms] import ui_setting
[  243.5ms] import wf_log

============================================================
STARTUP PROFILING (Real-time)
============================================================
[    0.0ms] Script start
[    3.2ms] multiprocessing.freeze_support()
[    3.5ms] sys.path setup complete
[    3.8ms] import tkinter
[    4.1ms] import tkinter.ttk, messagebox
[    4.4ms] import datetime
[    4.6ms] pyautogui deferred (lazy import)
[    7.1ms] import filedialog, Path
[    7.5ms] import logging, threading
[    8.8ms] import app_setting_data
[    9.1ms] automation.BomAutomation deferred (lazy import)
[  216.5ms] import ui_setting
[  216.9ms] import wf_log

============================================================
STARTUP PROFILING (Real-time)
============================================================
[    0.0ms] Script start
[    3.5ms] multiprocessing.freeze_support()
[    3.8ms] sys.path setup complete
[    4.2ms] import tkinter
[    4.5ms] import tkinter.ttk, messagebox
[    4.7ms] import datetime
[    4.9ms] pyautogui deferred (lazy import)
[    7.7ms] import filedialog, Path
[    8.0ms] import logging, threading
[    9.2ms] import app_setting_data
[    9.5ms] automation.BomAutomation deferred (lazy import)
[  224.3ms] import ui_setting
[  224.6ms] import wf_log

============================================================
STARTUP PROFILING (Real-time)
============================================================
[    0.0ms] Script start
[    4.1ms] multiprocessing.freeze_support()
[    4.4ms] sys.path setup complete
[    4.7ms] import tkinter
[    5.1ms] import tkinter.ttk, messagebox
[    5.4ms] import datetime
[    5.6ms] pyautogui deferred (lazy import)
[    7.6ms] import filedialog, Path
[    7.9ms] import logging, threading
[    9.1ms] import app_setting_data
[    9.4ms] automation.BomAutomation deferred (lazy import)
[  224.0ms] import ui_setting
[  224.4ms] import wf_log

============================================================
STARTUP PROFILING (Real-time)
============================================================
[    0.0ms] Script start
[    5.3ms] multiprocessing.freeze_support()
[    5.7ms] sys.path setup complete
[    5.9ms] import tkinter
[    6.4ms] import tkinter.ttk, messagebox
[    6.7ms] import datetime
[    7.3ms] pyautogui deferred (lazy import)
[    9.7ms] import filedialog, Path
[   10.0ms] import logging, threading
[   11.2ms] import app_setting_data
[   11.4ms] automation.BomAutomation deferred (lazy import)
[  209.8ms] import ui_setting
[  210.1ms] import wf_log

============================================================
STARTUP PROFILING (Real-time)
============================================================
[    0.0ms] Script start
[    7.2ms] multiprocessing.freeze_support()
[    7.6ms] sys.path setup complete
[    7.9ms] import tkinter
[    8.8ms] import tkinter.ttk, messagebox
[    9.1ms] import datetime
[    9.4ms] pyautogui deferred (lazy import)
[   12.5ms] import filedialog, Path
[   12.9ms] import logging, threading
[   14.2ms] import app_setting_data
[   14.5ms] automation.BomAutomation deferred (lazy import)
[  212.1ms] import ui_setting
[  212.4ms] import wf_log

============================================================
STARTUP PROFILING (Real-time)
============================================================
[    0.0ms] Script start
[    3.8ms] multiprocessing.freeze_support()
[    4.1ms] sys.path setup complete
[    4.5ms] import tkinter
[    4.8ms] import tkinter.ttk, messagebox
[    5.1ms] import datetime
[    5.5ms] pyautogui deferred (lazy import)
[    7.9ms] import filedialog, Path
[    8.1ms] import logging, threading
[    9.2ms] import app_setting_data
[    9.5ms] automation.BomAutomation deferred (lazy import)
[  238.9ms] import ui_setting
[  239.3ms] import wf_log

============================================================
STARTUP PROFILING (Real-time)
============================================================
[    0.0ms] Script start
[    4.0ms] multiprocessing.freeze_support()
[    4.3ms] sys.path setup complete
[    4.8ms] import tkinter
[    5.1ms] import tkinter.ttk, messagebox
[    5.4ms] import datetime
[    5.7ms] pyautogui deferred (lazy import)
[    8.3ms] import filedialog, Path
[    8.7ms] import logging, threading
[    9.8ms] import app_setting_data
[   10.1ms] automation.BomAutomation deferred (lazy import)
[  207.1ms] import ui_setting
[  207.6ms] import wf_log

============================================================
STARTUP PROFILING (Real-time)
============================================================
[    0.0ms] Script start
[    5.7ms] multiprocessing.freeze_support()
[    6.0ms] sys.path setup complete
[    6.3ms] import tkinter
[    6.6ms] import tkinter.ttk, messagebox
[    7.0ms] import datetime
[    7.2ms] pyautogui deferred (lazy import)
[    9.9ms] import filedialog, Path
[   10.2ms] import logging, threading
[   11.2ms] import app_setting_data
[   11.5ms] automation.BomAutomation deferred (lazy import)
[  211.9ms] import ui_setting
[  212.8ms] import wf_log

============================================================
STARTUP PROFILING (Real-time)
============================================================
[    0.0ms] Script start
[    4.1ms] multiprocessing.freeze_support()
[    4.5ms] sys.path setup complete
[    4.8ms] import tkinter
[    5.1ms] import tkinter.ttk, messagebox
[    5.4ms] import datetime
[    5.7ms] pyautogui deferred (lazy import)
[    8.4ms] import filedialog, Path
[    8.8ms] import logging, threading
[   10.1ms] import app_setting_data
[   10.4ms] automation.BomAutomation deferred (lazy import)
[  266.8ms] import ui_setting
[  267.2ms] import wf_log

============================================================
STARTUP PROFILING (Real-time)
============================================================
[    0.0ms] Script start
[    4.2ms] multiprocessing.freeze_support()
[    4.5ms] sys.path setup complete
[    4.8ms] import tkinter
[    5.1ms] import tkinter.ttk, messagebox
[    5.3ms] import datetime
[    5.6ms] pyautogui deferred (lazy import)
[    8.0ms] import filedialog, Path
[    8.3ms] import logging, threading
[    9.5ms] import app_setting_data
[    9.8ms] automation.BomAutomation deferred (lazy import)
[  264.0ms] import ui_setting
[  264.5ms] import wf_log

============================================================
STARTUP PROFILING (Real-time)
============================================================
[    0.0ms] Script start
[    4.2ms] multiprocessing.freeze_support()
[    4.4ms] sys.path setup complete
[    4.9ms] import tkinter
[    5.3ms] import tkinter.ttk, messagebox
[    5.6ms] import datetime
[    5.9ms] pyautogui deferred (lazy import)
[    7.9ms] import filedialog, Path
[    8.2ms] import logging, threading
[    9.3ms] import app_setting_data
[    9.5ms] automation.BomAutomation deferred (lazy import)
[  248.7ms] import ui_setting
[  249.3ms] import wf_log

============================================================
STARTUP PROFILING (Real-time)
============================================================
[    0.0ms] Script start
[    4.2ms] multiprocessing.freeze_support()
[    4.5ms] sys.path setup complete
[    4.8ms] import tkinter
[    5.1ms] import tkinter.ttk, messagebox
[    5.7ms] import datetime
[    6.0ms] pyautogui deferred (lazy import)
[    9.8ms] import filedialog, Path
[   10.1ms] import logging, threading
[   11.1ms] import app_setting_data
[   11.3ms] automation.BomAutomation deferred (lazy import)
[  251.2ms] import ui_setting
[  251.6ms] import wf_log

============================================================
STARTUP PROFILING (Real-time)
============================================================
[    0.0ms] Script start
[    3.8ms] multiprocessing.freeze_support()
[    4.1ms] sys.path setup complete
[    4.4ms] import tkinter
[    4.7ms] import tkinter.ttk, messagebox
[    4.9ms] import datetime
[    5.5ms] pyautogui deferred (lazy import)
[    7.7ms] import filedialog, Path
[    8.0ms] import logging, threading
[    9.2ms] import app_setting_data
[    9.4ms] automation.BomAutomation deferred (lazy import)
[  235.9ms] import ui_setting
[  236.2ms] import wf_log

============================================================
STARTUP PROFILING (Real-time)
============================================================
[    0.0ms] Script start
[    7.8ms] multiprocessing.freeze_support()
[    8.2ms] sys.path setup complete
[    9.1ms] import tkinter
[    9.4ms] import tkinter.ttk, messagebox
[    9.7ms] import datetime
[   10.3ms] pyautogui deferred (lazy import)
[   14.7ms] import filedialog, Path
[   15.0ms] import logging, threading
[   16.4ms] import app_setting_data
[   16.6ms] automation.BomAutomation deferred (lazy import)
[  263.7ms] import ui_setting
[  264.3ms] import wf_log

============================================================
STARTUP PROFILING (Real-time)
============================================================
[    0.0ms] Script start
[    5.9ms] multiprocessing.freeze_support()
[    6.2ms] sys.path setup complete
[    6.5ms] import tkinter
[    6.8ms] import tkinter.ttk, messagebox
[    7.1ms] import datetime
[    7.4ms] pyautogui deferred (lazy import)
[    9.7ms] import filedialog, Path
[   10.0ms] import logging, threading
[   11.3ms] import app_setting_data
[   11.5ms] automation.BomAutomation deferred (lazy import)
[  230.6ms] import ui_setting
[  231.0ms] import wf_log

============================================================
STARTUP PROFILING (Real-time)
============================================================
[    0.0ms] Script start
[    3.6ms] multiprocessing.freeze_support()
[    3.9ms] sys.path setup complete
[    4.2ms] import tkinter
[    4.5ms] import tkinter.ttk, messagebox
[    4.9ms] import datetime
[    5.2ms] pyautogui deferred (lazy import)
[    7.2ms] import filedialog, Path
[    7.5ms] import logging, threading
[    8.8ms] import app_setting_data
[    9.0ms] automation.BomAutomation deferred (lazy import)
[  188.6ms] import ui_setting
[  189.0ms] import wf_log

============================================================
STARTUP PROFILING (Real-time)
============================================================
[    0.0ms] Script start
[    3.7ms] multiprocessing.freeze_support()
[    4.0ms] sys.path setup complete
[    4.8ms] import tkinter
[    5.1ms] import tkinter.ttk, messagebox
[    5.4ms] import datetime
[    5.6ms] pyautogui deferred (lazy import)
[    9.0ms] import filedialog, Path
[    9.3ms] import logging, threading
[   10.4ms] import app_setting_data
[   11.2ms] automation.BomAutomation deferred (lazy import)
[  244.7ms] import ui_setting
[  245.0ms] import wf_log

============================================================
STARTUP PROFILING (Real-time)
============================================================
[    0.0ms] Script start
[    9.4ms] multiprocessing.freeze_support()
[   10.2ms] sys.path setup complete
[   11.6ms] import tkinter
[   12.3ms] import tkinter.ttk, messagebox
[   13.1ms] import datetime
[   13.4ms] pyautogui deferred (lazy import)
[   19.5ms] import filedialog, Path
[   20.2ms] import logging, threading
[   23.0ms] import app_setting_data
[   23.6ms] automation.BomAutomation deferred (lazy import)
[  337.9ms] import ui_setting
[  339.0ms] import wf_log

============================================================
STARTUP PROFILING (Real-time)
============================================================
[    0.0ms] Script start
[    6.9ms] multiprocessing.freeze_support()
[    7.5ms] sys.path setup complete
[    8.5ms] import tkinter
[    9.5ms] import tkinter.ttk, messagebox
[   10.2ms] import datetime
[   10.8ms] pyautogui deferred (lazy import)
[   16.9ms] import filedialog, Path
[   17.8ms] import logging, threading
[   20.6ms] import app_setting_data
[   20.9ms] automation.BomAutomation deferred (lazy import)
[  336.7ms] import ui_setting
[  337.5ms] import wf_log

============================================================
STARTUP PROFILING (Real-time)
============================================================
[    0.0ms] Script start
[    9.1ms] multiprocessing.freeze_support()
[    9.6ms] sys.path setup complete
[   10.0ms] import tkinter
[   11.9ms] import tkinter.ttk, messagebox
[   13.6ms] import datetime
[   15.1ms] pyautogui deferred (lazy import)
[   22.0ms] import filedialog, Path
[   22.6ms] import logging, threading
[   25.0ms] import app_setting_data
[   25.3ms] automation.BomAutomation deferred (lazy import)
[  301.6ms] import ui_setting
[  302.3ms] import wf_log

============================================================
STARTUP PROFILING (Real-time)
============================================================
[    0.0ms] Script start
[    5.6ms] multiprocessing.freeze_support()
[    6.0ms] sys.path setup complete
[    6.3ms] import tkinter
[    6.5ms] import tkinter.ttk, messagebox
[    7.0ms] import datetime
[    8.0ms] pyautogui deferred (lazy import)
[   14.4ms] import filedialog, Path
[   14.7ms] import logging, threading
[   16.5ms] import app_setting_data
[   16.8ms] automation.BomAutomation deferred (lazy import)
[  298.0ms] import ui_setting
[  298.3ms] import wf_log

============================================================
STARTUP PROFILING (Real-time)
============================================================
[    0.0ms] Script start
[    3.6ms] multiprocessing.freeze_support()
[    3.9ms] sys.path setup complete
[    4.6ms] import tkinter
[    4.9ms] import tkinter.ttk, messagebox
[    5.2ms] import datetime
[    5.6ms] pyautogui deferred (lazy import)
[    8.2ms] import filedialog, Path
[    9.0ms] import logging, threading
[   10.1ms] import app_setting_data
[   10.8ms] automation.BomAutomation deferred (lazy import)
[  242.7ms] import ui_setting
[  243.2ms] import wf_log

============================================================
STARTUP PROFILING (Real-time)
============================================================
[    0.0ms] Script start
[    4.5ms] multiprocessing.freeze_support()
[    4.9ms] sys.path setup complete
[    5.2ms] import tkinter
[    6.1ms] import tkinter.ttk, messagebox
[    6.7ms] import datetime
[    7.4ms] pyautogui deferred (lazy import)
[   10.8ms] import filedialog, Path
[   11.1ms] import logging, threading
[   12.8ms] import app_setting_data
[   13.7ms] automation.BomAutomation deferred (lazy import)
[  262.1ms] import ui_setting
[  263.3ms] import wf_log

============================================================
STARTUP PROFILING (Real-time)
============================================================
[    0.0ms] Script start
[    4.6ms] multiprocessing.freeze_support()
[    5.0ms] sys.path setup complete
[    5.2ms] import tkinter
[    5.5ms] import tkinter.ttk, messagebox
[    5.7ms] import datetime
[    6.8ms] pyautogui deferred (lazy import)
[    9.0ms] import filedialog, Path
[    9.2ms] import logging, threading
[   10.3ms] import app_setting_data
[   10.5ms] automation.BomAutomation deferred (lazy import)
[  188.7ms] import ui_setting
[  189.1ms] import wf_log

============================================================
STARTUP PROFILING (Real-time)
============================================================
[    0.0ms] Script start
[    4.1ms] multiprocessing.freeze_support()
[    4.4ms] sys.path setup complete
[    4.7ms] import tkinter
[    4.9ms] import tkinter.ttk, messagebox
[    5.2ms] import datetime
[    5.4ms] pyautogui deferred (lazy import)
[    7.5ms] import filedialog, Path
[    7.7ms] import logging, threading
[    8.7ms] import app_setting_data
[    8.9ms] automation.BomAutomation deferred (lazy import)
[  202.4ms] import ui_setting
[  202.7ms] import wf_log

============================================================
STARTUP PROFILING (Real-time)
============================================================
[    0.0ms] Script start
[    4.3ms] multiprocessing.freeze_support()
[    4.6ms] sys.path setup complete
[    4.9ms] import tkinter
[    5.1ms] import tkinter.ttk, messagebox
[    5.3ms] import datetime
[    5.9ms] pyautogui deferred (lazy import)
[    8.7ms] import filedialog, Path
[    8.9ms] import logging, threading
[    9.9ms] import app_setting_data
[   10.2ms] automation.BomAutomation deferred (lazy import)
[  184.1ms] import ui_setting
[  184.5ms] import wf_log

============================================================
STARTUP PROFILING (Real-time)
============================================================
[    0.0ms] Script start
[    3.4ms] multiprocessing.freeze_support()
[    3.6ms] sys.path setup complete
[    4.0ms] import tkinter
[    4.2ms] import tkinter.ttk, messagebox
[    4.4ms] import datetime
[    4.6ms] pyautogui deferred (lazy import)
[    6.5ms] import filedialog, Path
[    6.7ms] import logging, threading
[    7.6ms] import app_setting_data
[    7.8ms] automation.BomAutomation deferred (lazy import)
[  195.4ms] import ui_setting
[  195.7ms] import wf_log

============================================================
STARTUP PROFILING (Real-time)
============================================================
[    0.0ms] Script start
[    4.6ms] multiprocessing.freeze_support()
[    5.0ms] sys.path setup complete
[    5.9ms] import tkinter
[    6.8ms] import tkinter.ttk, messagebox
[    7.4ms] import datetime
[    8.3ms] pyautogui deferred (lazy import)
[   11.5ms] import filedialog, Path
[   11.8ms] import logging, threading
[   13.1ms] import app_setting_data
[   13.6ms] automation.BomAutomation deferred (lazy import)
[  244.1ms] import ui_setting
[  244.5ms] import wf_log

============================================================
STARTUP PROFILING (Real-time)
============================================================
[    0.0ms] Script start
[    3.4ms] multiprocessing.freeze_support()
[    3.7ms] sys.path setup complete
[    4.0ms] import tkinter
[    4.3ms] import tkinter.ttk, messagebox
[    4.5ms] import datetime
[    4.7ms] pyautogui deferred (lazy import)
[    6.6ms] import filedialog, Path
[    6.9ms] import logging, threading
[    7.8ms] import app_setting_data
[    8.0ms] automation.BomAutomation deferred (lazy import)
[  225.5ms] import ui_setting
[  226.0ms] import wf_log

============================================================
STARTUP PROFILING (Real-time)
============================================================
[    0.0ms] Script start
[    3.4ms] multiprocessing.freeze_support()
[    3.8ms] sys.path setup complete
[    4.2ms] import tkinter
[    5.0ms] import tkinter.ttk, messagebox
[    5.3ms] import datetime
[    5.6ms] pyautogui deferred (lazy import)
[    8.2ms] import filedialog, Path
[    8.5ms] import logging, threading
[    9.7ms] import app_setting_data
[   10.0ms] automation.BomAutomation deferred (lazy import)
[  209.1ms] import ui_setting
[  209.4ms] import wf_log

============================================================
STARTUP PROFILING (Real-time)
============================================================
[    0.0ms] Script start
[    3.5ms] multiprocessing.freeze_support()
[    3.8ms] sys.path setup complete
[    4.2ms] import tkinter
[    4.5ms] import tkinter.ttk, messagebox
[    4.8ms] import datetime
[    5.0ms] pyautogui deferred (lazy import)
[    7.2ms] import filedialog, Path
[    7.6ms] import logging, threading
[    9.3ms] import app_setting_data
[    9.6ms] automation.BomAutomation deferred (lazy import)
[  235.7ms] import ui_setting
[  236.0ms] import wf_log

============================================================
STARTUP PROFILING (Real-time)
============================================================
[    0.0ms] Script start
[    4.5ms] multiprocessing.freeze_support()
[    4.8ms] sys.path setup complete
[    5.0ms] import tkinter
[    5.6ms] import tkinter.ttk, messagebox
[    5.9ms] import datetime
[    6.5ms] pyautogui deferred (lazy import)
[    9.2ms] import filedialog, Path
[    9.5ms] import logging, threading
[   10.6ms] import app_setting_data
[   10.8ms] automation.BomAutomation deferred (lazy import)
[  245.4ms] import ui_setting
[  245.8ms] import wf_log

============================================================
STARTUP PROFILING (Real-time)
============================================================
[    0.0ms] Script start
[    4.3ms] multiprocessing.freeze_support()
[    4.7ms] sys.path setup complete
[    5.0ms] import tkinter
[    5.5ms] import tkinter.ttk, messagebox
[    5.8ms] import datetime
[    6.1ms] pyautogui deferred (lazy import)
[    8.9ms] import filedialog, Path
[    9.5ms] import logging, threading
[   10.9ms] import app_setting_data
[   11.2ms] automation.BomAutomation deferred (lazy import)
[  238.6ms] import ui_setting
[  239.1ms] import wf_log

============================================================
STARTUP PROFILING (Real-time)
============================================================
[    0.0ms] Script start
[    5.0ms] multiprocessing.freeze_support()
[    5.6ms] sys.path setup complete
[    6.1ms] import tkinter
[    6.5ms] import tkinter.ttk, messagebox
[    6.9ms] import datetime
[    7.2ms] pyautogui deferred (lazy import)
[   10.8ms] import filedialog, Path
[   11.3ms] import logging, threading
[   13.0ms] import app_setting_data
[   13.4ms] automation.BomAutomation deferred (lazy import)
[  254.9ms] import ui_setting
[  255.3ms] import wf_log

============================================================
STARTUP PROFILING (Real-time)
============================================================
[    0.0ms] Script start
[    3.3ms] multiprocessing.freeze_support()
[    3.6ms] sys.path setup complete
[    4.0ms] import tkinter
[    4.2ms] import tkinter.ttk, messagebox
[    4.7ms] import datetime
[    4.9ms] pyautogui deferred (lazy import)
[    7.2ms] import filedialog, Path
[    7.4ms] import logging, threading
[    8.4ms] import app_setting_data
[    8.8ms] automation.BomAutomation deferred (lazy import)
[  207.8ms] import ui_setting
[  208.2ms] import wf_log

============================================================
STARTUP PROFILING (Real-time)
============================================================
[    0.0ms] Script start
[    5.8ms] multiprocessing.freeze_support()
[    6.3ms] sys.path setup complete
[    6.8ms] import tkinter
[    7.9ms] import tkinter.ttk, messagebox
[    8.2ms] import datetime
[    8.5ms] pyautogui deferred (lazy import)
[   11.7ms] import filedialog, Path
[   12.2ms] import logging, threading
[   14.0ms] import app_setting_data
[   14.3ms] automation.BomAutomation deferred (lazy import)
[  226.8ms] import ui_setting
[  227.1ms] import wf_log

============================================================
STARTUP PROFILING (Real-time)
============================================================
[    0.0ms] Script start
[   32.1ms] multiprocessing.freeze_support()
[   38.7ms] sys.path setup complete
[   44.9ms] import tkinter
[   54.7ms] import tkinter.ttk, messagebox
[   64.8ms] import datetime
[   72.7ms] pyautogui deferred (lazy import)
[   94.1ms] import filedialog, Path
[  101.4ms] import logging, threading
[  115.1ms] import app_setting_data
[  124.8ms] automation.BomAutomation deferred (lazy import)
[  627.3ms] import ui_setting
[  638.0ms] import wf_log

============================================================
STARTUP PROFILING (Real-time)
============================================================
[    0.0ms] Script start
[    6.9ms] multiprocessing.freeze_support()
[    7.3ms] sys.path setup complete
[    7.8ms] import tkinter
[    8.2ms] import tkinter.ttk, messagebox
[    8.6ms] import datetime
[    9.1ms] pyautogui deferred (lazy import)
[   12.6ms] import filedialog, Path
[   13.2ms] import logging, threading
[   15.4ms] import app_setting_data
[   15.9ms] automation.BomAutomation deferred (lazy import)
[  360.8ms] import ui_setting
[  361.4ms] import wf_log

============================================================
STARTUP PROFILING (Real-time)
============================================================
[    0.0ms] Script start
[    6.1ms] multiprocessing.freeze_support()
[    6.8ms] sys.path setup complete
[    7.3ms] import tkinter
[    8.2ms] import tkinter.ttk, messagebox
[    9.2ms] import datetime
[    9.6ms] pyautogui deferred (lazy import)
[   16.9ms] import filedialog, Path
[   17.3ms] import logging, threading
[   18.7ms] import app_setting_data
[   19.0ms] automation.BomAutomation deferred (lazy import)
[  328.2ms] import ui_setting
[  328.7ms] import wf_log

============================================================
STARTUP PROFILING (Real-time)
============================================================
[    0.0ms] Script start
[    7.8ms] multiprocessing.freeze_support()
[    8.3ms] sys.path setup complete
[    9.0ms] import tkinter
[    9.5ms] import tkinter.ttk, messagebox
[   10.3ms] import datetime
[   10.7ms] pyautogui deferred (lazy import)
[   13.4ms] import filedialog, Path
[   13.7ms] import logging, threading
[   15.3ms] import app_setting_data
[   15.6ms] automation.BomAutomation deferred (lazy import)
[  265.1ms] import ui_setting
[  265.5ms] import wf_log

============================================================
STARTUP PROFILING (Real-time)
============================================================
[    0.0ms] Script start
[    5.0ms] multiprocessing.freeze_support()
[    5.4ms] sys.path setup complete
[    5.8ms] import tkinter
[    6.1ms] import tkinter.ttk, messagebox
[    6.5ms] import datetime
[    7.1ms] pyautogui deferred (lazy import)
[   10.6ms] import filedialog, Path
[   11.1ms] import logging, threading
[   12.5ms] import app_setting_data
[   12.8ms] automation.BomAutomation deferred (lazy import)
[  274.8ms] import ui_setting
[  275.3ms] import wf_log

============================================================
STARTUP PROFILING (Real-time)
============================================================
[    0.0ms] Script start
[    6.2ms] multiprocessing.freeze_support()
[    6.6ms] sys.path setup complete
[    7.5ms] import tkinter
[    7.8ms] import tkinter.ttk, messagebox
[    8.4ms] import datetime
[    8.7ms] pyautogui deferred (lazy import)
[   12.8ms] import filedialog, Path
[   13.1ms] import logging, threading
[   15.4ms] import app_setting_data
[   16.0ms] automation.BomAutomation deferred (lazy import)
[  372.2ms] import ui_setting
[  374.2ms] import wf_log

============================================================
STARTUP PROFILING (Real-time)
============================================================
[    0.0ms] Script start
[    7.9ms] multiprocessing.freeze_support()
[    8.4ms] sys.path setup complete
[    8.9ms] import tkinter
[    9.4ms] import tkinter.ttk, messagebox
[    9.8ms] import datetime
[   10.3ms] pyautogui deferred (lazy import)
[   15.5ms] import filedialog, Path
[   15.9ms] import logging, threading
[   18.1ms] import app_setting_data
[   18.5ms] automation.BomAutomation deferred (lazy import)
[  345.4ms] import ui_setting
[  346.1ms] import wf_log

============================================================
STARTUP PROFILING (Real-time)
============================================================
[    0.0ms] Script start
[    5.6ms] multiprocessing.freeze_support()
[    6.0ms] sys.path setup complete
[    6.4ms] import tkinter
[    6.8ms] import tkinter.ttk, messagebox
[    7.1ms] import datetime
[    7.5ms] pyautogui deferred (lazy import)
[   10.5ms] import filedialog, Path
[   11.0ms] import logging, threading
[   13.9ms] import app_setting_data
[   14.6ms] automation.BomAutomation deferred (lazy import)
[  349.5ms] import ui_setting
[  350.3ms] import wf_log

============================================================
STARTUP PROFILING (Real-time)
============================================================
[    0.0ms] Script start
[    4.6ms] multiprocessing.freeze_support()
[    5.0ms] sys.path setup complete
[    5.4ms] import tkinter
[    5.7ms] import tkinter.ttk, messagebox
[    6.2ms] import datetime
[    6.6ms] pyautogui deferred (lazy import)
[   10.5ms] import filedialog, Path
[   11.0ms] import logging, threading
[   12.5ms] import app_setting_data
[   12.8ms] automation.BomAutomation deferred (lazy import)
[  321.1ms] import ui_setting
[  321.6ms] import wf_log

============================================================
STARTUP PROFILING (Real-time)
============================================================
[    0.0ms] Script start
[    5.0ms] multiprocessing.freeze_support()
[    5.3ms] sys.path setup complete
[    5.7ms] import tkinter
[    6.0ms] import tkinter.ttk, messagebox
[    6.8ms] import datetime
[    7.2ms] pyautogui deferred (lazy import)
[   12.2ms] import filedialog, Path
[   12.6ms] import logging, threading
[   15.7ms] import app_setting_data
[   16.0ms] automation.BomAutomation deferred (lazy import)
[  335.4ms] import ui_setting
[  335.9ms] import wf_log

============================================================
STARTUP PROFILING (Real-time)
============================================================
[    0.0ms] Script start
[    8.5ms] multiprocessing.freeze_support()
[    8.9ms] sys.path setup complete
[    9.3ms] import tkinter
[    9.7ms] import tkinter.ttk, messagebox
[   10.3ms] import datetime
[   10.8ms] pyautogui deferred (lazy import)
[   14.3ms] import filedialog, Path
[   14.6ms] import logging, threading
[   16.2ms] import app_setting_data
[   16.5ms] automation.BomAutomation deferred (lazy import)
[  278.6ms] import ui_setting
[  279.1ms] import wf_log

============================================================
STARTUP PROFILING (Real-time)
============================================================
[    0.0ms] Script start
[    6.2ms] multiprocessing.freeze_support()
[    6.6ms] sys.path setup complete
[    7.0ms] import tkinter
[    7.5ms] import tkinter.ttk, messagebox
[    7.8ms] import datetime
[    8.5ms] pyautogui deferred (lazy import)
[   12.5ms] import filedialog, Path
[   12.8ms] import logging, threading
[   14.8ms] import app_setting_data
[   15.2ms] automation.BomAutomation deferred (lazy import)
[  275.8ms] import ui_setting
[  276.2ms] import wf_log

============================================================
STARTUP PROFILING (Real-time)
============================================================
[    0.0ms] Script start
[    9.5ms] multiprocessing.freeze_support()
[   10.9ms] sys.path setup complete
[   12.4ms] import tkinter
[   13.1ms] import tkinter.ttk, messagebox
[   13.8ms] import datetime
[   14.9ms] pyautogui deferred (lazy import)
[   21.2ms] import filedialog, Path
[   22.0ms] import logging, threading
[   27.3ms] import app_setting_data
[   28.1ms] automation.BomAutomation deferred (lazy import)
[  588.8ms] import ui_setting
[  590.0ms] import wf_log

============================================================
STARTUP PROFILING (Real-time)
============================================================
[    0.0ms] Script start
[    8.3ms] multiprocessing.freeze_support()
[    8.8ms] sys.path setup complete
[    9.3ms] import tkinter
[    9.8ms] import tkinter.ttk, messagebox
[   10.4ms] import datetime
[   11.4ms] pyautogui deferred (lazy import)
[   18.0ms] import filedialog, Path
[   18.6ms] import logging, threading
[   21.5ms] import app_setting_data
[   22.0ms] automation.BomAutomation deferred (lazy import)
[  407.0ms] import ui_setting
[  407.6ms] import wf_log

============================================================
STARTUP PROFILING (Real-time)
============================================================
[    0.0ms] Script start
[   30.2ms] multiprocessing.freeze_support()
[   31.1ms] sys.path setup complete
[   31.7ms] import tkinter
[   32.2ms] import tkinter.ttk, messagebox
[   33.2ms] import datetime
[   33.9ms] pyautogui deferred (lazy import)
[   41.7ms] import filedialog, Path
[   42.0ms] import logging, threading
[  111.0ms] import app_setting_data
[  115.6ms] automation.BomAutomation deferred (lazy import)
[  884.0ms] import ui_setting
[  885.3ms] import wf_log

============================================================
STARTUP PROFILING (Real-time)
============================================================
[    0.0ms] Script start
[    9.0ms] multiprocessing.freeze_support()
[    9.9ms] sys.path setup complete
[   11.0ms] import tkinter
[   13.6ms] import tkinter.ttk, messagebox
[   14.5ms] import datetime
[   16.1ms] pyautogui deferred (lazy import)
[   24.5ms] import filedialog, Path
[   25.5ms] import logging, threading
[   28.7ms] import app_setting_data
[   29.3ms] automation.BomAutomation deferred (lazy import)
[  521.2ms] import ui_setting
[  521.6ms] import wf_log

============================================================
STARTUP PROFILING (Real-time)
============================================================
[    0.0ms] Script start
[    5.1ms] multiprocessing.freeze_support()
[    5.5ms] sys.path setup complete
[    5.9ms] import tkinter
[    6.3ms] import tkinter.ttk, messagebox
[    6.6ms] import datetime
[    6.9ms] pyautogui deferred (lazy import)
[    9.6ms] import filedialog, Path
[    9.9ms] import logging, threading
[   11.0ms] import app_setting_data
[   11.3ms] automation.BomAutomation deferred (lazy import)
[  402.1ms] import ui_setting
[  402.9ms] import wf_log

============================================================
STARTUP PROFILING (Real-time)
============================================================
[    0.0ms] Script start
[    6.0ms] multiprocessing.freeze_support()
[    6.5ms] sys.path setup complete
[    7.1ms] import tkinter
[    7.5ms] import tkinter.ttk, messagebox
[    7.9ms] import datetime
[    8.4ms] pyautogui deferred (lazy import)
[   12.6ms] import filedialog, Path
[   13.0ms] import logging, threading
[   14.3ms] import app_setting_data
[   14.6ms] automation.BomAutomation deferred (lazy import)
[  245.9ms] import ui_setting
[  246.4ms] import wf_log

============================================================
STARTUP PROFILING (Real-time)
============================================================
[    0.0ms] Script start
[    7.2ms] multiprocessing.freeze_support()
[    7.6ms] sys.path setup complete
[    8.2ms] import tkinter
[    8.6ms] import tkinter.ttk, messagebox
[    9.0ms] import datetime
[    9.3ms] pyautogui deferred (lazy import)
[   12.9ms] import filedialog, Path
[   13.3ms] import logging, threading
[   14.5ms] import app_setting_data
[   14.8ms] automation.BomAutomation deferred (lazy import)
[  281.1ms] import ui_setting
[  283.3ms] import wf_log

============================================================
STARTUP PROFILING (Real-time)
============================================================
[    0.0ms] Script start
[    6.3ms] multiprocessing.freeze_support()
[    6.6ms] sys.path setup complete
[    7.9ms] import tkinter
[    8.2ms] import tkinter.ttk, messagebox
[    8.6ms] import datetime
[    9.0ms] pyautogui deferred (lazy import)
[   12.8ms] import filedialog, Path
[   13.1ms] import logging, threading
[   14.3ms] import app_setting_data
[   14.7ms] automation.BomAutomation deferred (lazy import)
[  317.4ms] import ui_setting
[  318.0ms] import wf_log

============================================================
STARTUP PROFILING (Real-time)
============================================================
[    0.0ms] Script start
[    5.7ms] multiprocessing.freeze_support()
[    6.1ms] sys.path setup complete
[    6.6ms] import tkinter
[    6.9ms] import tkinter.ttk, messagebox
[    7.2ms] import datetime
[    7.5ms] pyautogui deferred (lazy import)
[   11.2ms] import filedialog, Path
[   11.4ms] import logging, threading
[   12.5ms] import app_setting_data
[   12.7ms] automation.BomAutomation deferred (lazy import)
[  269.3ms] import ui_setting
[  269.7ms] import wf_log

============================================================
STARTUP PROFILING (Real-time)
============================================================
[    0.0ms] Script start
[    5.6ms] multiprocessing.freeze_support()
[    5.9ms] sys.path setup complete
[    6.3ms] import tkinter
[    6.8ms] import tkinter.ttk, messagebox
[    7.1ms] import datetime
[    7.5ms] pyautogui deferred (lazy import)
[   11.4ms] import filedialog, Path
[   11.9ms] import logging, threading
[   13.5ms] import app_setting_data
[   13.8ms] automation.BomAutomation deferred (lazy import)
[  266.3ms] import ui_setting
[  266.8ms] import wf_log

============================================================
STARTUP PROFILING (Real-time)
============================================================
[    0.0ms] Script start
[    6.1ms] multiprocessing.freeze_support()
[    7.0ms] sys.path setup complete
[    7.6ms] import tkinter
[    8.2ms] import tkinter.ttk, messagebox
[    8.7ms] import datetime
[    9.3ms] pyautogui deferred (lazy import)
[   13.8ms] import filedialog, Path
[   14.2ms] import logging, threading
[   15.6ms] import app_setting_data
[   16.0ms] automation.BomAutomation deferred (lazy import)
[  324.2ms] import ui_setting
[  324.7ms] import wf_log

============================================================
STARTUP PROFILING (Real-time)
============================================================
[    0.0ms] Script start
[    4.0ms] multiprocessing.freeze_support()
[    4.3ms] sys.path setup complete
[    4.7ms] import tkinter
[    5.1ms] import tkinter.ttk, messagebox
[    5.6ms] import datetime
[    6.1ms] pyautogui deferred (lazy import)
[    9.3ms] import filedialog, Path
[    9.6ms] import logging, threading
[   10.7ms] import app_setting_data
[   11.0ms] automation.BomAutomation deferred (lazy import)
[  245.0ms] import ui_setting
[  245.5ms] import wf_log

============================================================
STARTUP PROFILING (Real-time)
============================================================
[    0.0ms] Script start
[    6.2ms] multiprocessing.freeze_support()
[    7.3ms] sys.path setup complete
[    8.0ms] import tkinter
[    8.8ms] import tkinter.ttk, messagebox
[    9.8ms] import datetime
[   11.2ms] pyautogui deferred (lazy import)
[   16.6ms] import filedialog, Path
[   16.9ms] import logging, threading
[   18.3ms] import app_setting_data
[   18.7ms] automation.BomAutomation deferred (lazy import)
[  360.5ms] import ui_setting
[  361.3ms] import wf_log

============================================================
STARTUP PROFILING (Real-time)
============================================================
[    0.0ms] Script start
[   10.4ms] multiprocessing.freeze_support()
[   11.1ms] sys.path setup complete
[   12.1ms] import tkinter
[   12.9ms] import tkinter.ttk, messagebox
[   13.3ms] import datetime
[   13.7ms] pyautogui deferred (lazy import)
[   19.8ms] import filedialog, Path
[   20.3ms] import logging, threading
[   21.7ms] import app_setting_data
[   22.1ms] automation.BomAutomation deferred (lazy import)
[  447.9ms] import ui_setting
[  448.7ms] import wf_log

============================================================
STARTUP PROFILING (Real-time)
============================================================
[    0.0ms] Script start
[    7.3ms] multiprocessing.freeze_support()
[    8.0ms] sys.path setup complete
[    8.8ms] import tkinter
[    9.2ms] import tkinter.ttk, messagebox
[    9.5ms] import datetime
[   10.2ms] pyautogui deferred (lazy import)
[   17.2ms] import filedialog, Path
[   17.9ms] import logging, threading
[   27.3ms] import app_setting_data
[   32.6ms] automation.BomAutomation deferred (lazy import)
[  447.5ms] import ui_setting
[  448.1ms] import wf_log

============================================================
STARTUP PROFILING (Real-time)
============================================================
[    0.0ms] Script start
[   13.7ms] multiprocessing.freeze_support()
[   14.8ms] sys.path setup complete
[   15.7ms] import tkinter
[   16.8ms] import tkinter.ttk, messagebox
[   19.8ms] import datetime
[   20.7ms] pyautogui deferred (lazy import)
[   26.8ms] import filedialog, Path
[   27.2ms] import logging, threading
[   51.7ms] import app_setting_data
[   54.5ms] automation.BomAutomation deferred (lazy import)
[  623.1ms] import ui_setting
[  623.5ms] import wf_log

============================================================
STARTUP PROFILING (Real-time)
============================================================
[    0.0ms] Script start
[    6.3ms] multiprocessing.freeze_support()
[    6.7ms] sys.path setup complete
[    7.3ms] import tkinter
[    7.7ms] import tkinter.ttk, messagebox
[    8.0ms] import datetime
[    8.6ms] pyautogui deferred (lazy import)
[   11.1ms] import filedialog, Path
[   11.5ms] import logging, threading
[   13.0ms] import app_setting_data
[   13.3ms] automation.BomAutomation deferred (lazy import)
[  268.8ms] import ui_setting
[  269.3ms] import wf_log

============================================================
STARTUP PROFILING (Real-time)
============================================================
[    0.0ms] Script start
[    7.6ms] multiprocessing.freeze_support()
[    8.6ms] sys.path setup complete
[    9.4ms] import tkinter
[   10.0ms] import tkinter.ttk, messagebox
[   10.4ms] import datetime
[   10.8ms] pyautogui deferred (lazy import)
[   15.1ms] import filedialog, Path
[   16.3ms] import logging, threading
[   33.9ms] import app_setting_data
[   34.7ms] automation.BomAutomation deferred (lazy import)
[  517.9ms] import ui_setting
[  518.4ms] import wf_log

============================================================
STARTUP PROFILING (Real-time)
============================================================
[    0.0ms] Script start
[   14.3ms] multiprocessing.freeze_support()
[   23.2ms] sys.path setup complete
[   32.8ms] import tkinter
[   41.6ms] import tkinter.ttk, messagebox
[   50.9ms] import datetime
[   55.7ms] pyautogui deferred (lazy import)
[   68.0ms] import filedialog, Path
[   76.8ms] import logging, threading
[   88.1ms] import app_setting_data
[   97.1ms] automation.BomAutomation deferred (lazy import)
[  377.3ms] import ui_setting
[  386.0ms] import wf_log

============================================================
STARTUP PROFILING (Real-time)
============================================================
[    0.0ms] Script start
[   13.0ms] multiprocessing.freeze_support()
[   22.4ms] sys.path setup complete
[   29.4ms] import tkinter
[   38.8ms] import tkinter.ttk, messagebox
[   45.9ms] import datetime
[   55.0ms] pyautogui deferred (lazy import)
[   69.5ms] import filedialog, Path
[   78.6ms] import logging, threading
[   88.4ms] import app_setting_data
[   97.1ms] automation.BomAutomation deferred (lazy import)
[  324.6ms] import ui_setting
[  330.4ms] import wf_log

============================================================
STARTUP PROFILING (Real-time)
============================================================
[    0.0ms] Script start
[    4.0ms] multiprocessing.freeze_support()
[    4.3ms] sys.path setup complete
[    4.6ms] import tkinter
[    5.9ms] import tkinter.ttk, messagebox
[    6.2ms] import datetime
[    6.5ms] pyautogui deferred (lazy import)
[    9.2ms] import filedialog, Path
[    9.5ms] import logging, threading
[   11.5ms] import app_setting_data
[   11.8ms] automation.BomAutomation deferred (lazy import)
[  217.2ms] import ui_setting
[  217.7ms] import wf_log

============================================================
STARTUP PROFILING (Real-time)
============================================================
[    0.0ms] Script start
[    3.0ms] multiprocessing.freeze_support()
[    3.3ms] sys.path setup complete
[    3.7ms] import tkinter
[    4.0ms] import tkinter.ttk, messagebox
[    4.3ms] import datetime
[    4.5ms] pyautogui deferred (lazy import)
[    6.9ms] import filedialog, Path
[    7.2ms] import logging, threading
[    8.7ms] import app_setting_data
[    9.0ms] automation.BomAutomation deferred (lazy import)
[  215.4ms] import ui_setting
[  215.7ms] import wf_log

============================================================
STARTUP PROFILING (Real-time)
============================================================
[    0.0ms] Script start
[    4.2ms] multiprocessing.freeze_support()
[    4.5ms] sys.path setup complete
[    4.7ms] import tkinter
[    5.0ms] import tkinter.ttk, messagebox
[    5.2ms] import datetime
[    5.7ms] pyautogui deferred (lazy import)
[    8.6ms] import filedialog, Path
[    9.1ms] import logging, threading
[   10.1ms] import app_setting_data
[   10.4ms] automation.BomAutomation deferred (lazy import)
[  219.7ms] import ui_setting
[  220.0ms] import wf_log

============================================================
STARTUP PROFILING (Real-time)
============================================================
[    0.0ms] Script start
[    4.0ms] multiprocessing.freeze_support()
[    4.4ms] sys.path setup complete
[    4.8ms] import tkinter
[    5.2ms] import tkinter.ttk, messagebox
[    5.6ms] import datetime
[    6.1ms] pyautogui deferred (lazy import)
[    9.8ms] import filedialog, Path
[   10.1ms] import logging, threading
[   11.6ms] import app_setting_data
[   11.9ms] automation.BomAutomation deferred (lazy import)
[  233.8ms] import ui_setting
[  234.1ms] import wf_log

============================================================
STARTUP PROFILING (Real-time)
============================================================
[    0.0ms] Script start
[    7.3ms] multiprocessing.freeze_support()
[    7.6ms] sys.path setup complete
[    7.8ms] import tkinter
[    8.1ms] import tkinter.ttk, messagebox
[    8.3ms] import datetime
[    8.5ms] pyautogui deferred (lazy import)
[   10.8ms] import filedialog, Path
[   11.1ms] import logging, threading
[   12.7ms] import app_setting_data
[   12.9ms] automation.BomAutomation deferred (lazy import)
[  273.4ms] import ui_setting
[  274.1ms] import wf_log

============================================================
STARTUP PROFILING (Real-time)
============================================================
[    0.0ms] Script start
[    4.4ms] multiprocessing.freeze_support()
[    4.7ms] sys.path setup complete
[    5.7ms] import tkinter
[    6.1ms] import tkinter.ttk, messagebox
[    6.7ms] import datetime
[    6.9ms] pyautogui deferred (lazy import)
[   10.0ms] import filedialog, Path
[   10.2ms] import logging, threading
[   11.3ms] import app_setting_data
[   11.7ms] automation.BomAutomation deferred (lazy import)
[  234.0ms] import ui_setting
[  234.5ms] import wf_log

============================================================
STARTUP PROFILING (Real-time)
============================================================
[    0.0ms] Script start
[    5.1ms] multiprocessing.freeze_support()
[    5.4ms] sys.path setup complete
[    5.7ms] import tkinter
[    6.6ms] import tkinter.ttk, messagebox
[    6.9ms] import datetime
[    8.1ms] pyautogui deferred (lazy import)
[   10.8ms] import filedialog, Path
[   11.2ms] import logging, threading
[   13.7ms] import app_setting_data
[   13.9ms] automation.BomAutomation deferred (lazy import)
[  254.9ms] import ui_setting
[  255.5ms] import wf_log

============================================================
STARTUP PROFILING (Real-time)
============================================================
[    0.0ms] Script start
[    8.2ms] multiprocessing.freeze_support()
[    9.4ms] sys.path setup complete
[   10.7ms] import tkinter
[   11.4ms] import tkinter.ttk, messagebox
[   13.6ms] import datetime
[   13.8ms] pyautogui deferred (lazy import)
[   18.3ms] import filedialog, Path
[   18.8ms] import logging, threading
[   20.7ms] import app_setting_data
[   21.7ms] automation.BomAutomation deferred (lazy import)
[  354.2ms] import ui_setting
[  355.1ms] import wf_log

============================================================
STARTUP PROFILING (Real-time)
============================================================
[    0.0ms] Script start
[    5.6ms] multiprocessing.freeze_support()
[    6.0ms] sys.path setup complete
[    6.3ms] import tkinter
[    6.6ms] import tkinter.ttk, messagebox
[    6.9ms] import datetime
[    7.4ms] pyautogui deferred (lazy import)
[   10.7ms] import filedialog, Path
[   12.1ms] import logging, threading
[   13.8ms] import app_setting_data
[   14.1ms] automation.BomAutomation deferred (lazy import)
[  250.7ms] import ui_setting
[  251.0ms] import wf_log

============================================================
STARTUP PROFILING (Real-time)
============================================================
[    0.0ms] Script start
[    4.5ms] multiprocessing.freeze_support()
[    4.8ms] sys.path setup complete
[    5.0ms] import tkinter
[    5.7ms] import tkinter.ttk, messagebox
[    5.9ms] import datetime
[    7.1ms] pyautogui deferred (lazy import)
[   10.0ms] import filedialog, Path
[   10.3ms] import logging, threading
[   12.5ms] import app_setting_data
[   13.0ms] automation.BomAutomation deferred (lazy import)
[  220.9ms] import ui_setting
[  221.2ms] import wf_log

============================================================
STARTUP PROFILING (Real-time)
============================================================
[    0.0ms] Script start
[    4.2ms] multiprocessing.freeze_support()
[    4.6ms] sys.path setup complete
[    4.9ms] import tkinter
[    5.1ms] import tkinter.ttk, messagebox
[    5.7ms] import datetime
[    6.2ms] pyautogui deferred (lazy import)
[    8.7ms] import filedialog, Path
[    9.0ms] import logging, threading
[    9.9ms] import app_setting_data
[   10.1ms] automation.BomAutomation deferred (lazy import)
[  213.3ms] import ui_setting
[  213.6ms] import wf_log

============================================================
STARTUP PROFILING (Real-time)
============================================================
[    0.0ms] Script start
[    3.5ms] multiprocessing.freeze_support()
[    3.9ms] sys.path setup complete
[    4.1ms] import tkinter
[    4.4ms] import tkinter.ttk, messagebox
[    4.7ms] import datetime
[    4.9ms] pyautogui deferred (lazy import)
[    7.5ms] import filedialog, Path
[    7.8ms] import logging, threading
[    9.2ms] import app_setting_data
[    9.6ms] automation.BomAutomation deferred (lazy import)
[  209.7ms] import ui_setting
[  210.1ms] import wf_log

============================================================
STARTUP PROFILING (Real-time)
============================================================
[    0.0ms] Script start
[    3.5ms] multiprocessing.freeze_support()
[    3.8ms] sys.path setup complete
[    4.3ms] import tkinter
[    4.5ms] import tkinter.ttk, messagebox
[    4.8ms] import datetime
[    5.0ms] pyautogui deferred (lazy import)
[    7.4ms] import filedialog, Path
[    7.6ms] import logging, threading
[    8.5ms] import app_setting_data
[    8.7ms] automation.BomAutomation deferred (lazy import)
[  207.6ms] import ui_setting
[  207.9ms] import wf_log

============================================================
STARTUP PROFILING (Real-time)
============================================================
[    0.0ms] Script start
[    4.3ms] multiprocessing.freeze_support()
[    4.6ms] sys.path setup complete
[    4.9ms] import tkinter
[    5.5ms] import tkinter.ttk, messagebox
[    6.0ms] import datetime
[    6.3ms] pyautogui deferred (lazy import)
[    9.2ms] import filedialog, Path
[    9.4ms] import logging, threading
[   10.3ms] import app_setting_data
[   10.5ms] automation.BomAutomation deferred (lazy import)
[  234.2ms] import ui_setting
[  234.6ms] import wf_log

============================================================
STARTUP PROFILING (Real-time)
============================================================
[    0.0ms] Script start
[    4.0ms] multiprocessing.freeze_support()
[    4.2ms] sys.path setup complete
[    4.5ms] import tkinter
[    5.0ms] import tkinter.ttk, messagebox
[    5.4ms] import datetime
[    5.6ms] pyautogui deferred (lazy import)
[    8.0ms] import filedialog, Path
[    8.4ms] import logging, threading
[    9.4ms] import app_setting_data
[    9.6ms] automation.BomAutomation deferred (lazy import)
[  279.4ms] import ui_setting
[  279.8ms] import wf_log

============================================================
STARTUP PROFILING (Real-time)
============================================================
[    0.0ms] Script start
[    6.2ms] multiprocessing.freeze_support()
[    6.7ms] sys.path setup complete
[    7.0ms] import tkinter
[    8.1ms] import tkinter.ttk, messagebox
[    8.9ms] import datetime
[    9.3ms] pyautogui deferred (lazy import)
[   14.0ms] import filedialog, Path
[   14.4ms] import logging, threading
[   15.5ms] import app_setting_data
[   15.8ms] automation.BomAutomation deferred (lazy import)
[  290.2ms] import ui_setting
[  290.6ms] import wf_log

============================================================
STARTUP PROFILING (Real-time)
============================================================
[    0.0ms] Script start
[    5.7ms] multiprocessing.freeze_support()
[    6.1ms] sys.path setup complete
[    6.4ms] import tkinter
[    6.7ms] import tkinter.ttk, messagebox
[    7.0ms] import datetime
[    7.8ms] pyautogui deferred (lazy import)
[   10.3ms] import filedialog, Path
[   10.7ms] import logging, threading
[   11.7ms] import app_setting_data
[   12.0ms] automation.BomAutomation deferred (lazy import)
[  250.1ms] import ui_setting
[  250.5ms] import wf_log

============================================================
STARTUP PROFILING (Real-time)
============================================================
[    0.0ms] Script start
[    4.3ms] multiprocessing.freeze_support()
[    4.7ms] sys.path setup complete
[    4.9ms] import tkinter
[    5.2ms] import tkinter.ttk, messagebox
[    5.4ms] import datetime
[    5.7ms] pyautogui deferred (lazy import)
[    8.4ms] import filedialog, Path
[    8.7ms] import logging, threading
[    9.7ms] import app_setting_data
[   10.0ms] automation.BomAutomation deferred (lazy import)
[  213.1ms] import ui_setting
[  214.0ms] import wf_log

============================================================
STARTUP PROFILING (Real-time)
============================================================
[    0.0ms] Script start
[    5.7ms] multiprocessing.freeze_support()
[    6.0ms] sys.path setup complete
[    6.3ms] import tkinter
[    6.6ms] import tkinter.ttk, messagebox
[   10.3ms] import datetime
[   10.7ms] pyautogui deferred (lazy import)
[   13.8ms] import filedialog, Path
[   14.1ms] import logging, threading
[   15.1ms] import app_setting_data
[   15.4ms] automation.BomAutomation deferred (lazy import)
[  226.2ms] import ui_setting
[  226.6ms] import wf_log

============================================================
STARTUP PROFILING (Real-time)
============================================================
[    0.0ms] Script start
[    4.7ms] multiprocessing.freeze_support()
[    5.0ms] sys.path setup complete
[    5.3ms] import tkinter
[    5.7ms] import tkinter.ttk, messagebox
[    5.9ms] import datetime
[    6.3ms] pyautogui deferred (lazy import)
[    9.2ms] import filedialog, Path
[    9.5ms] import logging, threading
[   10.5ms] import app_setting_data
[   10.8ms] automation.BomAutomation deferred (lazy import)
[  222.8ms] import ui_setting
[  223.2ms] import wf_log

============================================================
STARTUP PROFILING (Real-time)
============================================================
[    0.0ms] Script start
[    4.6ms] multiprocessing.freeze_support()
[    5.0ms] sys.path setup complete
[    5.2ms] import tkinter
[    5.7ms] import tkinter.ttk, messagebox
[    6.1ms] import datetime
[    6.5ms] pyautogui deferred (lazy import)
[    9.1ms] import filedialog, Path
[    9.5ms] import logging, threading
[   10.8ms] import app_setting_data
[   11.1ms] automation.BomAutomation deferred (lazy import)
[  214.9ms] import ui_setting
[  215.2ms] import wf_log

============================================================
STARTUP PROFILING (Real-time)
============================================================
[    0.0ms] Script start
[    4.6ms] multiprocessing.freeze_support()
[    5.1ms] sys.path setup complete
[    5.6ms] import tkinter
[    5.9ms] import tkinter.ttk, messagebox
[    6.5ms] import datetime
[    6.8ms] pyautogui deferred (lazy import)
[    9.2ms] import filedialog, Path
[    9.5ms] import logging, threading
[   10.4ms] import app_setting_data
[   10.6ms] automation.BomAutomation deferred (lazy import)
[  212.8ms] import ui_setting
[  213.2ms] import wf_log

============================================================
STARTUP PROFILING (Real-time)
============================================================
[    0.0ms] Script start
[    3.2ms] multiprocessing.freeze_support()
[    3.4ms] sys.path setup complete
[    3.6ms] import tkinter
[    3.8ms] import tkinter.ttk, messagebox
[    4.3ms] import datetime
[    4.7ms] pyautogui deferred (lazy import)
[    7.2ms] import filedialog, Path
[    7.5ms] import logging, threading
[    8.4ms] import app_setting_data
[    8.8ms] automation.BomAutomation deferred (lazy import)
[  218.5ms] import ui_setting
[  218.8ms] import wf_log

============================================================
STARTUP PROFILING (Real-time)
============================================================
[    0.0ms] Script start
[    3.0ms] multiprocessing.freeze_support()
[    3.3ms] sys.path setup complete
[    3.5ms] import tkinter
[    3.8ms] import tkinter.ttk, messagebox
[    4.3ms] import datetime
[    4.7ms] pyautogui deferred (lazy import)
[    7.0ms] import filedialog, Path
[    7.3ms] import logging, threading
[    8.2ms] import app_setting_data
[    8.4ms] automation.BomAutomation deferred (lazy import)
[  201.1ms] import ui_setting
[  201.4ms] import wf_log

============================================================
STARTUP PROFILING (Real-time)
============================================================
[    0.0ms] Script start
[    4.4ms] multiprocessing.freeze_support()
[    4.8ms] sys.path setup complete
[    5.1ms] import tkinter
[    5.4ms] import tkinter.ttk, messagebox
[    5.7ms] import datetime
[    6.2ms] pyautogui deferred (lazy import)
[    8.9ms] import filedialog, Path
[    9.2ms] import logging, threading
[   10.2ms] import app_setting_data
[   10.4ms] automation.BomAutomation deferred (lazy import)
[  251.6ms] import ui_setting
[  251.9ms] import wf_log

============================================================
STARTUP PROFILING (Real-time)
============================================================
[    0.0ms] Script start
[    3.6ms] multiprocessing.freeze_support()
[    3.9ms] sys.path setup complete
[    4.1ms] import tkinter
[    4.3ms] import tkinter.ttk, messagebox
[    4.8ms] import datetime
[    5.2ms] pyautogui deferred (lazy import)
[    7.2ms] import filedialog, Path
[    7.4ms] import logging, threading
[    8.3ms] import app_setting_data
[    8.5ms] automation.BomAutomation deferred (lazy import)
[ 1933.2ms] import ui_setting
[ 1933.5ms] import wf_log

============================================================
STARTUP PROFILING (Real-time)
============================================================
[    0.0ms] Script start
[    3.2ms] multiprocessing.freeze_support()
[    3.5ms] sys.path setup complete
[    3.7ms] import tkinter
[    4.2ms] import tkinter.ttk, messagebox
[    4.6ms] import datetime
[    5.0ms] pyautogui deferred (lazy import)
[    7.0ms] import filedialog, Path
[    7.2ms] import logging, threading
[    8.2ms] import app_setting_data
[    8.5ms] automation.BomAutomation deferred (lazy import)
[  193.7ms] import ui_setting
[  194.2ms] import wf_log

============================================================
STARTUP PROFILING (Real-time)
============================================================
[    0.0ms] Script start
[    3.7ms] multiprocessing.freeze_support()
[    4.0ms] sys.path setup complete
[    4.4ms] import tkinter
[    4.6ms] import tkinter.ttk, messagebox
[    4.8ms] import datetime
[    5.0ms] pyautogui deferred (lazy import)
[    7.1ms] import filedialog, Path
[    7.4ms] import logging, threading
[    8.5ms] import app_setting_data
[    8.7ms] automation.BomAutomation deferred (lazy import)
[  205.8ms] import ui_setting
[  206.2ms] import wf_log

============================================================
STARTUP PROFILING (Real-time)
============================================================
[    0.0ms] Script start
[    3.9ms] multiprocessing.freeze_support()
[    4.1ms] sys.path setup complete
[    5.5ms] import tkinter
[    5.7ms] import tkinter.ttk, messagebox
[    6.0ms] import datetime
[    6.5ms] pyautogui deferred (lazy import)
[    8.5ms] import filedialog, Path
[    8.8ms] import logging, threading
[    9.7ms] import app_setting_data
[    9.9ms] automation.BomAutomation deferred (lazy import)
[  235.7ms] import ui_setting
[  236.1ms] import wf_log

============================================================
STARTUP PROFILING (Real-time)
============================================================
[    0.0ms] Script start
[    4.5ms] multiprocessing.freeze_support()
[    4.9ms] sys.path setup complete
[    6.1ms] import tkinter
[    6.6ms] import tkinter.ttk, messagebox
[    6.9ms] import datetime
[    7.4ms] pyautogui deferred (lazy import)
[   10.2ms] import filedialog, Path
[   10.5ms] import logging, threading
[   11.6ms] import app_setting_data
[   11.8ms] automation.BomAutomation deferred (lazy import)
[  225.3ms] import ui_setting
[  225.7ms] import wf_log

============================================================
STARTUP PROFILING (Real-time)
============================================================
[    0.0ms] Script start
[    3.8ms] multiprocessing.freeze_support()
[    4.2ms] sys.path setup complete
[    4.4ms] import tkinter
[    4.9ms] import tkinter.ttk, messagebox
[    5.3ms] import datetime
[    5.7ms] pyautogui deferred (lazy import)
[    8.6ms] import filedialog, Path
[    8.9ms] import logging, threading
[    9.9ms] import app_setting_data
[   10.2ms] automation.BomAutomation deferred (lazy import)
[  203.6ms] import ui_setting
[  203.9ms] import wf_log

============================================================
STARTUP PROFILING (Real-time)
============================================================
[    0.0ms] Script start
[    4.8ms] multiprocessing.freeze_support()
[    5.1ms] sys.path setup complete
[    5.5ms] import tkinter
[    5.8ms] import tkinter.ttk, messagebox
[    6.3ms] import datetime
[    6.5ms] pyautogui deferred (lazy import)
[   10.8ms] import filedialog, Path
[   11.1ms] import logging, threading
[   12.2ms] import app_setting_data
[   12.4ms] automation.BomAutomation deferred (lazy import)
[  198.9ms] import ui_setting
[  199.3ms] import wf_log

============================================================
STARTUP PROFILING (Real-time)
============================================================
[    0.0ms] Script start
[    4.4ms] multiprocessing.freeze_support()
[    5.5ms] sys.path setup complete
[    5.9ms] import tkinter
[    6.2ms] import tkinter.ttk, messagebox
[    6.5ms] import datetime
[    6.7ms] pyautogui deferred (lazy import)
[    9.0ms] import filedialog, Path
[    9.3ms] import logging, threading
[   11.0ms] import app_setting_data
[   11.2ms] automation.BomAutomation deferred (lazy import)
[  226.9ms] import ui_setting
[  227.2ms] import wf_log

============================================================
STARTUP PROFILING (Real-time)
============================================================
[    0.0ms] Script start
[    4.0ms] multiprocessing.freeze_support()
[    6.1ms] sys.path setup complete
[    6.7ms] import tkinter
[    6.9ms] import tkinter.ttk, messagebox
[    7.4ms] import datetime
[    7.8ms] pyautogui deferred (lazy import)
[   10.7ms] import filedialog, Path
[   11.0ms] import logging, threading
[   12.7ms] import app_setting_data
[   13.0ms] automation.BomAutomation deferred (lazy import)
[  225.7ms] import ui_setting
[  226.0ms] import wf_log

============================================================
STARTUP PROFILING (Real-time)
============================================================
[    0.0ms] Script start
[    5.2ms] multiprocessing.freeze_support()
[    5.6ms] sys.path setup complete
[    6.1ms] import tkinter
[    6.4ms] import tkinter.ttk, messagebox
[    6.7ms] import datetime
[    6.9ms] pyautogui deferred (lazy import)
[    9.6ms] import filedialog, Path
[   10.1ms] import logging, threading
[   11.7ms] import app_setting_data
[   12.0ms] automation.BomAutomation deferred (lazy import)
[  252.1ms] import ui_setting
[  252.5ms] import wf_log

============================================================
STARTUP PROFILING (Real-time)
============================================================
[    0.0ms] Script start
[    3.9ms] multiprocessing.freeze_support()
[    4.3ms] sys.path setup complete
[    4.7ms] import tkinter
[    5.1ms] import tkinter.ttk, messagebox
[    5.6ms] import datetime
[    6.0ms] pyautogui deferred (lazy import)
[    8.5ms] import filedialog, Path
[    8.9ms] import logging, threading
[   10.0ms] import app_setting_data
[   10.3ms] automation.BomAutomation deferred (lazy import)
[  252.1ms] import ui_setting
[  252.5ms] import wf_log

============================================================
STARTUP PROFILING (Real-time)
============================================================
[    0.0ms] Script start
[    4.4ms] multiprocessing.freeze_support()
[    4.7ms] sys.path setup complete
[    5.0ms] import tkinter
[    5.2ms] import tkinter.ttk, messagebox
[    5.4ms] import datetime
[    5.6ms] pyautogui deferred (lazy import)
[    7.5ms] import filedialog, Path
[    7.9ms] import logging, threading
[    9.0ms] import app_setting_data
[    9.3ms] automation.BomAutomation deferred (lazy import)
[  190.3ms] import ui_setting
[  190.6ms] import wf_log

============================================================
STARTUP PROFILING (Real-time)
============================================================
[    0.0ms] Script start
[    4.4ms] multiprocessing.freeze_support()
[    4.7ms] sys.path setup complete
[    4.9ms] import tkinter
[    5.4ms] import tkinter.ttk, messagebox
[    6.1ms] import datetime
[    6.4ms] pyautogui deferred (lazy import)
[    8.6ms] import filedialog, Path
[    8.9ms] import logging, threading
[    9.7ms] import app_setting_data
[    9.9ms] automation.BomAutomation deferred (lazy import)
[  223.6ms] import ui_setting
[  224.0ms] import wf_log

============================================================
STARTUP PROFILING (Real-time)
============================================================
[    0.0ms] Script start
[    3.4ms] multiprocessing.freeze_support()
[    3.7ms] sys.path setup complete
[    3.9ms] import tkinter
[    4.3ms] import tkinter.ttk, messagebox
[    4.6ms] import datetime
[    4.8ms] pyautogui deferred (lazy import)
[    8.7ms] import filedialog, Path
[    9.1ms] import logging, threading
[   10.3ms] import app_setting_data
[   10.5ms] automation.BomAutomation deferred (lazy import)
[  221.6ms] import ui_setting
[  221.9ms] import wf_log

============================================================
STARTUP PROFILING (Real-time)
============================================================
[    0.0ms] Script start
[    5.3ms] multiprocessing.freeze_support()
[    5.6ms] sys.path setup complete
[    6.1ms] import tkinter
[    6.4ms] import tkinter.ttk, messagebox
[    6.6ms] import datetime
[    7.1ms] pyautogui deferred (lazy import)
[   10.3ms] import filedialog, Path
[   10.6ms] import logging, threading
[   11.6ms] import app_setting_data
[   11.9ms] automation.BomAutomation deferred (lazy import)
[  218.7ms] import ui_setting
[  219.0ms] import wf_log

============================================================
STARTUP PROFILING (Real-time)
============================================================
[    0.0ms] Script start
[    5.2ms] multiprocessing.freeze_support()
[    5.5ms] sys.path setup complete
[    5.8ms] import tkinter
[    6.0ms] import tkinter.ttk, messagebox
[    6.2ms] import datetime
[    6.6ms] pyautogui deferred (lazy import)
[    9.0ms] import filedialog, Path
[    9.3ms] import logging, threading
[   10.5ms] import app_setting_data
[   10.7ms] automation.BomAutomation deferred (lazy import)
[  207.8ms] import ui_setting
[  208.2ms] import wf_log

============================================================
STARTUP PROFILING (Real-time)
============================================================
[    0.0ms] Script start
[    3.9ms] multiprocessing.freeze_support()
[    4.3ms] sys.path setup complete
[    4.5ms] import tkinter
[    4.7ms] import tkinter.ttk, messagebox
[    5.1ms] import datetime
[    5.4ms] pyautogui deferred (lazy import)
[    8.4ms] import filedialog, Path
[    8.6ms] import logging, threading
[    9.8ms] import app_setting_data
[   10.0ms] automation.BomAutomation deferred (lazy import)
[  205.9ms] import ui_setting
[  206.2ms] import wf_log

============================================================
STARTUP PROFILING (Real-time)
============================================================
[    0.0ms] Script start
[    3.7ms] multiprocessing.freeze_support()
[    4.0ms] sys.path setup complete
[    4.4ms] import tkinter
[    5.1ms] import tkinter.ttk, messagebox
[    5.3ms] import datetime
[    5.7ms] pyautogui deferred (lazy import)
[    7.7ms] import filedialog, Path
[    8.0ms] import logging, threading
[    9.3ms] import app_setting_data
[    9.5ms] automation.BomAutomation deferred (lazy import)
[  206.3ms] import ui_setting
[  206.7ms] import wf_log

============================================================
STARTUP PROFILING (Real-time)
============================================================
[    0.0ms] Script start
[    3.6ms] multiprocessing.freeze_support()
[    4.1ms] sys.path setup complete
[    4.4ms] import tkinter
[    4.9ms] import tkinter.ttk, messagebox
[    5.2ms] import datetime
[    5.4ms] pyautogui deferred (lazy import)
[    7.8ms] import filedialog, Path
[    8.2ms] import logging, threading
[   10.0ms] import app_setting_data
[   10.3ms] automation.BomAutomation deferred (lazy import)
[  198.5ms] import ui_setting
[  198.9ms] import wf_log

============================================================
STARTUP PROFILING (Real-time)
============================================================
[    0.0ms] Script start
[    4.6ms] multiprocessing.freeze_support()
[    4.9ms] sys.path setup complete
[    5.1ms] import tkinter
[    5.4ms] import tkinter.ttk, messagebox
[    5.6ms] import datetime
[    5.8ms] pyautogui deferred (lazy import)
[    8.8ms] import filedialog, Path
[    9.0ms] import logging, threading
[   10.2ms] import app_setting_data
[   10.4ms] automation.BomAutomation deferred (lazy import)
[  228.9ms] import ui_setting
[  229.3ms] import wf_log

============================================================
STARTUP PROFILING (Real-time)
============================================================
[    0.0ms] Script start
[    4.3ms] multiprocessing.freeze_support()
[    4.7ms] sys.path setup complete
[    5.3ms] import tkinter
[    5.6ms] import tkinter.ttk, messagebox
[    6.3ms] import datetime
[    6.6ms] pyautogui deferred (lazy import)
[    9.7ms] import filedialog, Path
[   10.1ms] import logging, threading
[   11.3ms] import app_setting_data
[   11.5ms] automation.BomAutomation deferred (lazy import)
[  202.7ms] import ui_setting
[  203.1ms] import wf_log

============================================================
STARTUP PROFILING (Real-time)
============================================================
[    0.0ms] Script start
[    7.7ms] multiprocessing.freeze_support()
[    8.0ms] sys.path setup complete
[    8.3ms] import tkinter
[    8.9ms] import tkinter.ttk, messagebox
[   10.2ms] import datetime
[   10.6ms] pyautogui deferred (lazy import)
[   14.2ms] import filedialog, Path
[   14.6ms] import logging, threading
[   16.0ms] import app_setting_data
[   16.3ms] automation.BomAutomation deferred (lazy import)
[  271.0ms] import ui_setting
[  271.3ms] import wf_log

============================================================
STARTUP PROFILING (Real-time)
============================================================
[    0.0ms] Script start
[    3.4ms] multiprocessing.freeze_support()
[    3.7ms] sys.path setup complete
[    3.9ms] import tkinter
[    4.2ms] import tkinter.ttk, messagebox
[    4.7ms] import datetime
[    5.0ms] pyautogui deferred (lazy import)
[    7.0ms] import filedialog, Path
[    7.3ms] import logging, threading
[    8.2ms] import app_setting_data
[    8.4ms] automation.BomAutomation deferred (lazy import)
[  208.9ms] import ui_setting
[  209.3ms] import wf_log

============================================================
STARTUP PROFILING (Real-time)
============================================================
[    0.0ms] Script start
[    3.9ms] multiprocessing.freeze_support()
[    4.2ms] sys.path setup complete
[    4.4ms] import tkinter
[    5.0ms] import tkinter.ttk, messagebox
[    5.3ms] import datetime
[    5.7ms] pyautogui deferred (lazy import)
[    8.0ms] import filedialog, Path
[    8.3ms] import logging, threading
[    9.6ms] import app_setting_data
[    9.8ms] automation.BomAutomation deferred (lazy import)
[  211.3ms] import ui_setting
[  211.7ms] import wf_log

============================================================
STARTUP PROFILING (Real-time)
============================================================
[    0.0ms] Script start
[    4.3ms] multiprocessing.freeze_support()
[    4.6ms] sys.path setup complete
[    4.8ms] import tkinter
[    5.0ms] import tkinter.ttk, messagebox
[    5.3ms] import datetime
[    5.5ms] pyautogui deferred (lazy import)
[    9.6ms] import filedialog, Path
[   10.0ms] import logging, threading
[   11.1ms] import app_setting_data
[   11.4ms] automation.BomAutomation deferred (lazy import)
[  248.6ms] import ui_setting
[  249.1ms] import wf_log

============================================================
STARTUP PROFILING (Real-time)
============================================================
[    0.0ms] Script start
[    3.7ms] multiprocessing.freeze_support()
[    4.0ms] sys.path setup complete
[    4.6ms] import tkinter
[    5.0ms] import tkinter.ttk, messagebox
[    5.2ms] import datetime
[    5.5ms] pyautogui deferred (lazy import)
[    8.1ms] import filedialog, Path
[    8.4ms] import logging, threading
[    9.3ms] import app_setting_data
[    9.6ms] automation.BomAutomation deferred (lazy import)
[  195.3ms] import ui_setting
[  195.6ms] import wf_log

============================================================
STARTUP PROFILING (Real-time)
============================================================
[    0.0ms] Script start
[    3.9ms] multiprocessing.freeze_support()
[    4.3ms] sys.path setup complete
[    4.6ms] import tkinter
[    4.9ms] import tkinter.ttk, messagebox
[    5.3ms] import datetime
[    5.9ms] pyautogui deferred (lazy import)
[    8.7ms] import filedialog, Path
[    8.9ms] import logging, threading
[   10.1ms] import app_setting_data
[   10.3ms] automation.BomAutomation deferred (lazy import)
[  197.7ms] import ui_setting
[  198.0ms] import wf_log

============================================================
STARTUP PROFILING (Real-time)
============================================================
[    0.0ms] Script start
[    3.8ms] multiprocessing.freeze_support()
[    4.3ms] sys.path setup complete
[    4.6ms] import tkinter
[    4.9ms] import tkinter.ttk, messagebox
[    5.3ms] import datetime
[    5.6ms] pyautogui deferred (lazy import)
[    8.3ms] import filedialog, Path
[    8.7ms] import logging, threading
[   10.2ms] import app_setting_data
[   10.5ms] automation.BomAutomation deferred (lazy import)
[  248.2ms] import ui_setting
[  248.6ms] import wf_log

============================================================
STARTUP PROFILING (Real-time)
============================================================
[    0.0ms] Script start
[    3.9ms] multiprocessing.freeze_support()
[    4.2ms] sys.path setup complete
[    4.5ms] import tkinter
[    4.8ms] import tkinter.ttk, messagebox
[    6.0ms] import datetime
[    6.9ms] pyautogui deferred (lazy import)
[   11.0ms] import filedialog, Path
[   11.3ms] import logging, threading
[   12.6ms] import app_setting_data
[   12.8ms] automation.BomAutomation deferred (lazy import)
[  203.3ms] import ui_setting
[  203.6ms] import wf_log

============================================================
STARTUP PROFILING (Real-time)
============================================================
[    0.0ms] Script start
[    4.0ms] multiprocessing.freeze_support()
[    4.3ms] sys.path setup complete
[    4.7ms] import tkinter
[    5.0ms] import tkinter.ttk, messagebox
[    5.2ms] import datetime
[    6.6ms] pyautogui deferred (lazy import)
[    9.3ms] import filedialog, Path
[    9.7ms] import logging, threading
[   10.9ms] import app_setting_data
[   11.1ms] automation.BomAutomation deferred (lazy import)
[  211.2ms] import ui_setting
[  211.6ms] import wf_log

============================================================
STARTUP PROFILING (Real-time)
============================================================
[    0.0ms] Script start
[    3.8ms] multiprocessing.freeze_support()
[    4.1ms] sys.path setup complete
[    4.6ms] import tkinter
[    5.0ms] import tkinter.ttk, messagebox
[    5.8ms] import datetime
[    6.5ms] pyautogui deferred (lazy import)
[    9.4ms] import filedialog, Path
[    9.8ms] import logging, threading
[   10.8ms] import app_setting_data
[   11.1ms] automation.BomAutomation deferred (lazy import)
[  238.8ms] import ui_setting
[  239.6ms] import wf_log

============================================================
STARTUP PROFILING (Real-time)
============================================================
[    0.0ms] Script start
[    4.1ms] multiprocessing.freeze_support()
[    4.4ms] sys.path setup complete
[    4.7ms] import tkinter
[    5.2ms] import tkinter.ttk, messagebox
[    5.5ms] import datetime
[    6.0ms] pyautogui deferred (lazy import)
[    8.4ms] import filedialog, Path
[    8.7ms] import logging, threading
[    9.8ms] import app_setting_data
[   10.0ms] automation.BomAutomation deferred (lazy import)
[  214.6ms] import ui_setting
[  215.1ms] import wf_log

============================================================
STARTUP PROFILING (Real-time)
============================================================
[    0.0ms] Script start
[    3.6ms] multiprocessing.freeze_support()
[    4.0ms] sys.path setup complete
[    4.3ms] import tkinter
[    4.7ms] import tkinter.ttk, messagebox
[    4.9ms] import datetime
[    5.2ms] pyautogui deferred (lazy import)
[    7.3ms] import filedialog, Path
[    7.5ms] import logging, threading
[    8.7ms] import app_setting_data
[    9.1ms] automation.BomAutomation deferred (lazy import)
[  207.8ms] import ui_setting
[  208.2ms] import wf_log

============================================================
STARTUP PROFILING (Real-time)
============================================================
[    0.0ms] Script start
[    4.2ms] multiprocessing.freeze_support()
[    4.6ms] sys.path setup complete
[    5.0ms] import tkinter
[    5.3ms] import tkinter.ttk, messagebox
[    5.6ms] import datetime
[    6.0ms] pyautogui deferred (lazy import)
[    8.2ms] import filedialog, Path
[    8.5ms] import logging, threading
[    9.6ms] import app_setting_data
[    9.8ms] automation.BomAutomation deferred (lazy import)
[  200.8ms] import ui_setting
[  201.2ms] import wf_log

============================================================
STARTUP PROFILING (Real-time)
============================================================
[    0.0ms] Script start
[    4.1ms] multiprocessing.freeze_support()
[    4.5ms] sys.path setup complete
[    4.9ms] import tkinter
[    5.1ms] import tkinter.ttk, messagebox
[    5.4ms] import datetime
[    5.6ms] pyautogui deferred (lazy import)
[    7.8ms] import filedialog, Path
[    8.0ms] import logging, threading
[    9.4ms] import app_setting_data
[    9.6ms] automation.BomAutomation deferred (lazy import)
[  207.2ms] import ui_setting
[  207.6ms] import wf_log

============================================================
STARTUP PROFILING (Real-time)
============================================================
[    0.0ms] Script start
[    4.0ms] multiprocessing.freeze_support()
[    4.2ms] sys.path setup complete
[    4.5ms] import tkinter
[    4.9ms] import tkinter.ttk, messagebox
[    5.3ms] import datetime
[    5.7ms] pyautogui deferred (lazy import)
[    8.3ms] import filedialog, Path
[    8.6ms] import logging, threading
[    9.7ms] import app_setting_data
[    9.9ms] automation.BomAutomation deferred (lazy import)
[  263.5ms] import ui_setting
[  263.8ms] import wf_log

============================================================
STARTUP PROFILING (Real-time)
============================================================
[    0.0ms] Script start
[    3.6ms] multiprocessing.freeze_support()
[    4.0ms] sys.path setup complete
[    4.3ms] import tkinter
[    4.6ms] import tkinter.ttk, messagebox
[    4.9ms] import datetime
[    5.3ms] pyautogui deferred (lazy import)
[    7.8ms] import filedialog, Path
[    8.1ms] import logging, threading
[    9.3ms] import app_setting_data
[    9.5ms] automation.BomAutomation deferred (lazy import)
[  225.3ms] import ui_setting
[  225.7ms] import wf_log

============================================================
STARTUP PROFILING (Real-time)
============================================================
[    0.0ms] Script start
[    3.7ms] multiprocessing.freeze_support()
[    4.0ms] sys.path setup complete
[    4.3ms] import tkinter
[    4.7ms] import tkinter.ttk, messagebox
[    5.0ms] import datetime
[    5.3ms] pyautogui deferred (lazy import)
[    8.2ms] import filedialog, Path
[    8.6ms] import logging, threading
[    9.8ms] import app_setting_data
[   10.1ms] automation.BomAutomation deferred (lazy import)
[  225.4ms] import ui_setting
[  225.8ms] import wf_log

============================================================
STARTUP PROFILING (Real-time)
============================================================
[    0.0ms] Script start
[    4.0ms] multiprocessing.freeze_support()
[    4.4ms] sys.path setup complete
[    4.7ms] import tkinter
[    5.1ms] import tkinter.ttk, messagebox
[    5.5ms] import datetime
[    5.9ms] pyautogui deferred (lazy import)
[    8.2ms] import filedialog, Path
[    8.5ms] import logging, threading
[    9.6ms] import app_setting_data
[    9.8ms] automation.BomAutomation deferred (lazy import)
[  211.7ms] import ui_setting
[  212.0ms] import wf_log

============================================================
STARTUP PROFILING (Real-time)
============================================================
[    0.0ms] Script start
[    4.1ms] multiprocessing.freeze_support()
[    4.5ms] sys.path setup complete
[    4.8ms] import tkinter
[    5.2ms] import tkinter.ttk, messagebox
[    5.8ms] import datetime
[    6.3ms] pyautogui deferred (lazy import)
[    8.9ms] import filedialog, Path
[    9.2ms] import logging, threading
[   10.3ms] import app_setting_data
[   10.6ms] automation.BomAutomation deferred (lazy import)
[  230.8ms] import ui_setting
[  231.2ms] import wf_log

============================================================
STARTUP PROFILING (Real-time)
============================================================
[    0.0ms] Script start
[    4.4ms] multiprocessing.freeze_support()
[    4.6ms] sys.path setup complete
[    5.0ms] import tkinter
[    5.3ms] import tkinter.ttk, messagebox
[    5.6ms] import datetime
[    5.8ms] pyautogui deferred (lazy import)
[    8.0ms] import filedialog, Path
[    8.2ms] import logging, threading
[    9.2ms] import app_setting_data
[    9.4ms] automation.BomAutomation deferred (lazy import)
[  190.0ms] import ui_setting
[  190.4ms] import wf_log

============================================================
STARTUP PROFILING (Real-time)
============================================================
[    0.0ms] Script start
[    4.4ms] multiprocessing.freeze_support()
[    4.7ms] sys.path setup complete
[    5.0ms] import tkinter
[    5.5ms] import tkinter.ttk, messagebox
[    5.8ms] import datetime
[    6.1ms] pyautogui deferred (lazy import)
[    8.6ms] import filedialog, Path
[    8.9ms] import logging, threading
[   10.0ms] import app_setting_data
[   10.3ms] automation.BomAutomation deferred (lazy import)
[  219.1ms] import ui_setting
[  219.4ms] import wf_log

============================================================
STARTUP PROFILING (Real-time)
============================================================
[    0.0ms] Script start
[    8.2ms] multiprocessing.freeze_support()
[    8.8ms] sys.path setup complete
[    9.5ms] import tkinter
[   10.0ms] import tkinter.ttk, messagebox
[   10.9ms] import datetime
[   11.6ms] pyautogui deferred (lazy import)
[   15.9ms] import filedialog, Path
[   16.6ms] import logging, threading
[   18.7ms] import app_setting_data
[   19.0ms] automation.BomAutomation deferred (lazy import)
[  232.8ms] import ui_setting
[  233.2ms] import wf_log

============================================================
STARTUP PROFILING (Real-time)
============================================================
[    0.0ms] Script start
[    3.6ms] multiprocessing.freeze_support()
[    3.9ms] sys.path setup complete
[    4.2ms] import tkinter
[    4.5ms] import tkinter.ttk, messagebox
[    4.7ms] import datetime
[    4.9ms] pyautogui deferred (lazy import)
[    6.9ms] import filedialog, Path
[    7.1ms] import logging, threading
[    8.4ms] import app_setting_data
[    8.7ms] automation.BomAutomation deferred (lazy import)
[  201.0ms] import ui_setting
[  201.3ms] import wf_log

============================================================
STARTUP PROFILING (Real-time)
============================================================
[    0.0ms] Script start
[    4.0ms] multiprocessing.freeze_support()
[    4.3ms] sys.path setup complete
[    4.5ms] import tkinter
[    4.9ms] import tkinter.ttk, messagebox
[    5.2ms] import datetime
[    5.4ms] pyautogui deferred (lazy import)
[    7.9ms] import filedialog, Path
[    8.1ms] import logging, threading
[    9.3ms] import app_setting_data
[    9.7ms] automation.BomAutomation deferred (lazy import)
[  224.8ms] import ui_setting
[  225.2ms] import wf_log

============================================================
STARTUP PROFILING (Real-time)
============================================================
[    0.0ms] Script start
[    5.1ms] multiprocessing.freeze_support()
[    5.4ms] sys.path setup complete
[    5.9ms] import tkinter
[    6.2ms] import tkinter.ttk, messagebox
[    6.4ms] import datetime
[    7.3ms] pyautogui deferred (lazy import)
[   10.1ms] import filedialog, Path
[   10.4ms] import logging, threading
[   12.2ms] import app_setting_data
[   12.4ms] automation.BomAutomation deferred (lazy import)
[  228.2ms] import ui_setting
[  228.5ms] import wf_log

============================================================
STARTUP PROFILING (Real-time)
============================================================
[    0.0ms] Script start
[    3.2ms] multiprocessing.freeze_support()
[    3.5ms] sys.path setup complete
[    3.7ms] import tkinter
[    3.9ms] import tkinter.ttk, messagebox
[    4.3ms] import datetime
[    4.6ms] pyautogui deferred (lazy import)
[    7.4ms] import filedialog, Path
[    7.6ms] import logging, threading
[    8.7ms] import app_setting_data
[    8.9ms] automation.BomAutomation deferred (lazy import)
[  219.6ms] import ui_setting
[  220.0ms] import wf_log

============================================================
STARTUP PROFILING (Real-time)
============================================================
[    0.0ms] Script start
[    4.8ms] multiprocessing.freeze_support()
[    5.1ms] sys.path setup complete
[    6.1ms] import tkinter
[    6.4ms] import tkinter.ttk, messagebox
[    7.2ms] import datetime
[    7.9ms] pyautogui deferred (lazy import)
[   11.0ms] import filedialog, Path
[   11.2ms] import logging, threading
[   13.2ms] import app_setting_data
[   13.4ms] automation.BomAutomation deferred (lazy import)
[  212.7ms] import ui_setting
[  213.1ms] import wf_log

============================================================
STARTUP PROFILING (Real-time)
============================================================
[    0.0ms] Script start
[    5.9ms] multiprocessing.freeze_support()
[    6.2ms] sys.path setup complete
[    7.0ms] import tkinter
[    7.3ms] import tkinter.ttk, messagebox
[    7.6ms] import datetime
[    7.8ms] pyautogui deferred (lazy import)
[   10.5ms] import filedialog, Path
[   10.8ms] import logging, threading
[   12.0ms] import app_setting_data
[   12.3ms] automation.BomAutomation deferred (lazy import)
[  234.8ms] import ui_setting
[  235.2ms] import wf_log

============================================================
STARTUP PROFILING (Real-time)
============================================================
[    0.0ms] Script start
[    4.7ms] multiprocessing.freeze_support()
[    5.0ms] sys.path setup complete
[    5.5ms] import tkinter
[    5.8ms] import tkinter.ttk, messagebox
[    6.3ms] import datetime
[    6.6ms] pyautogui deferred (lazy import)
[   10.9ms] import filedialog, Path
[   11.3ms] import logging, threading
[   12.6ms] import app_setting_data
[   12.9ms] automation.BomAutomation deferred (lazy import)
[  216.7ms] import ui_setting
[  217.0ms] import wf_log

============================================================
STARTUP PROFILING (Real-time)
============================================================
[    0.0ms] Script start
[    5.0ms] multiprocessing.freeze_support()
[    5.4ms] sys.path setup complete
[    5.7ms] import tkinter
[    6.0ms] import tkinter.ttk, messagebox
[    6.2ms] import datetime
[    6.6ms] pyautogui deferred (lazy import)
[    9.2ms] import filedialog, Path
[    9.5ms] import logging, threading
[   10.5ms] import app_setting_data
[   10.8ms] automation.BomAutomation deferred (lazy import)
[  250.4ms] import ui_setting
[  250.7ms] import wf_log

============================================================
STARTUP PROFILING (Real-time)
============================================================
[    0.0ms] Script start
[    4.9ms] multiprocessing.freeze_support()
[    5.7ms] sys.path setup complete
[    6.2ms] import tkinter
[    6.5ms] import tkinter.ttk, messagebox
[    7.1ms] import datetime
[    7.3ms] pyautogui deferred (lazy import)
[   10.9ms] import filedialog, Path
[   11.3ms] import logging, threading
[   12.6ms] import app_setting_data
[   13.0ms] automation.BomAutomation deferred (lazy import)
[  248.8ms] import ui_setting
[  249.7ms] import wf_log

============================================================
STARTUP PROFILING (Real-time)
============================================================
[    0.0ms] Script start
[    3.5ms] multiprocessing.freeze_support()
[    3.8ms] sys.path setup complete
[    4.1ms] import tkinter
[    4.3ms] import tkinter.ttk, messagebox
[    4.6ms] import datetime
[    4.9ms] pyautogui deferred (lazy import)
[    7.3ms] import filedialog, Path
[    7.6ms] import logging, threading
[    8.6ms] import app_setting_data
[    8.8ms] automation.BomAutomation deferred (lazy import)
[  183.9ms] import ui_setting
[  184.4ms] import wf_log

============================================================
STARTUP PROFILING (Real-time)
============================================================
[    0.0ms] Script start
[    4.6ms] multiprocessing.freeze_support()
[    4.9ms] sys.path setup complete
[    5.4ms] import tkinter
[    5.7ms] import tkinter.ttk, messagebox
[    5.9ms] import datetime
[    6.1ms] pyautogui deferred (lazy import)
[    8.4ms] import filedialog, Path
[    8.7ms] import logging, threading
[   10.0ms] import app_setting_data
[   10.2ms] automation.BomAutomation deferred (lazy import)
[  215.1ms] import ui_setting
[  215.5ms] import wf_log

============================================================
STARTUP PROFILING (Real-time)
============================================================
[    0.0ms] Script start
[    3.3ms] multiprocessing.freeze_support()
[    3.6ms] sys.path setup complete
[    3.8ms] import tkinter
[    4.2ms] import tkinter.ttk, messagebox
[    4.6ms] import datetime
[    5.0ms] pyautogui deferred (lazy import)
[    7.5ms] import filedialog, Path
[    7.8ms] import logging, threading
[    8.7ms] import app_setting_data
[    9.0ms] automation.BomAutomation deferred (lazy import)
[  174.3ms] import ui_setting
[  174.6ms] import wf_log

============================================================
STARTUP PROFILING (Real-time)
============================================================
[    0.0ms] Script start
[    3.9ms] multiprocessing.freeze_support()
[    4.3ms] sys.path setup complete
[    4.6ms] import tkinter
[    4.8ms] import tkinter.ttk, messagebox
[    5.0ms] import datetime
[    5.4ms] pyautogui deferred (lazy import)
[    9.0ms] import filedialog, Path
[    9.3ms] import logging, threading
[   10.3ms] import app_setting_data
[   10.6ms] automation.BomAutomation deferred (lazy import)
[  249.2ms] import ui_setting
[  249.7ms] import wf_log

============================================================
STARTUP PROFILING (Real-time)
============================================================
[    0.0ms] Script start
[    4.6ms] multiprocessing.freeze_support()
[    4.9ms] sys.path setup complete
[    5.3ms] import tkinter
[    5.6ms] import tkinter.ttk, messagebox
[    5.8ms] import datetime
[    6.1ms] pyautogui deferred (lazy import)
[    8.6ms] import filedialog, Path
[    8.9ms] import logging, threading
[   10.2ms] import app_setting_data
[   10.5ms] automation.BomAutomation deferred (lazy import)
[  190.5ms] import ui_setting
[  190.8ms] import wf_log

============================================================
STARTUP PROFILING (Real-time)
============================================================
[    0.0ms] Script start
[    3.4ms] multiprocessing.freeze_support()
[    3.7ms] sys.path setup complete
[    4.0ms] import tkinter
[    4.3ms] import tkinter.ttk, messagebox
[    4.9ms] import datetime
[    5.1ms] pyautogui deferred (lazy import)
[    8.9ms] import filedialog, Path
[    9.2ms] import logging, threading
[   10.3ms] import app_setting_data
[   10.6ms] automation.BomAutomation deferred (lazy import)
[  207.4ms] import ui_setting
[  207.8ms] import wf_log

============================================================
STARTUP PROFILING (Real-time)
============================================================
[    0.0ms] Script start
[    4.1ms] multiprocessing.freeze_support()
[    4.4ms] sys.path setup complete
[    5.2ms] import tkinter
[    5.4ms] import tkinter.ttk, messagebox
[    5.6ms] import datetime
[    5.9ms] pyautogui deferred (lazy import)
[    8.7ms] import filedialog, Path
[    9.0ms] import logging, threading
[   10.5ms] import app_setting_data
[   10.8ms] automation.BomAutomation deferred (lazy import)
[  246.4ms] import ui_setting
[  246.8ms] import wf_log

============================================================
STARTUP PROFILING (Real-time)
============================================================
[    0.0ms] Script start
[    3.6ms] multiprocessing.freeze_support()
[    3.9ms] sys.path setup complete
[    4.2ms] import tkinter
[    4.8ms] import tkinter.ttk, messagebox
[    5.2ms] import datetime
[    5.4ms] pyautogui deferred (lazy import)
[    7.7ms] import filedialog, Path
[    8.0ms] import logging, threading
[    8.9ms] import app_setting_data
[    9.2ms] automation.BomAutomation deferred (lazy import)
[  207.9ms] import ui_setting
[  208.3ms] import wf_log

============================================================
STARTUP PROFILING (Real-time)
============================================================
[    0.0ms] Script start
[    3.6ms] multiprocessing.freeze_support()
[    4.0ms] sys.path setup complete
[    4.4ms] import tkinter
[    4.7ms] import tkinter.ttk, messagebox
[    5.4ms] import datetime
[    6.5ms] pyautogui deferred (lazy import)
[    9.2ms] import filedialog, Path
[    9.4ms] import logging, threading
[   10.6ms] import app_setting_data
[   11.0ms] automation.BomAutomation deferred (lazy import)
[  212.7ms] import ui_setting
[  213.1ms] import wf_log

============================================================
STARTUP PROFILING (Real-time)
============================================================
[    0.0ms] Script start
[    3.4ms] multiprocessing.freeze_support()
[    3.7ms] sys.path setup complete
[    4.1ms] import tkinter
[    4.4ms] import tkinter.ttk, messagebox
[    4.6ms] import datetime
[    5.1ms] pyautogui deferred (lazy import)
[    8.0ms] import filedialog, Path
[    8.3ms] import logging, threading
[    9.3ms] import app_setting_data
[    9.5ms] automation.BomAutomation deferred (lazy import)
[  187.8ms] import ui_setting
[  188.2ms] import wf_log

============================================================
STARTUP PROFILING (Real-time)
============================================================
[    0.0ms] Script start
[   26.7ms] multiprocessing.freeze_support()
[   36.0ms] sys.path setup complete
[   45.9ms] import tkinter
[   55.9ms] import tkinter.ttk, messagebox
[   65.7ms] import datetime
[   72.9ms] pyautogui deferred (lazy import)
[   87.1ms] import filedialog, Path
[   96.5ms] import logging, threading
[  117.1ms] import app_setting_data
[  123.6ms] automation.BomAutomation deferred (lazy import)
[  593.8ms] import ui_setting
[  603.8ms] import wf_log

============================================================
STARTUP PROFILING (Real-time)
============================================================
[    0.0ms] Script start
[    9.4ms] multiprocessing.freeze_support()
[    9.8ms] sys.path setup complete
[   10.2ms] import tkinter
[   11.7ms] import tkinter.ttk, messagebox
[   12.8ms] import datetime
[   13.3ms] pyautogui deferred (lazy import)
[   19.5ms] import filedialog, Path
[   20.0ms] import logging, threading
[   21.9ms] import app_setting_data
[   22.4ms] automation.BomAutomation deferred (lazy import)
[  361.7ms] import ui_setting
[  362.1ms] import wf_log

============================================================
STARTUP PROFILING (Real-time)
============================================================
[    0.0ms] Script start
[    6.1ms] multiprocessing.freeze_support()
[    6.6ms] sys.path setup complete
[    7.0ms] import tkinter
[    7.6ms] import tkinter.ttk, messagebox
[    8.2ms] import datetime
[    8.6ms] pyautogui deferred (lazy import)
[   13.2ms] import filedialog, Path
[   13.9ms] import logging, threading
[   16.7ms] import app_setting_data
[   17.0ms] automation.BomAutomation deferred (lazy import)
[  356.7ms] import ui_setting
[  357.1ms] import wf_log

============================================================
STARTUP PROFILING (Real-time)
============================================================
[    0.0ms] Script start
[    5.1ms] multiprocessing.freeze_support()
[    5.4ms] sys.path setup complete
[    5.8ms] import tkinter
[    6.4ms] import tkinter.ttk, messagebox
[    6.8ms] import datetime
[    7.3ms] pyautogui deferred (lazy import)
[   12.8ms] import filedialog, Path
[   13.2ms] import logging, threading
[   15.1ms] import app_setting_data
[   15.5ms] automation.BomAutomation deferred (lazy import)
[  329.0ms] import ui_setting
[  329.4ms] import wf_log

============================================================
STARTUP PROFILING (Real-time)
============================================================
[    0.0ms] Script start
[    7.9ms] multiprocessing.freeze_support()
[    8.5ms] sys.path setup complete
[    9.1ms] import tkinter
[    9.6ms] import tkinter.ttk, messagebox
[   10.0ms] import datetime
[   10.9ms] pyautogui deferred (lazy import)
[   14.0ms] import filedialog, Path
[   14.3ms] import logging, threading
[   16.1ms] import app_setting_data
[   16.4ms] automation.BomAutomation deferred (lazy import)
[  330.6ms] import ui_setting
[  331.1ms] import wf_log

============================================================
STARTUP PROFILING (Real-time)
============================================================
[    0.0ms] Script start
[    6.7ms] multiprocessing.freeze_support()
[    7.2ms] sys.path setup complete
[    7.6ms] import tkinter
[    8.0ms] import tkinter.ttk, messagebox
[    9.2ms] import datetime
[    9.9ms] pyautogui deferred (lazy import)
[   14.2ms] import filedialog, Path
[   14.7ms] import logging, threading
[   16.5ms] import app_setting_data
[   16.9ms] automation.BomAutomation deferred (lazy import)
[  316.7ms] import ui_setting
[  317.2ms] import wf_log

============================================================
STARTUP PROFILING (Real-time)
============================================================
[    0.0ms] Script start
[    7.5ms] multiprocessing.freeze_support()
[    8.2ms] sys.path setup complete
[    8.8ms] import tkinter
[    9.5ms] import tkinter.ttk, messagebox
[    9.8ms] import datetime
[   10.2ms] pyautogui deferred (lazy import)
[   13.1ms] import filedialog, Path
[   13.5ms] import logging, threading
[   15.2ms] import app_setting_data
[   15.4ms] automation.BomAutomation deferred (lazy import)
[  350.5ms] import ui_setting
[  351.1ms] import wf_log

============================================================
STARTUP PROFILING (Real-time)
============================================================
[    0.0ms] Script start
[    9.3ms] multiprocessing.freeze_support()
[    9.9ms] sys.path setup complete
[   10.6ms] import tkinter
[   12.8ms] import tkinter.ttk, messagebox
[   13.6ms] import datetime
[   14.0ms] pyautogui deferred (lazy import)
[   22.5ms] import filedialog, Path
[   23.4ms] import logging, threading
[   26.1ms] import app_setting_data
[   26.5ms] automation.BomAutomation deferred (lazy import)
[  329.6ms] import ui_setting
[  330.1ms] import wf_log

============================================================
STARTUP PROFILING (Real-time)
============================================================
[    0.0ms] Script start
[   10.0ms] multiprocessing.freeze_support()
[   10.4ms] sys.path setup complete
[   10.7ms] import tkinter
[   12.3ms] import tkinter.ttk, messagebox
[   12.8ms] import datetime
[   13.6ms] pyautogui deferred (lazy import)
[   20.2ms] import filedialog, Path
[   20.6ms] import logging, threading
[   24.4ms] import app_setting_data
[   24.9ms] automation.BomAutomation deferred (lazy import)
[  478.1ms] import ui_setting
[  478.9ms] import wf_log

============================================================
STARTUP PROFILING (Real-time)
============================================================
[    0.0ms] Script start
[    5.7ms] multiprocessing.freeze_support()
[    6.1ms] sys.path setup complete
[    6.8ms] import tkinter
[    7.5ms] import tkinter.ttk, messagebox
[    8.0ms] import datetime
[    8.5ms] pyautogui deferred (lazy import)
[   12.0ms] import filedialog, Path
[   12.5ms] import logging, threading
[   14.0ms] import app_setting_data
[   14.3ms] automation.BomAutomation deferred (lazy import)
[  315.8ms] import ui_setting
[  316.2ms] import wf_log

============================================================
STARTUP PROFILING (Real-time)
============================================================
[    0.0ms] Script start
[    8.0ms] multiprocessing.freeze_support()
[    8.5ms] sys.path setup complete
[    9.1ms] import tkinter
[   10.1ms] import tkinter.ttk, messagebox
[   10.7ms] import datetime
[   11.7ms] pyautogui deferred (lazy import)
[   17.1ms] import filedialog, Path
[   17.6ms] import logging, threading
[   19.3ms] import app_setting_data
[   19.6ms] automation.BomAutomation deferred (lazy import)
[  394.4ms] import ui_setting
[  394.7ms] import wf_log

============================================================
STARTUP PROFILING (Real-time)
============================================================
[    0.0ms] Script start
[    7.6ms] multiprocessing.freeze_support()
[    8.2ms] sys.path setup complete
[    8.7ms] import tkinter
[    9.0ms] import tkinter.ttk, messagebox
[    9.7ms] import datetime
[   10.2ms] pyautogui deferred (lazy import)
[   12.9ms] import filedialog, Path
[   13.2ms] import logging, threading
[   14.9ms] import app_setting_data
[   15.3ms] automation.BomAutomation deferred (lazy import)
[  314.0ms] import ui_setting
[  314.4ms] import wf_log

============================================================
STARTUP PROFILING (Real-time)
============================================================
[    0.0ms] Script start
[    5.0ms] multiprocessing.freeze_support()
[    5.3ms] sys.path setup complete
[    5.7ms] import tkinter
[    6.2ms] import tkinter.ttk, messagebox
[    6.6ms] import datetime
[    7.3ms] pyautogui deferred (lazy import)
[   12.0ms] import filedialog, Path
[   12.5ms] import logging, threading
[   14.3ms] import app_setting_data
[   14.7ms] automation.BomAutomation deferred (lazy import)
[  354.3ms] import ui_setting
[  354.8ms] import wf_log

============================================================
STARTUP PROFILING (Real-time)
============================================================
[    0.0ms] Script start
[    6.0ms] multiprocessing.freeze_support()
[    6.6ms] sys.path setup complete
[    7.2ms] import tkinter
[    7.7ms] import tkinter.ttk, messagebox
[   10.9ms] import datetime
[   11.4ms] pyautogui deferred (lazy import)
[   16.2ms] import filedialog, Path
[   16.7ms] import logging, threading
[   30.0ms] import app_setting_data
[   30.5ms] automation.BomAutomation deferred (lazy import)
[  312.1ms] import ui_setting
[  312.8ms] import wf_log

============================================================
STARTUP PROFILING (Real-time)
============================================================
[    0.0ms] Script start
[   12.7ms] multiprocessing.freeze_support()
[   13.3ms] sys.path setup complete
[   14.9ms] import tkinter
[   15.9ms] import tkinter.ttk, messagebox
[   17.1ms] import datetime
[   17.9ms] pyautogui deferred (lazy import)
[   27.1ms] import filedialog, Path
[   28.0ms] import logging, threading
[   30.8ms] import app_setting_data
[   31.8ms] automation.BomAutomation deferred (lazy import)
[  573.6ms] import ui_setting
[  574.6ms] import wf_log

============================================================
STARTUP PROFILING (Real-time)
============================================================
[    0.0ms] Script start
[    5.7ms] multiprocessing.freeze_support()
[    6.5ms] sys.path setup complete
[    7.2ms] import tkinter
[    7.9ms] import tkinter.ttk, messagebox
[    8.3ms] import datetime
[    8.9ms] pyautogui deferred (lazy import)
[   15.8ms] import filedialog, Path
[   16.4ms] import logging, threading
[   31.0ms] import app_setting_data
[   31.6ms] automation.BomAutomation deferred (lazy import)
[  322.1ms] import ui_setting
[  322.5ms] import wf_log

============================================================
STARTUP PROFILING (Real-time)
============================================================
[    0.0ms] Script start
[    6.4ms] multiprocessing.freeze_support()
[    6.8ms] sys.path setup complete
[    7.3ms] import tkinter
[    8.1ms] import tkinter.ttk, messagebox
[    8.5ms] import datetime
[    9.3ms] pyautogui deferred (lazy import)
[   13.5ms] import filedialog, Path
[   13.9ms] import logging, threading
[   15.3ms] import app_setting_data
[   15.6ms] automation.BomAutomation deferred (lazy import)
[  364.5ms] import ui_setting
[  365.0ms] import wf_log

============================================================
STARTUP PROFILING (Real-time)
============================================================
[    0.0ms] Script start
[    8.0ms] multiprocessing.freeze_support()
[    8.5ms] sys.path setup complete
[    9.1ms] import tkinter
[    9.5ms] import tkinter.ttk, messagebox
[    9.9ms] import datetime
[   10.5ms] pyautogui deferred (lazy import)
[   15.4ms] import filedialog, Path
[   15.8ms] import logging, threading
[   17.8ms] import app_setting_data
[   18.1ms] automation.BomAutomation deferred (lazy import)
[  412.1ms] import ui_setting
[  412.6ms] import wf_log

============================================================
STARTUP PROFILING (Real-time)
============================================================
[    0.0ms] Script start
[    8.4ms] multiprocessing.freeze_support()
[    8.9ms] sys.path setup complete
[    9.5ms] import tkinter
[    9.9ms] import tkinter.ttk, messagebox
[   10.3ms] import datetime
[   10.7ms] pyautogui deferred (lazy import)
[   14.4ms] import filedialog, Path
[   14.7ms] import logging, threading
[   16.5ms] import app_setting_data
[   17.0ms] automation.BomAutomation deferred (lazy import)
[  362.7ms] import ui_setting
[  363.1ms] import wf_log

============================================================
STARTUP PROFILING (Real-time)
============================================================
[    0.0ms] Script start
[    8.1ms] multiprocessing.freeze_support()
[    8.6ms] sys.path setup complete
[    9.6ms] import tkinter
[   10.2ms] import tkinter.ttk, messagebox
[   10.8ms] import datetime
[   12.4ms] pyautogui deferred (lazy import)
[   17.1ms] import filedialog, Path
[   17.7ms] import logging, threading
[   19.7ms] import app_setting_data
[   20.3ms] automation.BomAutomation deferred (lazy import)
[  391.8ms] import ui_setting
[  392.6ms] import wf_log

============================================================
STARTUP PROFILING (Real-time)
============================================================
[    0.0ms] Script start
[    8.9ms] multiprocessing.freeze_support()
[    9.5ms] sys.path setup complete
[   10.0ms] import tkinter
[   10.5ms] import tkinter.ttk, messagebox
[   11.0ms] import datetime
[   11.7ms] pyautogui deferred (lazy import)
[   17.3ms] import filedialog, Path
[   18.0ms] import logging, threading
[   20.1ms] import app_setting_data
[   20.5ms] automation.BomAutomation deferred (lazy import)
[ 2337.0ms] import ui_setting
[ 2337.4ms] import wf_log

============================================================
STARTUP PROFILING (Real-time)
============================================================
[    0.0ms] Script start
[    8.0ms] multiprocessing.freeze_support()
[    8.5ms] sys.path setup complete
[    9.1ms] import tkinter
[   10.0ms] import tkinter.ttk, messagebox
[   10.5ms] import datetime
[   11.2ms] pyautogui deferred (lazy import)
[   17.1ms] import filedialog, Path
[   18.1ms] import logging, threading
[   37.7ms] import app_setting_data
[   38.6ms] automation.BomAutomation deferred (lazy import)
[  724.6ms] import ui_setting
[  725.3ms] import wf_log

============================================================
STARTUP PROFILING (Real-time)
============================================================
[    0.0ms] Script start
[   11.2ms] multiprocessing.freeze_support()
[   12.6ms] sys.path setup complete
[   13.1ms] import tkinter
[   13.5ms] import tkinter.ttk, messagebox
[   13.8ms] import datetime
[   14.5ms] pyautogui deferred (lazy import)
[   30.4ms] import filedialog, Path
[   31.1ms] import logging, threading
[   33.9ms] import app_setting_data
[   34.3ms] automation.BomAutomation deferred (lazy import)
[  640.6ms] import ui_setting
[  641.4ms] import wf_log

============================================================
STARTUP PROFILING (Real-time)
============================================================
[    0.0ms] Script start
[    5.5ms] multiprocessing.freeze_support()
[    5.9ms] sys.path setup complete
[    6.3ms] import tkinter
[    6.7ms] import tkinter.ttk, messagebox
[    7.1ms] import datetime
[    7.5ms] pyautogui deferred (lazy import)
[   10.9ms] import filedialog, Path
[   11.1ms] import logging, threading
[   12.6ms] import app_setting_data
[   14.7ms] automation.BomAutomation deferred (lazy import)
[  372.0ms] import ui_setting
[  372.4ms] import wf_log

============================================================
STARTUP PROFILING (Real-time)
============================================================
[    0.0ms] Script start
[    6.4ms] multiprocessing.freeze_support()
[    6.8ms] sys.path setup complete
[    7.4ms] import tkinter
[    8.2ms] import tkinter.ttk, messagebox
[    8.6ms] import datetime
[    8.9ms] pyautogui deferred (lazy import)
[   12.6ms] import filedialog, Path
[   13.0ms] import logging, threading
[   14.5ms] import app_setting_data
[   14.8ms] automation.BomAutomation deferred (lazy import)
[  282.3ms] import ui_setting
[  282.7ms] import wf_log

============================================================
STARTUP PROFILING (Real-time)
============================================================
[    0.0ms] Script start
[    7.7ms] multiprocessing.freeze_support()
[    8.1ms] sys.path setup complete
[    8.5ms] import tkinter
[    8.9ms] import tkinter.ttk, messagebox
[    9.3ms] import datetime
[    9.8ms] pyautogui deferred (lazy import)
[   13.3ms] import filedialog, Path
[   13.8ms] import logging, threading
[   16.1ms] import app_setting_data
[   16.6ms] automation.BomAutomation deferred (lazy import)
[  283.1ms] import ui_setting
[  283.5ms] import wf_log

============================================================
STARTUP PROFILING (Real-time)
============================================================
[    0.0ms] Script start
[    7.4ms] multiprocessing.freeze_support()
[    7.7ms] sys.path setup complete
[    8.0ms] import tkinter
[    8.9ms] import tkinter.ttk, messagebox
[    9.5ms] import datetime
[   10.0ms] pyautogui deferred (lazy import)
[   12.7ms] import filedialog, Path
[   18.1ms] import logging, threading
[   19.4ms] import app_setting_data
[   19.7ms] automation.BomAutomation deferred (lazy import)
[  295.0ms] import ui_setting
[  295.4ms] import wf_log

============================================================
STARTUP PROFILING (Real-time)
============================================================
[    0.0ms] Script start
[    5.9ms] multiprocessing.freeze_support()
[    6.2ms] sys.path setup complete
[    6.9ms] import tkinter
[    7.4ms] import tkinter.ttk, messagebox
[    7.7ms] import datetime
[    8.1ms] pyautogui deferred (lazy import)
[   11.3ms] import filedialog, Path
[   11.6ms] import logging, threading
[   34.2ms] import app_setting_data
[   34.6ms] automation.BomAutomation deferred (lazy import)
[  331.5ms] import ui_setting
[  332.0ms] import wf_log

============================================================
STARTUP PROFILING (Real-time)
============================================================
[    0.0ms] Script start
[   18.7ms] multiprocessing.freeze_support()
[   19.8ms] sys.path setup complete
[   21.0ms] import tkinter
[   22.5ms] import tkinter.ttk, messagebox
[   24.0ms] import datetime
[   25.0ms] pyautogui deferred (lazy import)
[   32.7ms] import filedialog, Path
[   33.3ms] import logging, threading
[   35.3ms] import app_setting_data
[   35.7ms] automation.BomAutomation deferred (lazy import)
[  575.8ms] import ui_setting
[  576.8ms] import wf_log

============================================================
STARTUP PROFILING (Real-time)
============================================================
[    0.0ms] Script start
[    7.2ms] multiprocessing.freeze_support()
[    7.9ms] sys.path setup complete
[    8.6ms] import tkinter
[    9.7ms] import tkinter.ttk, messagebox
[   10.4ms] import datetime
[   11.0ms] pyautogui deferred (lazy import)
[   14.8ms] import filedialog, Path
[   15.2ms] import logging, threading
[   32.5ms] import app_setting_data
[   33.1ms] automation.BomAutomation deferred (lazy import)
[  493.0ms] import ui_setting
[  493.9ms] import wf_log

============================================================
STARTUP PROFILING (Real-time)
============================================================
[    0.0ms] Script start
[    6.7ms] multiprocessing.freeze_support()
[    8.6ms] sys.path setup complete
[    9.2ms] import tkinter
[    9.9ms] import tkinter.ttk, messagebox
[   10.6ms] import datetime
[   11.0ms] pyautogui deferred (lazy import)
[   14.9ms] import filedialog, Path
[   15.3ms] import logging, threading
[   34.6ms] import app_setting_data
[   35.3ms] automation.BomAutomation deferred (lazy import)
[  324.8ms] import ui_setting
[  325.2ms] import wf_log

============================================================
STARTUP PROFILING (Real-time)
============================================================
[    0.0ms] Script start
[    5.6ms] multiprocessing.freeze_support()
[    6.1ms] sys.path setup complete
[    6.7ms] import tkinter
[    7.8ms] import tkinter.ttk, messagebox
[    8.3ms] import datetime
[    8.7ms] pyautogui deferred (lazy import)
[   12.6ms] import filedialog, Path
[   13.0ms] import logging, threading
[   91.9ms] import app_setting_data
[   92.4ms] automation.BomAutomation deferred (lazy import)
[  412.1ms] import ui_setting
[  412.5ms] import wf_log

============================================================
STARTUP PROFILING (Real-time)
============================================================
[    0.0ms] Script start
[    8.1ms] multiprocessing.freeze_support()
[    8.8ms] sys.path setup complete
[    9.3ms] import tkinter
[   10.1ms] import tkinter.ttk, messagebox
[   10.8ms] import datetime
[   11.2ms] pyautogui deferred (lazy import)
[   15.4ms] import filedialog, Path
[   15.8ms] import logging, threading
[   17.1ms] import app_setting_data
[   17.4ms] automation.BomAutomation deferred (lazy import)
[  321.1ms] import ui_setting
[  321.8ms] import wf_log

============================================================
STARTUP PROFILING (Real-time)
============================================================
[    0.0ms] Script start
[    8.2ms] multiprocessing.freeze_support()
[   10.4ms] sys.path setup complete
[   11.1ms] import tkinter
[   12.4ms] import tkinter.ttk, messagebox
[   13.0ms] import datetime
[   13.5ms] pyautogui deferred (lazy import)
[   17.4ms] import filedialog, Path
[   18.0ms] import logging, threading
[   20.1ms] import app_setting_data
[   20.6ms] automation.BomAutomation deferred (lazy import)
[  290.7ms] import ui_setting
[  291.1ms] import wf_log

============================================================
STARTUP PROFILING (Real-time)
============================================================
[    0.0ms] Script start
[   13.2ms] multiprocessing.freeze_support()
[   16.1ms] sys.path setup complete
[   17.0ms] import tkinter
[   18.8ms] import tkinter.ttk, messagebox
[   21.8ms] import datetime
[   24.5ms] pyautogui deferred (lazy import)
[   31.6ms] import filedialog, Path
[   33.7ms] import logging, threading
[   41.7ms] import app_setting_data
[   46.3ms] automation.BomAutomation deferred (lazy import)
[  936.9ms] import ui_setting
[  941.7ms] import wf_log

============================================================
STARTUP PROFILING (Real-time)
============================================================
[    0.0ms] Script start
[   12.6ms] multiprocessing.freeze_support()
[   13.2ms] sys.path setup complete
[   14.8ms] import tkinter
[   17.7ms] import tkinter.ttk, messagebox
[   19.9ms] import datetime
[   21.1ms] pyautogui deferred (lazy import)
[   30.0ms] import filedialog, Path
[   31.0ms] import logging, threading
[   33.5ms] import app_setting_data
[   34.0ms] automation.BomAutomation deferred (lazy import)
[  705.4ms] import ui_setting
[  706.1ms] import wf_log

============================================================
STARTUP PROFILING (Real-time)
============================================================
[    0.0ms] Script start
[   11.2ms] multiprocessing.freeze_support()
[   11.8ms] sys.path setup complete
[   12.2ms] import tkinter
[   12.7ms] import tkinter.ttk, messagebox
[   13.2ms] import datetime
[   13.7ms] pyautogui deferred (lazy import)
[   19.8ms] import filedialog, Path
[   20.4ms] import logging, threading
[   23.3ms] import app_setting_data
[   24.0ms] automation.BomAutomation deferred (lazy import)
[  614.1ms] import ui_setting
[  617.2ms] import wf_log

============================================================
STARTUP PROFILING (Real-time)
============================================================
[    0.0ms] Script start
[    6.6ms] multiprocessing.freeze_support()
[    7.1ms] sys.path setup complete
[    8.0ms] import tkinter
[    8.8ms] import tkinter.ttk, messagebox
[    9.7ms] import datetime
[   10.6ms] pyautogui deferred (lazy import)
[   16.9ms] import filedialog, Path
[   17.6ms] import logging, threading
[   19.5ms] import app_setting_data
[   20.1ms] automation.BomAutomation deferred (lazy import)
[  374.2ms] import ui_setting
[  375.1ms] import wf_log

============================================================
STARTUP PROFILING (Real-time)
============================================================
[    0.0ms] Script start
[   14.9ms] multiprocessing.freeze_support()
[   16.0ms] sys.path setup complete
[   16.9ms] import tkinter
[   18.4ms] import tkinter.ttk, messagebox
[   19.2ms] import datetime
[   20.6ms] pyautogui deferred (lazy import)
[   31.7ms] import filedialog, Path
[   33.0ms] import logging, threading
[   37.1ms] import app_setting_data
[   38.0ms] automation.BomAutomation deferred (lazy import)
[  430.3ms] import ui_setting
[  430.8ms] import wf_log

============================================================
STARTUP PROFILING (Real-time)
============================================================
[    0.0ms] Script start
[    8.9ms] multiprocessing.freeze_support()
[    9.9ms] sys.path setup complete
[   10.4ms] import tkinter
[   11.2ms] import tkinter.ttk, messagebox
[   11.7ms] import datetime
[   12.2ms] pyautogui deferred (lazy import)
[   16.2ms] import filedialog, Path
[   16.8ms] import logging, threading
[   18.6ms] import app_setting_data
[   19.1ms] automation.BomAutomation deferred (lazy import)
[  328.2ms] import ui_setting
[  328.6ms] import wf_log

============================================================
STARTUP PROFILING (Real-time)
============================================================
[    0.0ms] Script start
[    7.8ms] multiprocessing.freeze_support()
[    8.3ms] sys.path setup complete
[    8.7ms] import tkinter
[    9.1ms] import tkinter.ttk, messagebox
[    9.5ms] import datetime
[    9.9ms] pyautogui deferred (lazy import)
[   13.7ms] import filedialog, Path
[   14.1ms] import logging, threading
[   15.6ms] import app_setting_data
[   15.9ms] automation.BomAutomation deferred (lazy import)
[  321.8ms] import ui_setting
[  322.3ms] import wf_log

============================================================
STARTUP PROFILING (Real-time)
============================================================
[    0.0ms] Script start
[    7.2ms] multiprocessing.freeze_support()
[    7.6ms] sys.path setup complete
[    8.1ms] import tkinter
[    8.6ms] import tkinter.ttk, messagebox
[    9.5ms] import datetime
[   10.1ms] pyautogui deferred (lazy import)
[   14.4ms] import filedialog, Path
[   14.8ms] import logging, threading
[   16.4ms] import app_setting_data
[   16.8ms] automation.BomAutomation deferred (lazy import)
[  331.7ms] import ui_setting
[  332.2ms] import wf_log

============================================================
STARTUP PROFILING (Real-time)
============================================================
[    0.0ms] Script start
[    6.2ms] multiprocessing.freeze_support()
[    6.6ms] sys.path setup complete
[    7.1ms] import tkinter
[    7.6ms] import tkinter.ttk, messagebox
[    8.0ms] import datetime
[    8.5ms] pyautogui deferred (lazy import)
[   14.7ms] import filedialog, Path
[   15.1ms] import logging, threading
[   16.5ms] import app_setting_data
[   16.9ms] automation.BomAutomation deferred (lazy import)
[  341.6ms] import ui_setting
[  342.0ms] import wf_log

============================================================
STARTUP PROFILING (Real-time)
============================================================
[    0.0ms] Script start
[    6.9ms] multiprocessing.freeze_support()
[    7.3ms] sys.path setup complete
[    7.7ms] import tkinter
[    8.2ms] import tkinter.ttk, messagebox
[    8.6ms] import datetime
[    9.1ms] pyautogui deferred (lazy import)
[   12.1ms] import filedialog, Path
[   12.6ms] import logging, threading
[   14.5ms] import app_setting_data
[   15.0ms] automation.BomAutomation deferred (lazy import)
[  340.5ms] import ui_setting
[  340.9ms] import wf_log

============================================================
STARTUP PROFILING (Real-time)
============================================================
[    0.0ms] Script start
[   13.7ms] multiprocessing.freeze_support()
[   15.0ms] sys.path setup complete
[   16.5ms] import tkinter
[   18.1ms] import tkinter.ttk, messagebox
[   19.4ms] import datetime
[   20.6ms] pyautogui deferred (lazy import)
[   29.3ms] import filedialog, Path
[   30.5ms] import logging, threading
[   32.9ms] import app_setting_data
[   33.5ms] automation.BomAutomation deferred (lazy import)
[  518.2ms] import ui_setting
[  519.1ms] import wf_log

============================================================
STARTUP PROFILING (Real-time)
============================================================
[    0.0ms] Script start
[    6.2ms] multiprocessing.freeze_support()
[    7.0ms] sys.path setup complete
[    7.7ms] import tkinter
[    8.2ms] import tkinter.ttk, messagebox
[    8.6ms] import datetime
[    9.4ms] pyautogui deferred (lazy import)
[   12.9ms] import filedialog, Path
[   13.2ms] import logging, threading
[   16.4ms] import app_setting_data
[   16.7ms] automation.BomAutomation deferred (lazy import)
[  360.9ms] import ui_setting
[  361.4ms] import wf_log

============================================================
STARTUP PROFILING (Real-time)
============================================================
[    0.0ms] Script start
[    7.8ms] multiprocessing.freeze_support()
[    8.2ms] sys.path setup complete
[    8.9ms] import tkinter
[    9.4ms] import tkinter.ttk, messagebox
[    9.8ms] import datetime
[   10.7ms] pyautogui deferred (lazy import)
[   14.6ms] import filedialog, Path
[   15.0ms] import logging, threading
[   17.2ms] import app_setting_data
[   17.6ms] automation.BomAutomation deferred (lazy import)
[  289.3ms] import ui_setting
[  289.7ms] import wf_log

============================================================
STARTUP PROFILING (Real-time)
============================================================
[    0.0ms] Script start
[    6.3ms] multiprocessing.freeze_support()
[    6.7ms] sys.path setup complete
[    7.6ms] import tkinter
[    8.5ms] import tkinter.ttk, messagebox
[    8.9ms] import datetime
[    9.2ms] pyautogui deferred (lazy import)
[   11.8ms] import filedialog, Path
[   12.1ms] import logging, threading
[   13.8ms] import app_setting_data
[   14.1ms] automation.BomAutomation deferred (lazy import)
[  327.6ms] import ui_setting
[  328.1ms] import wf_log

============================================================
STARTUP PROFILING (Real-time)
============================================================
[    0.0ms] Script start
[    8.1ms] multiprocessing.freeze_support()
[    8.4ms] sys.path setup complete
[    8.8ms] import tkinter
[    9.3ms] import tkinter.ttk, messagebox
[    9.6ms] import datetime
[    9.9ms] pyautogui deferred (lazy import)
[   14.0ms] import filedialog, Path
[   14.4ms] import logging, threading
[   15.7ms] import app_setting_data
[   16.0ms] automation.BomAutomation deferred (lazy import)
[  325.9ms] import ui_setting
[  326.3ms] import wf_log

============================================================
STARTUP PROFILING (Real-time)
============================================================
[    0.0ms] Script start
[    8.2ms] multiprocessing.freeze_support()
[    9.1ms] sys.path setup complete
[    9.8ms] import tkinter
[   10.3ms] import tkinter.ttk, messagebox
[   10.8ms] import datetime
[   11.3ms] pyautogui deferred (lazy import)
[   15.2ms] import filedialog, Path
[   15.6ms] import logging, threading
[   17.4ms] import app_setting_data
[   17.8ms] automation.BomAutomation deferred (lazy import)
[  328.0ms] import ui_setting
[  328.4ms] import wf_log

============================================================
STARTUP PROFILING (Real-time)
============================================================
[    0.0ms] Script start
[    5.4ms] multiprocessing.freeze_support()
[    5.7ms] sys.path setup complete
[    6.0ms] import tkinter
[    6.7ms] import tkinter.ttk, messagebox
[    7.0ms] import datetime
[    7.4ms] pyautogui deferred (lazy import)
[   11.6ms] import filedialog, Path
[   11.9ms] import logging, threading
[   13.5ms] import app_setting_data
[   13.8ms] automation.BomAutomation deferred (lazy import)
[  298.3ms] import ui_setting
[  298.7ms] import wf_log

============================================================
STARTUP PROFILING (Real-time)
============================================================
[    0.0ms] Script start
[    7.9ms] multiprocessing.freeze_support()
[    8.2ms] sys.path setup complete
[    8.6ms] import tkinter
[    8.9ms] import tkinter.ttk, messagebox
[    9.3ms] import datetime
[    9.8ms] pyautogui deferred (lazy import)
[   13.6ms] import filedialog, Path
[   14.0ms] import logging, threading
[   15.6ms] import app_setting_data
[   15.9ms] automation.BomAutomation deferred (lazy import)
[  391.9ms] import ui_setting
[  393.3ms] import wf_log

============================================================
STARTUP PROFILING (Real-time)
============================================================
[    0.0ms] Script start
[    8.5ms] multiprocessing.freeze_support()
[    9.0ms] sys.path setup complete
[    9.8ms] import tkinter
[   10.9ms] import tkinter.ttk, messagebox
[   11.6ms] import datetime
[   12.1ms] pyautogui deferred (lazy import)
[   16.8ms] import filedialog, Path
[   17.4ms] import logging, threading
[   19.0ms] import app_setting_data
[   19.4ms] automation.BomAutomation deferred (lazy import)
[  336.3ms] import ui_setting
[  336.8ms] import wf_log

============================================================
STARTUP PROFILING (Real-time)
============================================================
[    0.0ms] Script start
[   14.4ms] multiprocessing.freeze_support()
[   15.4ms] sys.path setup complete
[   16.1ms] import tkinter
[   17.3ms] import tkinter.ttk, messagebox
[   19.4ms] import datetime
[   20.1ms] pyautogui deferred (lazy import)
[   27.8ms] import filedialog, Path
[   28.9ms] import logging, threading
[   32.9ms] import app_setting_data
[   35.8ms] automation.BomAutomation deferred (lazy import)
[  408.6ms] import ui_setting
[  409.4ms] import wf_log

============================================================
STARTUP PROFILING (Real-time)
============================================================
[    0.0ms] Script start
[    7.1ms] multiprocessing.freeze_support()
[    7.7ms] sys.path setup complete
[    8.4ms] import tkinter
[    8.9ms] import tkinter.ttk, messagebox
[    9.3ms] import datetime
[   10.1ms] pyautogui deferred (lazy import)
[   14.9ms] import filedialog, Path
[   15.3ms] import logging, threading
[   16.7ms] import app_setting_data
[   17.1ms] automation.BomAutomation deferred (lazy import)
[  311.5ms] import ui_setting
[  312.0ms] import wf_log

============================================================
STARTUP PROFILING (Real-time)
============================================================
[    0.0ms] Script start
[    6.4ms] multiprocessing.freeze_support()
[    6.9ms] sys.path setup complete
[    7.4ms] import tkinter
[    7.8ms] import tkinter.ttk, messagebox
[    8.2ms] import datetime
[    8.8ms] pyautogui deferred (lazy import)
[   12.0ms] import filedialog, Path
[   12.8ms] import logging, threading
[   15.4ms] import app_setting_data
[   15.8ms] automation.BomAutomation deferred (lazy import)
[  344.9ms] import ui_setting
[  345.3ms] import wf_log

============================================================
STARTUP PROFILING (Real-time)
============================================================
[    0.0ms] Script start
[    4.8ms] multiprocessing.freeze_support()
[    5.2ms] sys.path setup complete
[    6.1ms] import tkinter
[    6.8ms] import tkinter.ttk, messagebox
[    7.6ms] import datetime
[    8.3ms] pyautogui deferred (lazy import)
[   11.6ms] import filedialog, Path
[   11.9ms] import logging, threading
[   13.4ms] import app_setting_data
[   13.7ms] automation.BomAutomation deferred (lazy import)
[  328.4ms] import ui_setting
[  329.1ms] import wf_log

============================================================
STARTUP PROFILING (Real-time)
============================================================
[    0.0ms] Script start
[    8.8ms] multiprocessing.freeze_support()
[    9.5ms] sys.path setup complete
[   10.6ms] import tkinter
[   11.7ms] import tkinter.ttk, messagebox
[   12.4ms] import datetime
[   13.1ms] pyautogui deferred (lazy import)
[   18.5ms] import filedialog, Path
[   19.5ms] import logging, threading
[   23.7ms] import app_setting_data
[   24.4ms] automation.BomAutomation deferred (lazy import)
[  445.1ms] import ui_setting
[  445.6ms] import wf_log

============================================================
STARTUP PROFILING (Real-time)
============================================================
[    0.0ms] Script start
[    4.8ms] multiprocessing.freeze_support()
[    5.4ms] sys.path setup complete
[    6.1ms] import tkinter
[    7.2ms] import tkinter.ttk, messagebox
[    8.0ms] import datetime
[    9.2ms] pyautogui deferred (lazy import)
[   13.5ms] import filedialog, Path
[   14.1ms] import logging, threading
[   16.0ms] import app_setting_data
[   16.3ms] automation.BomAutomation deferred (lazy import)
[  384.9ms] import ui_setting
[  385.4ms] import wf_log

============================================================
STARTUP PROFILING (Real-time)
============================================================
[    0.0ms] Script start
[    6.5ms] multiprocessing.freeze_support()
[    6.9ms] sys.path setup complete
[    7.8ms] import tkinter
[    8.2ms] import tkinter.ttk, messagebox
[    8.6ms] import datetime
[    9.2ms] pyautogui deferred (lazy import)
[   12.5ms] import filedialog, Path
[   12.8ms] import logging, threading
[   14.7ms] import app_setting_data
[   15.3ms] automation.BomAutomation deferred (lazy import)
[  315.7ms] import ui_setting
[  316.2ms] import wf_log

============================================================
STARTUP PROFILING (Real-time)
============================================================
[    0.0ms] Script start
[    7.8ms] multiprocessing.freeze_support()
[    8.4ms] sys.path setup complete
[    9.0ms] import tkinter
[    9.6ms] import tkinter.ttk, messagebox
[   10.0ms] import datetime
[   10.7ms] pyautogui deferred (lazy import)
[   19.0ms] import filedialog, Path
[   19.8ms] import logging, threading
[   21.8ms] import app_setting_data
[   22.9ms] automation.BomAutomation deferred (lazy import)
[  365.3ms] import ui_setting
[  365.7ms] import wf_log

============================================================
STARTUP PROFILING (Real-time)
============================================================
[    0.0ms] Script start
[    9.8ms] multiprocessing.freeze_support()
[   10.4ms] sys.path setup complete
[   11.0ms] import tkinter
[   11.7ms] import tkinter.ttk, messagebox
[   12.2ms] import datetime
[   12.7ms] pyautogui deferred (lazy import)
[   18.0ms] import filedialog, Path
[   18.9ms] import logging, threading
[   21.2ms] import app_setting_data
[   21.6ms] automation.BomAutomation deferred (lazy import)
[  371.0ms] import ui_setting
[  371.5ms] import wf_log

============================================================
STARTUP PROFILING (Real-time)
============================================================
[    0.0ms] Script start
[    6.5ms] multiprocessing.freeze_support()
[    6.9ms] sys.path setup complete
[    7.9ms] import tkinter
[    8.3ms] import tkinter.ttk, messagebox
[    8.6ms] import datetime
[    8.9ms] pyautogui deferred (lazy import)
[   12.0ms] import filedialog, Path
[   12.4ms] import logging, threading
[   14.0ms] import app_setting_data
[   14.3ms] automation.BomAutomation deferred (lazy import)
[  304.4ms] import ui_setting
[  304.9ms] import wf_log

============================================================
STARTUP PROFILING (Real-time)
============================================================
[    0.0ms] Script start
[    5.7ms] multiprocessing.freeze_support()
[    6.3ms] sys.path setup complete
[    7.0ms] import tkinter
[    7.7ms] import tkinter.ttk, messagebox
[    8.3ms] import datetime
[    8.7ms] pyautogui deferred (lazy import)
[   12.0ms] import filedialog, Path
[   12.3ms] import logging, threading
[   13.5ms] import app_setting_data
[   13.8ms] automation.BomAutomation deferred (lazy import)
[  382.0ms] import ui_setting
[  382.6ms] import wf_log

============================================================
STARTUP PROFILING (Real-time)
============================================================
[    0.0ms] Script start
[    6.8ms] multiprocessing.freeze_support()
[    7.5ms] sys.path setup complete
[    8.3ms] import tkinter
[    8.9ms] import tkinter.ttk, messagebox
[    9.5ms] import datetime
[   10.3ms] pyautogui deferred (lazy import)
[   14.3ms] import filedialog, Path
[   14.7ms] import logging, threading
[   16.1ms] import app_setting_data
[   16.5ms] automation.BomAutomation deferred (lazy import)
[  387.5ms] import ui_setting
[  388.1ms] import wf_log

============================================================
STARTUP PROFILING (Real-time)
============================================================
[    0.0ms] Script start
[    6.5ms] multiprocessing.freeze_support()
[    7.0ms] sys.path setup complete
[    7.5ms] import tkinter
[    7.9ms] import tkinter.ttk, messagebox
[    8.6ms] import datetime
[    9.0ms] pyautogui deferred (lazy import)
[   14.1ms] import filedialog, Path
[   14.5ms] import logging, threading
[   15.8ms] import app_setting_data
[   16.1ms] automation.BomAutomation deferred (lazy import)
[  320.9ms] import ui_setting
[  321.4ms] import wf_log

============================================================
STARTUP PROFILING (Real-time)
============================================================
[    0.0ms] Script start
[    4.8ms] multiprocessing.freeze_support()
[    5.1ms] sys.path setup complete
[    5.5ms] import tkinter
[    5.9ms] import tkinter.ttk, messagebox
[    6.3ms] import datetime
[    6.8ms] pyautogui deferred (lazy import)
[   10.4ms] import filedialog, Path
[   10.8ms] import logging, threading
[   12.0ms] import app_setting_data
[   12.3ms] automation.BomAutomation deferred (lazy import)
[  304.5ms] import ui_setting
[  304.9ms] import wf_log

============================================================
STARTUP PROFILING (Real-time)
============================================================
[    0.0ms] Script start
[    6.8ms] multiprocessing.freeze_support()
[    7.6ms] sys.path setup complete
[    8.2ms] import tkinter
[    8.9ms] import tkinter.ttk, messagebox
[    9.5ms] import datetime
[   10.6ms] pyautogui deferred (lazy import)
[   14.7ms] import filedialog, Path
[   15.2ms] import logging, threading
[   16.6ms] import app_setting_data
[   17.0ms] automation.BomAutomation deferred (lazy import)
[  303.7ms] import ui_setting
[  304.1ms] import wf_log

============================================================
STARTUP PROFILING (Real-time)
============================================================
[    0.0ms] Script start
[    7.2ms] multiprocessing.freeze_support()
[    7.7ms] sys.path setup complete
[    8.1ms] import tkinter
[    8.5ms] import tkinter.ttk, messagebox
[    9.0ms] import datetime
[    9.4ms] pyautogui deferred (lazy import)
[   12.3ms] import filedialog, Path
[   12.6ms] import logging, threading
[   14.2ms] import app_setting_data
[   14.6ms] automation.BomAutomation deferred (lazy import)
[  324.2ms] import ui_setting
[  324.9ms] import wf_log

============================================================
STARTUP PROFILING (Real-time)
============================================================
[    0.0ms] Script start
[   15.3ms] multiprocessing.freeze_support()
[   16.7ms] sys.path setup complete
[   17.8ms] import tkinter
[   18.7ms] import tkinter.ttk, messagebox
[   19.5ms] import datetime
[   20.3ms] pyautogui deferred (lazy import)
[   28.2ms] import filedialog, Path
[   28.8ms] import logging, threading
[   31.6ms] import app_setting_data
[   32.6ms] automation.BomAutomation deferred (lazy import)
[  730.6ms] import ui_setting
[  731.2ms] import wf_log

============================================================
STARTUP PROFILING (Real-time)
============================================================
[    0.0ms] Script start
[    8.8ms] multiprocessing.freeze_support()
[    9.6ms] sys.path setup complete
[   10.7ms] import tkinter
[   11.7ms] import tkinter.ttk, messagebox
[   12.2ms] import datetime
[   12.6ms] pyautogui deferred (lazy import)
[   18.4ms] import filedialog, Path
[   18.8ms] import logging, threading
[   20.6ms] import app_setting_data
[   21.0ms] automation.BomAutomation deferred (lazy import)
[  405.6ms] import ui_setting
[  406.1ms] import wf_log

============================================================
STARTUP PROFILING (Real-time)
============================================================
[    0.0ms] Script start
[    6.9ms] multiprocessing.freeze_support()
[    8.2ms] sys.path setup complete
[   18.2ms] import tkinter
[   18.7ms] import tkinter.ttk, messagebox
[   19.9ms] import datetime
[   20.9ms] pyautogui deferred (lazy import)
[   26.6ms] import filedialog, Path
[   27.1ms] import logging, threading
[   28.9ms] import app_setting_data
[   29.4ms] automation.BomAutomation deferred (lazy import)
[  433.0ms] import ui_setting
[  433.5ms] import wf_log

============================================================
STARTUP PROFILING (Real-time)
============================================================
[    0.0ms] Script start
[   30.4ms] multiprocessing.freeze_support()
[   40.1ms] sys.path setup complete
[   52.1ms] import tkinter
[   63.1ms] import tkinter.ttk, messagebox
[   73.9ms] import datetime
[   83.8ms] pyautogui deferred (lazy import)
[   99.0ms] import filedialog, Path
[  110.2ms] import logging, threading
[  128.2ms] import app_setting_data
[  139.4ms] automation.BomAutomation deferred (lazy import)
[  474.3ms] import ui_setting
[  484.0ms] import wf_log

============================================================
STARTUP PROFILING (Real-time)
============================================================
[    0.0ms] Script start
[   30.1ms] multiprocessing.freeze_support()
[   30.6ms] sys.path setup complete
[   31.3ms] import tkinter
[   31.6ms] import tkinter.ttk, messagebox
[   31.9ms] import datetime
[   32.8ms] pyautogui deferred (lazy import)
[   36.4ms] import filedialog, Path
[   36.7ms] import logging, threading
[   38.5ms] import app_setting_data
[   38.8ms] automation.BomAutomation deferred (lazy import)
[ 2029.3ms] import ui_setting
[ 2030.1ms] import wf_log

============================================================
STARTUP PROFILING (Real-time)
============================================================
[    0.0ms] Script start
[    5.8ms] multiprocessing.freeze_support()
[    6.4ms] sys.path setup complete
[    7.4ms] import tkinter
[    8.0ms] import tkinter.ttk, messagebox
[    8.5ms] import datetime
[    9.1ms] pyautogui deferred (lazy import)
[   15.0ms] import filedialog, Path
[   16.0ms] import logging, threading
[   19.1ms] import app_setting_data
[   19.4ms] automation.BomAutomation deferred (lazy import)
[  305.9ms] import ui_setting
[  306.2ms] import wf_log

============================================================
STARTUP PROFILING (Real-time)
============================================================
[    0.0ms] Script start
[    7.2ms] multiprocessing.freeze_support()
[    8.0ms] sys.path setup complete
[    9.0ms] import tkinter
[    9.7ms] import tkinter.ttk, messagebox
[   10.9ms] import datetime
[   11.6ms] pyautogui deferred (lazy import)
[   16.5ms] import filedialog, Path
[   16.9ms] import logging, threading
[   18.9ms] import app_setting_data
[   19.2ms] automation.BomAutomation deferred (lazy import)
[  333.9ms] import ui_setting
[  334.4ms] import wf_log

============================================================
STARTUP PROFILING (Real-time)
============================================================
[    0.0ms] Script start
[    6.1ms] multiprocessing.freeze_support()
[    6.5ms] sys.path setup complete
[    6.9ms] import tkinter
[    7.8ms] import tkinter.ttk, messagebox
[    8.5ms] import datetime
[    9.3ms] pyautogui deferred (lazy import)
[   13.3ms] import filedialog, Path
[   13.8ms] import logging, threading
[   16.8ms] import app_setting_data
[   17.2ms] automation.BomAutomation deferred (lazy import)
[  407.0ms] import ui_setting
[  407.7ms] import wf_log

============================================================
STARTUP PROFILING (Real-time)
============================================================
[    0.0ms] Script start
[    7.9ms] multiprocessing.freeze_support()
[    8.4ms] sys.path setup complete
[    8.8ms] import tkinter
[    9.4ms] import tkinter.ttk, messagebox
[    9.8ms] import datetime
[   10.2ms] pyautogui deferred (lazy import)
[   15.3ms] import filedialog, Path
[   15.9ms] import logging, threading
[   19.3ms] import app_setting_data
[   20.2ms] automation.BomAutomation deferred (lazy import)
[  351.8ms] import ui_setting
[  352.4ms] import wf_log

============================================================
STARTUP PROFILING (Real-time)
============================================================
[    0.0ms] Script start
[    7.8ms] multiprocessing.freeze_support()
[    8.4ms] sys.path setup complete
[    9.0ms] import tkinter
[   10.6ms] import tkinter.ttk, messagebox
[   11.2ms] import datetime
[   12.3ms] pyautogui deferred (lazy import)
[   17.5ms] import filedialog, Path
[   17.9ms] import logging, threading
[   20.5ms] import app_setting_data
[   20.9ms] automation.BomAutomation deferred (lazy import)
[  378.6ms] import ui_setting
[  379.2ms] import wf_log

============================================================
STARTUP PROFILING (Real-time)
============================================================
[    0.0ms] Script start
[    9.2ms] multiprocessing.freeze_support()
[    9.7ms] sys.path setup complete
[   11.2ms] import tkinter
[   12.9ms] import tkinter.ttk, messagebox
[   14.0ms] import datetime
[   15.0ms] pyautogui deferred (lazy import)
[   20.4ms] import filedialog, Path
[   21.0ms] import logging, threading
[   23.9ms] import app_setting_data
[   24.3ms] automation.BomAutomation deferred (lazy import)
[  457.4ms] import ui_setting
[  458.7ms] import wf_log

============================================================
STARTUP PROFILING (Real-time)
============================================================
[    0.0ms] Script start
[    5.0ms] multiprocessing.freeze_support()
[    5.4ms] sys.path setup complete
[    6.4ms] import tkinter
[    6.9ms] import tkinter.ttk, messagebox
[    7.4ms] import datetime
[    7.9ms] pyautogui deferred (lazy import)
[   11.8ms] import filedialog, Path
[   12.2ms] import logging, threading
[   13.7ms] import app_setting_data
[   14.0ms] automation.BomAutomation deferred (lazy import)
[  311.2ms] import ui_setting
[  311.7ms] import wf_log

============================================================
STARTUP PROFILING (Real-time)
============================================================
[    0.0ms] Script start
[    8.0ms] multiprocessing.freeze_support()
[    8.6ms] sys.path setup complete
[    9.2ms] import tkinter
[    9.6ms] import tkinter.ttk, messagebox
[   10.0ms] import datetime
[   10.4ms] pyautogui deferred (lazy import)
[   13.5ms] import filedialog, Path
[   13.9ms] import logging, threading
[   15.7ms] import app_setting_data
[   16.9ms] automation.BomAutomation deferred (lazy import)
[  336.5ms] import ui_setting
[  336.9ms] import wf_log

============================================================
STARTUP PROFILING (Real-time)
============================================================
[    0.0ms] Script start
[   10.4ms] multiprocessing.freeze_support()
[   11.4ms] sys.path setup complete
[   11.7ms] import tkinter
[   13.5ms] import tkinter.ttk, messagebox
[   14.0ms] import datetime
[   14.3ms] pyautogui deferred (lazy import)
[   18.7ms] import filedialog, Path
[   19.0ms] import logging, threading
[   21.6ms] import app_setting_data
[   21.9ms] automation.BomAutomation deferred (lazy import)
[  420.4ms] import ui_setting
[  421.2ms] import wf_log

============================================================
STARTUP PROFILING (Real-time)
============================================================
[    0.0ms] Script start
[    5.0ms] multiprocessing.freeze_support()
[    5.3ms] sys.path setup complete
[    6.1ms] import tkinter
[    6.5ms] import tkinter.ttk, messagebox
[    6.9ms] import datetime
[    7.5ms] pyautogui deferred (lazy import)
[   11.0ms] import filedialog, Path
[   11.4ms] import logging, threading
[   13.3ms] import app_setting_data
[   13.6ms] automation.BomAutomation deferred (lazy import)
[  286.1ms] import ui_setting
[  286.5ms] import wf_log

============================================================
STARTUP PROFILING (Real-time)
============================================================
[    0.0ms] Script start
[   10.3ms] multiprocessing.freeze_support()
[   10.8ms] sys.path setup complete
[   12.3ms] import tkinter
[   12.9ms] import tkinter.ttk, messagebox
[   14.0ms] import datetime
[   15.6ms] pyautogui deferred (lazy import)
[   21.5ms] import filedialog, Path
[   21.9ms] import logging, threading
[   24.7ms] import app_setting_data
[   25.3ms] automation.BomAutomation deferred (lazy import)
[  474.9ms] import ui_setting
[  476.2ms] import wf_log

============================================================
STARTUP PROFILING (Real-time)
============================================================
[    0.0ms] Script start
[   11.9ms] multiprocessing.freeze_support()
[   12.7ms] sys.path setup complete
[   13.4ms] import tkinter
[   14.0ms] import tkinter.ttk, messagebox
[   14.9ms] import datetime
[   15.4ms] pyautogui deferred (lazy import)
[   22.5ms] import filedialog, Path
[   23.4ms] import logging, threading
[   27.3ms] import app_setting_data
[   27.8ms] automation.BomAutomation deferred (lazy import)
[  482.5ms] import ui_setting
[  483.1ms] import wf_log

============================================================
STARTUP PROFILING (Real-time)
============================================================
[    0.0ms] Script start
[    9.8ms] multiprocessing.freeze_support()
[   10.2ms] sys.path setup complete
[   10.6ms] import tkinter
[   11.0ms] import tkinter.ttk, messagebox
[   11.5ms] import datetime
[   12.1ms] pyautogui deferred (lazy import)
[   15.2ms] import filedialog, Path
[   15.6ms] import logging, threading
[   17.5ms] import app_setting_data
[   17.9ms] automation.BomAutomation deferred (lazy import)
[  323.5ms] import ui_setting
[  324.0ms] import wf_log

============================================================
STARTUP PROFILING (Real-time)
============================================================
[    0.0ms] Script start
[    8.3ms] multiprocessing.freeze_support()
[    8.7ms] sys.path setup complete
[    9.6ms] import tkinter
[   10.1ms] import tkinter.ttk, messagebox
[   10.5ms] import datetime
[   10.9ms] pyautogui deferred (lazy import)
[   13.9ms] import filedialog, Path
[   14.3ms] import logging, threading
[   15.6ms] import app_setting_data
[   15.9ms] automation.BomAutomation deferred (lazy import)
[  376.2ms] import ui_setting
[  376.6ms] import wf_log

============================================================
STARTUP PROFILING (Real-time)
============================================================
[    0.0ms] Script start
[   16.0ms] multiprocessing.freeze_support()
[   17.7ms] sys.path setup complete
[   18.6ms] import tkinter
[   19.3ms] import tkinter.ttk, messagebox
[   20.5ms] import datetime
[   21.3ms] pyautogui deferred (lazy import)
[   25.7ms] import filedialog, Path
[   26.2ms] import logging, threading
[   28.0ms] import app_setting_data
[   28.6ms] automation.BomAutomation deferred (lazy import)
[  321.9ms] import ui_setting
[  322.4ms] import wf_log

============================================================
STARTUP PROFILING (Real-time)
============================================================
[    0.0ms] Script start
[    6.0ms] multiprocessing.freeze_support()
[    6.6ms] sys.path setup complete
[    7.2ms] import tkinter
[    7.9ms] import tkinter.ttk, messagebox
[    8.4ms] import datetime
[    9.1ms] pyautogui deferred (lazy import)
[   16.6ms] import filedialog, Path
[   17.6ms] import logging, threading
[   20.6ms] import app_setting_data
[   21.3ms] automation.BomAutomation deferred (lazy import)
[  381.5ms] import ui_setting
[  381.9ms] import wf_log

============================================================
STARTUP PROFILING (Real-time)
============================================================
[    0.0ms] Script start
[    5.4ms] multiprocessing.freeze_support()
[    5.8ms] sys.path setup complete
[    6.3ms] import tkinter
[    6.6ms] import tkinter.ttk, messagebox
[    7.0ms] import datetime
[    7.3ms] pyautogui deferred (lazy import)
[    9.8ms] import filedialog, Path
[   10.2ms] import logging, threading
[   11.3ms] import app_setting_data
[   11.6ms] automation.BomAutomation deferred (lazy import)
[  202.6ms] import ui_setting
[  202.9ms] import wf_log

============================================================
STARTUP PROFILING (Real-time)
============================================================
[    0.0ms] Script start
[    7.6ms] multiprocessing.freeze_support()
[    8.0ms] sys.path setup complete
[    8.5ms] import tkinter
[    8.9ms] import tkinter.ttk, messagebox
[    9.6ms] import datetime
[   10.0ms] pyautogui deferred (lazy import)
[   13.5ms] import filedialog, Path
[   13.8ms] import logging, threading
[   17.0ms] import app_setting_data
[   17.4ms] automation.BomAutomation deferred (lazy import)
[  413.2ms] import ui_setting
[  413.7ms] import wf_log

============================================================
STARTUP PROFILING (Real-time)
============================================================
[    0.0ms] Script start
[    5.5ms] multiprocessing.freeze_support()
[    6.2ms] sys.path setup complete
[    6.6ms] import tkinter
[    7.0ms] import tkinter.ttk, messagebox
[    7.9ms] import datetime
[    8.3ms] pyautogui deferred (lazy import)
[   13.3ms] import filedialog, Path
[   13.7ms] import logging, threading
[   15.6ms] import app_setting_data
[   15.9ms] automation.BomAutomation deferred (lazy import)
[  384.9ms] import ui_setting
[  385.3ms] import wf_log

============================================================
STARTUP PROFILING (Real-time)
============================================================
[    0.0ms] Script start
[    8.0ms] multiprocessing.freeze_support()
[    8.4ms] sys.path setup complete
[    9.2ms] import tkinter
[    9.7ms] import tkinter.ttk, messagebox
[   10.2ms] import datetime
[   10.9ms] pyautogui deferred (lazy import)
[   14.4ms] import filedialog, Path
[   14.7ms] import logging, threading
[   16.6ms] import app_setting_data
[   17.1ms] automation.BomAutomation deferred (lazy import)
[  363.6ms] import ui_setting
[  364.0ms] import wf_log

============================================================
STARTUP PROFILING (Real-time)
============================================================
[    0.0ms] Script start
[    6.9ms] multiprocessing.freeze_support()
[    7.4ms] sys.path setup complete
[    8.0ms] import tkinter
[    8.4ms] import tkinter.ttk, messagebox
[    9.7ms] import datetime
[   10.7ms] pyautogui deferred (lazy import)
[   15.5ms] import filedialog, Path
[   15.9ms] import logging, threading
[   17.6ms] import app_setting_data
[   17.9ms] automation.BomAutomation deferred (lazy import)
[  390.1ms] import ui_setting
[  390.6ms] import wf_log

============================================================
STARTUP PROFILING (Real-time)
============================================================
[    0.0ms] Script start
[    9.7ms] multiprocessing.freeze_support()
[   10.6ms] sys.path setup complete
[   11.5ms] import tkinter
[   12.2ms] import tkinter.ttk, messagebox
[   13.3ms] import datetime
[   14.3ms] pyautogui deferred (lazy import)
[   20.9ms] import filedialog, Path
[   21.6ms] import logging, threading
[   24.9ms] import app_setting_data
[   25.5ms] automation.BomAutomation deferred (lazy import)
[  561.9ms] import ui_setting
[  562.8ms] import wf_log

============================================================
STARTUP PROFILING (Real-time)
============================================================
[    0.0ms] Script start
[   39.3ms] multiprocessing.freeze_support()
[   49.5ms] sys.path setup complete
[   59.4ms] import tkinter
[   70.5ms] import tkinter.ttk, messagebox
[   79.9ms] import datetime
[   89.7ms] pyautogui deferred (lazy import)
[  104.4ms] import filedialog, Path
[  113.6ms] import logging, threading
[  128.2ms] import app_setting_data
[  137.3ms] automation.BomAutomation deferred (lazy import)
[ 2025.8ms] import ui_setting
[ 2036.0ms] import wf_log

============================================================
STARTUP PROFILING (Real-time)
============================================================
[    0.0ms] Script start
[    5.7ms] multiprocessing.freeze_support()
[    6.3ms] sys.path setup complete
[    6.7ms] import tkinter
[    7.3ms] import tkinter.ttk, messagebox
[    7.7ms] import datetime
[    8.8ms] pyautogui deferred (lazy import)
[   13.0ms] import filedialog, Path
[   13.6ms] import logging, threading
[   41.1ms] import app_setting_data
[   41.5ms] automation.BomAutomation deferred (lazy import)
[  302.9ms] import ui_setting
[  303.4ms] import wf_log

============================================================
STARTUP PROFILING (Real-time)
============================================================
[    0.0ms] Script start
[    4.0ms] multiprocessing.freeze_support()
[    4.4ms] sys.path setup complete
[    4.7ms] import tkinter
[    5.6ms] import tkinter.ttk, messagebox
[    6.0ms] import datetime
[    7.0ms] pyautogui deferred (lazy import)
[    9.2ms] import filedialog, Path
[    9.5ms] import logging, threading
[   10.6ms] import app_setting_data
[   10.9ms] automation.BomAutomation deferred (lazy import)
[  229.4ms] import ui_setting
[  229.9ms] import wf_log

============================================================
STARTUP PROFILING (Real-time)
============================================================
[    0.0ms] Script start
[    5.0ms] multiprocessing.freeze_support()
[    5.5ms] sys.path setup complete
[    9.9ms] import tkinter
[   10.5ms] import tkinter.ttk, messagebox
[   10.8ms] import datetime
[   11.6ms] pyautogui deferred (lazy import)
[   15.0ms] import filedialog, Path
[   15.3ms] import logging, threading
[   16.5ms] import app_setting_data
[   16.8ms] automation.BomAutomation deferred (lazy import)
[  276.3ms] import ui_setting
[  276.7ms] import wf_log

============================================================
STARTUP PROFILING (Real-time)
============================================================
[    0.0ms] Script start
[    6.3ms] multiprocessing.freeze_support()
[    6.8ms] sys.path setup complete
[    7.1ms] import tkinter
[    8.0ms] import tkinter.ttk, messagebox
[    8.6ms] import datetime
[    9.3ms] pyautogui deferred (lazy import)
[   12.6ms] import filedialog, Path
[   12.9ms] import logging, threading
[   14.1ms] import app_setting_data
[   14.4ms] automation.BomAutomation deferred (lazy import)
[  276.7ms] import ui_setting
[  277.2ms] import wf_log

============================================================
STARTUP PROFILING (Real-time)
============================================================
[    0.0ms] Script start
[    4.6ms] multiprocessing.freeze_support()
[    5.1ms] sys.path setup complete
[    5.6ms] import tkinter
[    5.9ms] import tkinter.ttk, messagebox
[    6.2ms] import datetime
[    7.0ms] pyautogui deferred (lazy import)
[    9.4ms] import filedialog, Path
[    9.8ms] import logging, threading
[   35.7ms] import app_setting_data
[   36.1ms] automation.BomAutomation deferred (lazy import)
[  324.4ms] import ui_setting
[  324.8ms] import wf_log

============================================================
STARTUP PROFILING (Real-time)
============================================================
[    0.0ms] Script start
[    7.0ms] multiprocessing.freeze_support()
[    7.3ms] sys.path setup complete
[    7.7ms] import tkinter
[    8.4ms] import tkinter.ttk, messagebox
[    8.9ms] import datetime
[    9.4ms] pyautogui deferred (lazy import)
[   12.7ms] import filedialog, Path
[   13.3ms] import logging, threading
[   14.5ms] import app_setting_data
[   14.8ms] automation.BomAutomation deferred (lazy import)
[  335.1ms] import ui_setting
[  335.9ms] import wf_log

============================================================
STARTUP PROFILING (Real-time)
============================================================
[    0.0ms] Script start
[    4.7ms] multiprocessing.freeze_support()
[    6.9ms] sys.path setup complete
[    7.4ms] import tkinter
[    7.8ms] import tkinter.ttk, messagebox
[    8.5ms] import datetime
[    9.3ms] pyautogui deferred (lazy import)
[   11.6ms] import filedialog, Path
[   11.9ms] import logging, threading
[   13.9ms] import app_setting_data
[   14.2ms] automation.BomAutomation deferred (lazy import)
[  278.1ms] import ui_setting
[  278.5ms] import wf_log

============================================================
STARTUP PROFILING (Real-time)
============================================================
[    0.0ms] Script start
[    5.8ms] multiprocessing.freeze_support()
[    6.3ms] sys.path setup complete
[    6.8ms] import tkinter
[    7.2ms] import tkinter.ttk, messagebox
[    7.5ms] import datetime
[    8.1ms] pyautogui deferred (lazy import)
[   11.2ms] import filedialog, Path
[   12.2ms] import logging, threading
[   13.7ms] import app_setting_data
[   14.1ms] automation.BomAutomation deferred (lazy import)
[  294.4ms] import ui_setting
[  294.8ms] import wf_log

============================================================
STARTUP PROFILING (Real-time)
============================================================
[    0.0ms] Script start
[    6.6ms] multiprocessing.freeze_support()
[    6.9ms] sys.path setup complete
[    7.2ms] import tkinter
[    7.9ms] import tkinter.ttk, messagebox
[    8.8ms] import datetime
[    9.0ms] pyautogui deferred (lazy import)
[   12.0ms] import filedialog, Path
[   12.2ms] import logging, threading
[   13.1ms] import app_setting_data
[   13.4ms] automation.BomAutomation deferred (lazy import)
[  237.4ms] import ui_setting
[  237.8ms] import wf_log

============================================================
STARTUP PROFILING (Real-time)
============================================================
[    0.0ms] Script start
[    4.9ms] multiprocessing.freeze_support()
[    5.2ms] sys.path setup complete
[    5.5ms] import tkinter
[    5.8ms] import tkinter.ttk, messagebox
[    7.1ms] import datetime
[    8.1ms] pyautogui deferred (lazy import)
[   11.4ms] import filedialog, Path
[   11.7ms] import logging, threading
[   13.0ms] import app_setting_data
[   13.3ms] automation.BomAutomation deferred (lazy import)
[  287.7ms] import ui_setting
[  288.2ms] import wf_log

============================================================
STARTUP PROFILING (Real-time)
============================================================
[    0.0ms] Script start
[    3.6ms] multiprocessing.freeze_support()
[    3.9ms] sys.path setup complete
[    4.2ms] import tkinter
[    4.5ms] import tkinter.ttk, messagebox
[    5.6ms] import datetime
[    5.8ms] pyautogui deferred (lazy import)
[    7.8ms] import filedialog, Path
[    8.1ms] import logging, threading
[    9.4ms] import app_setting_data
[    9.7ms] automation.BomAutomation deferred (lazy import)
[  226.8ms] import ui_setting
[  227.2ms] import wf_log

============================================================
STARTUP PROFILING (Real-time)
============================================================
[    0.0ms] Script start
[    4.4ms] multiprocessing.freeze_support()
[    4.7ms] sys.path setup complete
[    5.1ms] import tkinter
[    6.1ms] import tkinter.ttk, messagebox
[    7.0ms] import datetime
[    7.4ms] pyautogui deferred (lazy import)
[   10.0ms] import filedialog, Path
[   10.3ms] import logging, threading
[   11.2ms] import app_setting_data
[   11.5ms] automation.BomAutomation deferred (lazy import)
[  239.8ms] import ui_setting
[  240.2ms] import wf_log

============================================================
STARTUP PROFILING (Real-time)
============================================================
[    0.0ms] Script start
[    4.5ms] multiprocessing.freeze_support()
[    4.8ms] sys.path setup complete
[    5.1ms] import tkinter
[    5.9ms] import tkinter.ttk, messagebox
[    6.3ms] import datetime
[    6.9ms] pyautogui deferred (lazy import)
[    9.3ms] import filedialog, Path
[    9.6ms] import logging, threading
[   10.6ms] import app_setting_data
[   10.8ms] automation.BomAutomation deferred (lazy import)
[  225.5ms] import ui_setting
[  225.9ms] import wf_log

============================================================
STARTUP PROFILING (Real-time)
============================================================
[    0.0ms] Script start
[    4.6ms] multiprocessing.freeze_support()
[    5.0ms] sys.path setup complete
[    5.3ms] import tkinter
[    5.6ms] import tkinter.ttk, messagebox
[    5.9ms] import datetime
[    6.3ms] pyautogui deferred (lazy import)
[    8.8ms] import filedialog, Path
[    9.1ms] import logging, threading
[   10.1ms] import app_setting_data
[   10.3ms] automation.BomAutomation deferred (lazy import)
[  230.8ms] import ui_setting
[  231.2ms] import wf_log

============================================================
STARTUP PROFILING (Real-time)
============================================================
[    0.0ms] Script start
[    4.3ms] multiprocessing.freeze_support()
[    4.6ms] sys.path setup complete
[    5.0ms] import tkinter
[    5.9ms] import tkinter.ttk, messagebox
[    6.7ms] import datetime
[    7.3ms] pyautogui deferred (lazy import)
[   11.5ms] import filedialog, Path
[   11.9ms] import logging, threading
[   12.8ms] import app_setting_data
[   13.1ms] automation.BomAutomation deferred (lazy import)
[  227.0ms] import ui_setting
[  227.4ms] import wf_log

============================================================
STARTUP PROFILING (Real-time)
============================================================
[    0.0ms] Script start
[    3.9ms] multiprocessing.freeze_support()
[    4.5ms] sys.path setup complete
[    4.8ms] import tkinter
[    5.2ms] import tkinter.ttk, messagebox
[    5.7ms] import datetime
[    6.4ms] pyautogui deferred (lazy import)
[    8.6ms] import filedialog, Path
[    8.9ms] import logging, threading
[   10.1ms] import app_setting_data
[   10.4ms] automation.BomAutomation deferred (lazy import)
[  217.9ms] import ui_setting
[  218.2ms] import wf_log

============================================================
STARTUP PROFILING (Real-time)
============================================================
[    0.0ms] Script start
[    5.6ms] multiprocessing.freeze_support()
[    5.9ms] sys.path setup complete
[    6.2ms] import tkinter
[    6.5ms] import tkinter.ttk, messagebox
[    6.9ms] import datetime
[    7.2ms] pyautogui deferred (lazy import)
[    9.3ms] import filedialog, Path
[    9.6ms] import logging, threading
[   10.5ms] import app_setting_data
[   10.8ms] automation.BomAutomation deferred (lazy import)
[  237.1ms] import ui_setting
[  237.5ms] import wf_log

============================================================
STARTUP PROFILING (Real-time)
============================================================
[    0.0ms] Script start
[    4.6ms] multiprocessing.freeze_support()
[    4.9ms] sys.path setup complete
[    5.2ms] import tkinter
[    5.6ms] import tkinter.ttk, messagebox
[    6.0ms] import datetime
[    6.4ms] pyautogui deferred (lazy import)
[    9.2ms] import filedialog, Path
[    9.5ms] import logging, threading
[   11.8ms] import app_setting_data
[   12.1ms] automation.BomAutomation deferred (lazy import)
[  230.0ms] import ui_setting
[  230.4ms] import wf_log

============================================================
STARTUP PROFILING (Real-time)
============================================================
[    0.0ms] Script start
[    7.1ms] multiprocessing.freeze_support()
[    7.5ms] sys.path setup complete
[    7.8ms] import tkinter
[    8.8ms] import tkinter.ttk, messagebox
[    9.5ms] import datetime
[   11.5ms] pyautogui deferred (lazy import)
[   14.9ms] import filedialog, Path
[   15.2ms] import logging, threading
[   16.0ms] import app_setting_data
[   16.3ms] automation.BomAutomation deferred (lazy import)
[  258.2ms] import ui_setting
[  258.6ms] import wf_log

============================================================
STARTUP PROFILING (Real-time)
============================================================
[    0.0ms] Script start
[    5.2ms] multiprocessing.freeze_support()
[    5.6ms] sys.path setup complete
[    6.0ms] import tkinter
[    6.6ms] import tkinter.ttk, messagebox
[    7.2ms] import datetime
[    7.8ms] pyautogui deferred (lazy import)
[   10.9ms] import filedialog, Path
[   11.2ms] import logging, threading
[   12.6ms] import app_setting_data
[   12.9ms] automation.BomAutomation deferred (lazy import)
[  200.9ms] import ui_setting
[  201.2ms] import wf_log

============================================================
STARTUP PROFILING (Real-time)
============================================================
[    0.0ms] Script start
[    5.3ms] multiprocessing.freeze_support()
[    5.7ms] sys.path setup complete
[    6.0ms] import tkinter
[    6.4ms] import tkinter.ttk, messagebox
[    6.6ms] import datetime
[    6.9ms] pyautogui deferred (lazy import)
[    9.4ms] import filedialog, Path
[    9.8ms] import logging, threading
[   10.8ms] import app_setting_data
[   11.1ms] automation.BomAutomation deferred (lazy import)
[  214.6ms] import ui_setting
[  215.0ms] import wf_log

============================================================
STARTUP PROFILING (Real-time)
============================================================
[    0.0ms] Script start
[    4.1ms] multiprocessing.freeze_support()
[    4.4ms] sys.path setup complete
[    4.7ms] import tkinter
[    5.0ms] import tkinter.ttk, messagebox
[    5.9ms] import datetime
[    6.2ms] pyautogui deferred (lazy import)
[   11.0ms] import filedialog, Path
[   11.3ms] import logging, threading
[   12.5ms] import app_setting_data
[   12.8ms] automation.BomAutomation deferred (lazy import)
[  212.5ms] import ui_setting
[  212.8ms] import wf_log

============================================================
STARTUP PROFILING (Real-time)
============================================================
[    0.0ms] Script start
[    3.9ms] multiprocessing.freeze_support()
[    4.3ms] sys.path setup complete
[    4.7ms] import tkinter
[    5.5ms] import tkinter.ttk, messagebox
[    6.3ms] import datetime
[    6.7ms] pyautogui deferred (lazy import)
[    9.4ms] import filedialog, Path
[    9.7ms] import logging, threading
[   10.7ms] import app_setting_data
[   11.0ms] automation.BomAutomation deferred (lazy import)
[  249.0ms] import ui_setting
[  249.5ms] import wf_log

============================================================
STARTUP PROFILING (Real-time)
============================================================
[    0.0ms] Script start
[    5.0ms] multiprocessing.freeze_support()
[    5.4ms] sys.path setup complete
[    5.6ms] import tkinter
[    6.0ms] import tkinter.ttk, messagebox
[    8.1ms] import datetime
[    8.9ms] pyautogui deferred (lazy import)
[   13.0ms] import filedialog, Path
[   13.3ms] import logging, threading
[   14.4ms] import app_setting_data
[   14.7ms] automation.BomAutomation deferred (lazy import)
[  321.2ms] import ui_setting
[  321.7ms] import wf_log

============================================================
STARTUP PROFILING (Real-time)
============================================================
[    0.0ms] Script start
[    4.3ms] multiprocessing.freeze_support()
[    4.6ms] sys.path setup complete
[    4.9ms] import tkinter
[    5.1ms] import tkinter.ttk, messagebox
[    5.4ms] import datetime
[    5.8ms] pyautogui deferred (lazy import)
[   10.5ms] import filedialog, Path
[   10.9ms] import logging, threading
[   12.6ms] import app_setting_data
[   12.8ms] automation.BomAutomation deferred (lazy import)
[  242.0ms] import ui_setting
[  244.8ms] import wf_log

============================================================
STARTUP PROFILING (Real-time)
============================================================
[    0.0ms] Script start
[    5.2ms] multiprocessing.freeze_support()
[    5.6ms] sys.path setup complete
[    5.9ms] import tkinter
[    6.6ms] import tkinter.ttk, messagebox
[    7.2ms] import datetime
[    8.0ms] pyautogui deferred (lazy import)
[   11.1ms] import filedialog, Path
[   11.5ms] import logging, threading
[   12.4ms] import app_setting_data
[   12.7ms] automation.BomAutomation deferred (lazy import)
[  239.0ms] import ui_setting
[  239.4ms] import wf_log

============================================================
STARTUP PROFILING (Real-time)
============================================================
[    0.0ms] Script start
[    6.5ms] multiprocessing.freeze_support()
[    6.8ms] sys.path setup complete
[    7.2ms] import tkinter
[    7.9ms] import tkinter.ttk, messagebox
[    8.3ms] import datetime
[    9.4ms] pyautogui deferred (lazy import)
[   13.4ms] import filedialog, Path
[   13.8ms] import logging, threading
[   15.0ms] import app_setting_data
[   15.3ms] automation.BomAutomation deferred (lazy import)
[  245.0ms] import ui_setting
[  245.5ms] import wf_log

============================================================
STARTUP PROFILING (Real-time)
============================================================
[    0.0ms] Script start
[    5.5ms] multiprocessing.freeze_support()
[    5.9ms] sys.path setup complete
[    6.3ms] import tkinter
[    7.0ms] import tkinter.ttk, messagebox
[    7.6ms] import datetime
[    8.3ms] pyautogui deferred (lazy import)
[   10.9ms] import filedialog, Path
[   11.2ms] import logging, threading
[   12.1ms] import app_setting_data
[   12.4ms] automation.BomAutomation deferred (lazy import)
[  213.6ms] import ui_setting
[  214.0ms] import wf_log

============================================================
STARTUP PROFILING (Real-time)
============================================================
[    0.0ms] Script start
[    4.3ms] multiprocessing.freeze_support()
[    4.7ms] sys.path setup complete
[    5.0ms] import tkinter
[    5.3ms] import tkinter.ttk, messagebox
[    5.5ms] import datetime
[    5.8ms] pyautogui deferred (lazy import)
[    8.2ms] import filedialog, Path
[    8.5ms] import logging, threading
[    9.4ms] import app_setting_data
[    9.7ms] automation.BomAutomation deferred (lazy import)
[  240.3ms] import ui_setting
[  240.6ms] import wf_log

============================================================
STARTUP PROFILING (Real-time)
============================================================
[    0.0ms] Script start
[    4.0ms] multiprocessing.freeze_support()
[    4.3ms] sys.path setup complete
[    4.7ms] import tkinter
[    5.2ms] import tkinter.ttk, messagebox
[    5.5ms] import datetime
[    5.8ms] pyautogui deferred (lazy import)
[    8.3ms] import filedialog, Path
[    8.6ms] import logging, threading
[    9.6ms] import app_setting_data
[    9.9ms] automation.BomAutomation deferred (lazy import)
[  217.8ms] import ui_setting
[  218.2ms] import wf_log

============================================================
STARTUP PROFILING (Real-time)
============================================================
[    0.0ms] Script start
[    4.5ms] multiprocessing.freeze_support()
[    4.8ms] sys.path setup complete
[    5.1ms] import tkinter
[    5.9ms] import tkinter.ttk, messagebox
[    6.6ms] import datetime
[    7.1ms] pyautogui deferred (lazy import)
[   11.8ms] import filedialog, Path
[   12.3ms] import logging, threading
[   13.5ms] import app_setting_data
[   13.8ms] automation.BomAutomation deferred (lazy import)
[  229.7ms] import ui_setting
[  230.0ms] import wf_log

============================================================
STARTUP PROFILING (Real-time)
============================================================
[    0.0ms] Script start
[    4.1ms] multiprocessing.freeze_support()
[    4.5ms] sys.path setup complete
[    4.9ms] import tkinter
[    5.2ms] import tkinter.ttk, messagebox
[    5.9ms] import datetime
[    6.6ms] pyautogui deferred (lazy import)
[    9.5ms] import filedialog, Path
[    9.9ms] import logging, threading
[   10.8ms] import app_setting_data
[   11.0ms] automation.BomAutomation deferred (lazy import)
[  197.9ms] import ui_setting
[  198.3ms] import wf_log

============================================================
STARTUP PROFILING (Real-time)
============================================================
[    0.0ms] Script start
[    4.6ms] multiprocessing.freeze_support()
[    5.0ms] sys.path setup complete
[    5.2ms] import tkinter
[    5.9ms] import tkinter.ttk, messagebox
[    6.3ms] import datetime
[    7.2ms] pyautogui deferred (lazy import)
[    9.8ms] import filedialog, Path
[   10.1ms] import logging, threading
[   11.0ms] import app_setting_data
[   11.2ms] automation.BomAutomation deferred (lazy import)
[  214.7ms] import ui_setting
[  215.3ms] import wf_log

============================================================
STARTUP PROFILING (Real-time)
============================================================
[    0.0ms] Script start
[    4.5ms] multiprocessing.freeze_support()
[    5.0ms] sys.path setup complete
[    5.4ms] import tkinter
[    5.7ms] import tkinter.ttk, messagebox
[    5.9ms] import datetime
[    6.3ms] pyautogui deferred (lazy import)
[    9.4ms] import filedialog, Path
[    9.8ms] import logging, threading
[   10.9ms] import app_setting_data
[   11.2ms] automation.BomAutomation deferred (lazy import)
[  222.0ms] import ui_setting
[  222.4ms] import wf_log

============================================================
STARTUP PROFILING (Real-time)
============================================================
[    0.0ms] Script start
[    5.6ms] multiprocessing.freeze_support()
[    6.1ms] sys.path setup complete
[    6.6ms] import tkinter
[    7.0ms] import tkinter.ttk, messagebox
[    7.3ms] import datetime
[    7.6ms] pyautogui deferred (lazy import)
[   11.2ms] import filedialog, Path
[   11.6ms] import logging, threading
[   12.7ms] import app_setting_data
[   13.1ms] automation.BomAutomation deferred (lazy import)
[  214.6ms] import ui_setting
[  215.0ms] import wf_log

============================================================
STARTUP PROFILING (Real-time)
============================================================
[    0.0ms] Script start
[    4.8ms] multiprocessing.freeze_support()
[    5.1ms] sys.path setup complete
[    5.7ms] import tkinter
[    6.0ms] import tkinter.ttk, messagebox
[    7.1ms] import datetime
[    7.4ms] pyautogui deferred (lazy import)
[   11.3ms] import filedialog, Path
[   11.6ms] import logging, threading
[   12.6ms] import app_setting_data
[   12.9ms] automation.BomAutomation deferred (lazy import)
[  245.0ms] import ui_setting
[  245.4ms] import wf_log

============================================================
STARTUP PROFILING (Real-time)
============================================================
[    0.0ms] Script start
[    4.4ms] multiprocessing.freeze_support()
[    4.8ms] sys.path setup complete
[    5.1ms] import tkinter
[    5.6ms] import tkinter.ttk, messagebox
[    6.2ms] import datetime
[    6.7ms] pyautogui deferred (lazy import)
[   10.7ms] import filedialog, Path
[   11.1ms] import logging, threading
[   12.1ms] import app_setting_data
[   12.3ms] automation.BomAutomation deferred (lazy import)
[  225.0ms] import ui_setting
[  225.5ms] import wf_log

============================================================
STARTUP PROFILING (Real-time)
============================================================
[    0.0ms] Script start
[    4.3ms] multiprocessing.freeze_support()
[    4.7ms] sys.path setup complete
[    5.0ms] import tkinter
[    5.5ms] import tkinter.ttk, messagebox
[    6.0ms] import datetime
[    6.7ms] pyautogui deferred (lazy import)
[    9.1ms] import filedialog, Path
[    9.5ms] import logging, threading
[   10.6ms] import app_setting_data
[   10.9ms] automation.BomAutomation deferred (lazy import)
[  250.3ms] import ui_setting
[  250.8ms] import wf_log

============================================================
STARTUP PROFILING (Real-time)
============================================================
[    0.0ms] Script start
[    4.8ms] multiprocessing.freeze_support()
[    5.1ms] sys.path setup complete
[    5.9ms] import tkinter
[    6.4ms] import tkinter.ttk, messagebox
[    7.1ms] import datetime
[    7.7ms] pyautogui deferred (lazy import)
[   10.9ms] import filedialog, Path
[   11.2ms] import logging, threading
[   12.8ms] import app_setting_data
[   13.1ms] automation.BomAutomation deferred (lazy import)
[  257.0ms] import ui_setting
[  257.4ms] import wf_log

============================================================
STARTUP PROFILING (Real-time)
============================================================
[    0.0ms] Script start
[    4.0ms] multiprocessing.freeze_support()
[    4.3ms] sys.path setup complete
[    4.8ms] import tkinter
[    5.0ms] import tkinter.ttk, messagebox
[    5.3ms] import datetime
[    5.6ms] pyautogui deferred (lazy import)
[    8.3ms] import filedialog, Path
[    8.6ms] import logging, threading
[    9.6ms] import app_setting_data
[    9.9ms] automation.BomAutomation deferred (lazy import)
[  272.5ms] import ui_setting
[  273.1ms] import wf_log

============================================================
STARTUP PROFILING (Real-time)
============================================================
[    0.0ms] Script start
[    5.5ms] multiprocessing.freeze_support()
[    5.8ms] sys.path setup complete
[    6.3ms] import tkinter
[    7.4ms] import tkinter.ttk, messagebox
[    7.9ms] import datetime
[    8.4ms] pyautogui deferred (lazy import)
[   11.7ms] import filedialog, Path
[   12.0ms] import logging, threading
[   13.1ms] import app_setting_data
[   13.4ms] automation.BomAutomation deferred (lazy import)
[  275.0ms] import ui_setting
[  275.4ms] import wf_log

============================================================
STARTUP PROFILING (Real-time)
============================================================
[    0.0ms] Script start
[    6.6ms] multiprocessing.freeze_support()
[    7.1ms] sys.path setup complete
[    8.2ms] import tkinter
[    9.7ms] import tkinter.ttk, messagebox
[   10.1ms] import datetime
[   10.4ms] pyautogui deferred (lazy import)
[   14.5ms] import filedialog, Path
[   15.2ms] import logging, threading
[   16.6ms] import app_setting_data
[   16.9ms] automation.BomAutomation deferred (lazy import)
[  255.9ms] import ui_setting
[  256.7ms] import wf_log

============================================================
STARTUP PROFILING (Real-time)
============================================================
[    0.0ms] Script start
[    5.8ms] multiprocessing.freeze_support()
[    6.2ms] sys.path setup complete
[    6.5ms] import tkinter
[    7.5ms] import tkinter.ttk, messagebox
[    7.8ms] import datetime
[    8.4ms] pyautogui deferred (lazy import)
[   12.8ms] import filedialog, Path
[   13.4ms] import logging, threading
[   14.4ms] import app_setting_data
[   14.7ms] automation.BomAutomation deferred (lazy import)
[  255.3ms] import ui_setting
[  255.7ms] import wf_log

============================================================
STARTUP PROFILING (Real-time)
============================================================
[    0.0ms] Script start
[    5.0ms] multiprocessing.freeze_support()
[    5.4ms] sys.path setup complete
[    6.1ms] import tkinter
[    7.2ms] import tkinter.ttk, messagebox
[    7.6ms] import datetime
[    9.0ms] pyautogui deferred (lazy import)
[   16.0ms] import filedialog, Path
[   16.6ms] import logging, threading
[   17.7ms] import app_setting_data
[   17.9ms] automation.BomAutomation deferred (lazy import)
[  237.6ms] import ui_setting
[  238.0ms] import wf_log

============================================================
STARTUP PROFILING (Real-time)
============================================================
[    0.0ms] Script start
[    5.1ms] multiprocessing.freeze_support()
[    5.4ms] sys.path setup complete
[    6.0ms] import tkinter
[    6.6ms] import tkinter.ttk, messagebox
[    6.9ms] import datetime
[    7.6ms] pyautogui deferred (lazy import)
[    9.8ms] import filedialog, Path
[   10.1ms] import logging, threading
[   11.0ms] import app_setting_data
[   11.2ms] automation.BomAutomation deferred (lazy import)
[  207.6ms] import ui_setting
[  208.0ms] import wf_log

============================================================
STARTUP PROFILING (Real-time)
============================================================
[    0.0ms] Script start
[    4.5ms] multiprocessing.freeze_support()
[    4.9ms] sys.path setup complete
[    5.2ms] import tkinter
[    5.7ms] import tkinter.ttk, messagebox
[    6.5ms] import datetime
[    6.9ms] pyautogui deferred (lazy import)
[    9.6ms] import filedialog, Path
[    9.9ms] import logging, threading
[   10.9ms] import app_setting_data
[   11.2ms] automation.BomAutomation deferred (lazy import)
[  200.6ms] import ui_setting
[  201.2ms] import wf_log

============================================================
STARTUP PROFILING (Real-time)
============================================================
[    0.0ms] Script start
[    5.5ms] multiprocessing.freeze_support()
[    5.9ms] sys.path setup complete
[    6.3ms] import tkinter
[    7.0ms] import tkinter.ttk, messagebox
[    7.3ms] import datetime
[    8.1ms] pyautogui deferred (lazy import)
[   10.5ms] import filedialog, Path
[   12.0ms] import logging, threading
[   13.8ms] import app_setting_data
[   14.1ms] automation.BomAutomation deferred (lazy import)
[  247.5ms] import ui_setting
[  248.0ms] import wf_log

============================================================
STARTUP PROFILING (Real-time)
============================================================
[    0.0ms] Script start
[    5.8ms] multiprocessing.freeze_support()
[    6.2ms] sys.path setup complete
[    6.6ms] import tkinter
[    6.9ms] import tkinter.ttk, messagebox
[    7.2ms] import datetime
[    7.9ms] pyautogui deferred (lazy import)
[   10.7ms] import filedialog, Path
[   11.0ms] import logging, threading
[   12.3ms] import app_setting_data
[   13.1ms] automation.BomAutomation deferred (lazy import)
[  246.0ms] import ui_setting
[  246.4ms] import wf_log

============================================================
STARTUP PROFILING (Real-time)
============================================================
[    0.0ms] Script start
[    5.1ms] multiprocessing.freeze_support()
[    6.7ms] sys.path setup complete
[    7.2ms] import tkinter
[    7.5ms] import tkinter.ttk, messagebox
[    8.9ms] import datetime
[    9.3ms] pyautogui deferred (lazy import)
[   12.8ms] import filedialog, Path
[   13.2ms] import logging, threading
[   14.1ms] import app_setting_data
[   14.4ms] automation.BomAutomation deferred (lazy import)
[  231.6ms] import ui_setting
[  232.0ms] import wf_log

============================================================
STARTUP PROFILING (Real-time)
============================================================
[    0.0ms] Script start
[    5.1ms] multiprocessing.freeze_support()
[    7.7ms] sys.path setup complete
[    8.0ms] import tkinter
[    9.0ms] import tkinter.ttk, messagebox
[    9.6ms] import datetime
[   11.1ms] pyautogui deferred (lazy import)
[   13.9ms] import filedialog, Path
[   14.2ms] import logging, threading
[   15.2ms] import app_setting_data
[   15.5ms] automation.BomAutomation deferred (lazy import)
[  241.7ms] import ui_setting
[  242.1ms] import wf_log

============================================================
STARTUP PROFILING (Real-time)
============================================================
[    0.0ms] Script start
[    4.8ms] multiprocessing.freeze_support()
[    5.2ms] sys.path setup complete
[    5.5ms] import tkinter
[    6.0ms] import tkinter.ttk, messagebox
[    6.3ms] import datetime
[    7.0ms] pyautogui deferred (lazy import)
[    9.8ms] import filedialog, Path
[   10.1ms] import logging, threading
[   11.4ms] import app_setting_data
[   11.7ms] automation.BomAutomation deferred (lazy import)
[  216.9ms] import ui_setting
[  217.4ms] import wf_log

============================================================
STARTUP PROFILING (Real-time)
============================================================
[    0.0ms] Script start
[    3.9ms] multiprocessing.freeze_support()
[    4.3ms] sys.path setup complete
[    4.6ms] import tkinter
[    4.8ms] import tkinter.ttk, messagebox
[    5.2ms] import datetime
[    5.8ms] pyautogui deferred (lazy import)
[    9.1ms] import filedialog, Path
[    9.4ms] import logging, threading
[   10.3ms] import app_setting_data
[   10.6ms] automation.BomAutomation deferred (lazy import)
[  216.2ms] import ui_setting
[  216.7ms] import wf_log

============================================================
STARTUP PROFILING (Real-time)
============================================================
[    0.0ms] Script start
[    4.7ms] multiprocessing.freeze_support()
[    5.1ms] sys.path setup complete
[    5.4ms] import tkinter
[    5.8ms] import tkinter.ttk, messagebox
[    6.1ms] import datetime
[    6.4ms] pyautogui deferred (lazy import)
[    8.6ms] import filedialog, Path
[    8.9ms] import logging, threading
[    9.9ms] import app_setting_data
[   10.2ms] automation.BomAutomation deferred (lazy import)
[  217.3ms] import ui_setting
[  218.8ms] import wf_log

============================================================
STARTUP PROFILING (Real-time)
============================================================
[    0.0ms] Script start
[    7.7ms] multiprocessing.freeze_support()
[    8.4ms] sys.path setup complete
[    8.9ms] import tkinter
[    9.2ms] import tkinter.ttk, messagebox
[    9.5ms] import datetime
[    9.8ms] pyautogui deferred (lazy import)
[   13.3ms] import filedialog, Path
[   13.6ms] import logging, threading
[   14.9ms] import app_setting_data
[   15.2ms] automation.BomAutomation deferred (lazy import)
[  345.4ms] import ui_setting
[  345.8ms] import wf_log

============================================================
STARTUP PROFILING (Real-time)
============================================================
[    0.0ms] Script start
[    5.1ms] multiprocessing.freeze_support()
[    5.9ms] sys.path setup complete
[    6.8ms] import tkinter
[    7.2ms] import tkinter.ttk, messagebox
[    7.6ms] import datetime
[    8.1ms] pyautogui deferred (lazy import)
[   11.3ms] import filedialog, Path
[   11.7ms] import logging, threading
[   12.9ms] import app_setting_data
[   13.2ms] automation.BomAutomation deferred (lazy import)
[  279.7ms] import ui_setting
[  280.0ms] import wf_log

============================================================
STARTUP PROFILING (Real-time)
============================================================
[    0.0ms] Script start
[    4.3ms] multiprocessing.freeze_support()
[    4.6ms] sys.path setup complete
[    4.9ms] import tkinter
[    5.1ms] import tkinter.ttk, messagebox
[    5.5ms] import datetime
[    6.0ms] pyautogui deferred (lazy import)
[    8.8ms] import filedialog, Path
[    9.2ms] import logging, threading
[   10.6ms] import app_setting_data
[   10.8ms] automation.BomAutomation deferred (lazy import)
[  235.3ms] import ui_setting
[  235.6ms] import wf_log

============================================================
STARTUP PROFILING (Real-time)
============================================================
[    0.0ms] Script start
[    3.7ms] multiprocessing.freeze_support()
[    3.9ms] sys.path setup complete
[    4.2ms] import tkinter
[    4.4ms] import tkinter.ttk, messagebox
[    4.8ms] import datetime
[    5.2ms] pyautogui deferred (lazy import)
[    8.4ms] import filedialog, Path
[    9.0ms] import logging, threading
[   10.4ms] import app_setting_data
[   10.8ms] automation.BomAutomation deferred (lazy import)
[  246.0ms] import ui_setting
[  246.4ms] import wf_log

============================================================
STARTUP PROFILING (Real-time)
============================================================
[    0.0ms] Script start
[    4.6ms] multiprocessing.freeze_support()
[    5.3ms] sys.path setup complete
[    5.6ms] import tkinter
[    6.0ms] import tkinter.ttk, messagebox
[    6.4ms] import datetime
[    6.7ms] pyautogui deferred (lazy import)
[    9.8ms] import filedialog, Path
[   10.1ms] import logging, threading
[   11.2ms] import app_setting_data
[   11.4ms] automation.BomAutomation deferred (lazy import)
[  288.2ms] import ui_setting
[  288.8ms] import wf_log

============================================================
STARTUP PROFILING (Real-time)
============================================================
[    0.0ms] Script start
[    5.8ms] multiprocessing.freeze_support()
[    6.4ms] sys.path setup complete
[    6.7ms] import tkinter
[    7.1ms] import tkinter.ttk, messagebox
[    7.5ms] import datetime
[    7.9ms] pyautogui deferred (lazy import)
[   10.7ms] import filedialog, Path
[   11.2ms] import logging, threading
[   13.3ms] import app_setting_data
[   13.8ms] automation.BomAutomation deferred (lazy import)
[  341.2ms] import ui_setting
[  341.8ms] import wf_log

============================================================
STARTUP PROFILING (Real-time)
============================================================
[    0.0ms] Script start
[   16.2ms] multiprocessing.freeze_support()
[   26.1ms] sys.path setup complete
[   34.3ms] import tkinter
[   42.7ms] import tkinter.ttk, messagebox
[   51.1ms] import datetime
[   60.3ms] pyautogui deferred (lazy import)
[   71.5ms] import filedialog, Path
[   79.7ms] import logging, threading
[  110.3ms] import app_setting_data
[  118.9ms] automation.BomAutomation deferred (lazy import)
[  363.0ms] import ui_setting
[  371.5ms] import wf_log
