2025-11-13 15:01:55 - wf_korean_filename_normalizer - INFO - __init__:40 - App initialized: korean_filename_normalizer v0.7
2025-11-13 15:01:55 - wf_korean_filename_normalizer - INFO - __init__:41 - Environment: Environment.DEVELOPMENT
2025-11-13 15:01:55 - wf_korean_filename_normalizer - INFO - __init__:42 - Language: ko
2025-11-13 15:01:57 - wf_korean_filename_normalizer - DEBUG - check_user_registration:922 - 기존 지문: 
2025-11-13 15:01:57 - wf_korean_filename_normalizer - DEBUG - check_user_registration:923 - 현재 지문: 7df0557b6503a2818775f239d818fab706b090b3fa6b577ad6dd46bc6c94482e
2025-11-13 15:01:57 - wf_korean_filename_normalizer - INFO - create_user_directories:240 - 사용자 디렉토리 구조 생성 완료: C:\Users\HP\.wf_rpa
2025-11-13 15:01:57 - wf_korean_filename_normalizer - INFO - _worker:186 - 🔄 백그라운드 정책 동기화 실행...
2025-11-13 15:01:57 - wf_korean_filename_normalizer - INFO - _worker:189 - [STARTUP-POLICY] {'success': True, 'message': '동기화가 필요하지 않습니다.', 'synced': False}
2025-11-13 15:03:59 - wf_korean_filename_normalizer - INFO - __init__:40 - App initialized: korean_filename_normalizer v0.7
2025-11-13 15:03:59 - wf_korean_filename_normalizer - INFO - __init__:41 - Environment: Environment.DEVELOPMENT
2025-11-13 15:03:59 - wf_korean_filename_normalizer - INFO - __init__:42 - Language: ko
2025-11-13 15:04:00 - wf_korean_filename_normalizer - DEBUG - check_user_registration:922 - 기존 지문: 
2025-11-13 15:04:00 - wf_korean_filename_normalizer - DEBUG - check_user_registration:923 - 현재 지문: 7df0557b6503a2818775f239d818fab706b090b3fa6b577ad6dd46bc6c94482e
2025-11-13 15:05:01 - wf_korean_filename_normalizer - INFO - __init__:40 - App initialized: korean_filename_normalizer v0.7
2025-11-13 15:05:01 - wf_korean_filename_normalizer - INFO - __init__:41 - Environment: Environment.DEVELOPMENT
2025-11-13 15:05:01 - wf_korean_filename_normalizer - INFO - __init__:42 - Language: ko
2025-11-13 15:05:03 - wf_korean_filename_normalizer - DEBUG - check_user_registration:912 - 기존 지문: 
2025-11-13 15:05:03 - wf_korean_filename_normalizer - DEBUG - check_user_registration:913 - 현재 지문: 7df0557b6503a2818775f239d818fab706b090b3fa6b577ad6dd46bc6c94482e
2025-11-13 15:06:11 - wf_korean_filename_normalizer - INFO - __init__:40 - App initialized: korean_filename_normalizer v0.7
2025-11-13 15:06:11 - wf_korean_filename_normalizer - INFO - __init__:41 - Environment: Environment.DEVELOPMENT
2025-11-13 15:06:11 - wf_korean_filename_normalizer - INFO - __init__:42 - Language: ko
2025-11-13 16:01:52 - wf_korean_filename_normalizer - INFO - __init__:40 - App initialized: korean_filename_normalizer v0.7
2025-11-13 16:01:52 - wf_korean_filename_normalizer - INFO - __init__:41 - Environment: Environment.DEVELOPMENT
2025-11-13 16:01:52 - wf_korean_filename_normalizer - INFO - __init__:42 - Language: ko
2025-11-13 16:01:53 - wf_korean_filename_normalizer - DEBUG - check_user_registration:958 - 기존 지문: 
2025-11-13 16:01:53 - wf_korean_filename_normalizer - DEBUG - check_user_registration:959 - 현재 지문: 7df0557b6503a2818775f239d818fab706b090b3fa6b577ad6dd46bc6c94482e
2025-11-13 16:01:53 - wf_korean_filename_normalizer - INFO - create_user_directories:269 - 사용자 디렉토리 구조 생성 완료: C:\Users\HP\.wf_rpa
2025-11-13 16:01:53 - wf_korean_filename_normalizer - INFO - _worker:199 - 🔄 백그라운드 정책 동기화 실행...
2025-11-13 16:01:53 - wf_korean_filename_normalizer - INFO - _worker:202 - [STARTUP-POLICY] {'success': True, 'message': '동기화가 필요하지 않습니다.', 'synced': False}
2025-11-13 16:01:56 - wf_korean_filename_normalizer - ERROR - show_registration:1064 - 등록 창 함수를 호출할 수 없습니다.
2025-11-13 16:02:09 - wf_korean_filename_normalizer - WARNING - select_folder_license_check:649 - 기능을 사용하려면 먼저 사용자 등록이 필요합니다. '등 록' 버튼을 눌러주세요.
2025-11-13 16:02:13 - wf_korean_filename_normalizer - ERROR - show_registration:1064 - 등록 창 함수를 호출할 수 없습니다.
2025-11-13 16:02:24 - wf_korean_filename_normalizer - WARNING - select_folder_license_check:649 - 기능을 사용하려면 먼저 사용자 등록이 필요합니다. '등 록' 버튼을 눌러주세요.
2025-11-13 16:06:24 - wf_korean_filename_normalizer - INFO - __init__:40 - App initialized: korean_filename_normalizer v0.7
2025-11-13 16:06:24 - wf_korean_filename_normalizer - INFO - __init__:41 - Environment: Environment.DEVELOPMENT
2025-11-13 16:06:24 - wf_korean_filename_normalizer - INFO - __init__:42 - Language: ko
2025-11-13 16:06:25 - wf_korean_filename_normalizer - DEBUG - check_user_registration:958 - 기존 지문: 
2025-11-13 16:06:25 - wf_korean_filename_normalizer - DEBUG - check_user_registration:959 - 현재 지문: 7df0557b6503a2818775f239d818fab706b090b3fa6b577ad6dd46bc6c94482e
2025-11-13 16:06:25 - wf_korean_filename_normalizer - INFO - _worker:199 - 🔄 백그라운드 정책 동기화 실행...
2025-11-13 16:06:25 - wf_korean_filename_normalizer - INFO - create_user_directories:269 - 사용자 디렉토리 구조 생성 완료: C:\Users\HP\.wf_rpa
2025-11-13 16:06:25 - wf_korean_filename_normalizer - INFO - _worker:202 - [STARTUP-POLICY] {'success': True, 'message': '동기화가 필요하지 않습니다.', 'synced': False}
2025-11-13 16:06:35 - wf_korean_filename_normalizer - DEBUG - check_user_registration:958 - 기존 지문: 
2025-11-13 16:06:35 - wf_korean_filename_normalizer - DEBUG - check_user_registration:959 - 현재 지문: 7df0557b6503a2818775f239d818fab706b090b3fa6b577ad6dd46bc6c94482e
2025-11-13 16:06:47 - wf_korean_filename_normalizer - DEBUG - check_user_registration:958 - 기존 지문: 
2025-11-13 16:06:47 - wf_korean_filename_normalizer - DEBUG - check_user_registration:959 - 현재 지문: 7df0557b6503a2818775f239d818fab706b090b3fa6b577ad6dd46bc6c94482e
2025-11-13 16:06:49 - wf_korean_filename_normalizer - WARNING - select_folder_license_check:649 - 기능을 사용하려면 먼저 사용자 등록이 필요합니다. '등 록' 버튼을 눌러주세요.
2025-11-13 16:20:34 - wf_korean_filename_normalizer - INFO - __init__:40 - App initialized: korean_filename_normalizer v0.7
2025-11-13 16:20:34 - wf_korean_filename_normalizer - INFO - __init__:41 - Environment: Environment.DEVELOPMENT
2025-11-13 16:20:34 - wf_korean_filename_normalizer - INFO - __init__:42 - Language: ko
2025-11-13 16:20:36 - wf_korean_filename_normalizer - DEBUG - check_user_registration:969 - 기존 지문: 7df0557b6503a2818775f239d818fab706b090b3fa6b577ad6dd46bc6c94482e
2025-11-13 16:20:36 - wf_korean_filename_normalizer - DEBUG - check_user_registration:970 - 현재 지문: 7df0557b6503a2818775f239d818fab706b090b3fa6b577ad6dd46bc6c94482e
2025-11-13 16:20:36 - wf_korean_filename_normalizer - INFO - create_user_directories:269 - 사용자 디렉토리 구조 생성 완료: C:\Users\HP\.wf_rpa
2025-11-13 16:20:36 - wf_korean_filename_normalizer - INFO - _worker:199 - 🔄 백그라운드 정책 동기화 실행...
2025-11-13 16:20:36 - wf_korean_filename_normalizer - INFO - _worker:202 - [STARTUP-POLICY] {'success': True, 'message': '동기화가 필요하지 않습니다.', 'synced': False}
2025-11-13 16:27:06 - wf_korean_filename_normalizer - INFO - __init__:40 - App initialized: korean_filename_normalizer v0.7
2025-11-13 16:27:06 - wf_korean_filename_normalizer - INFO - __init__:41 - Environment: Environment.DEVELOPMENT
2025-11-13 16:27:06 - wf_korean_filename_normalizer - INFO - __init__:42 - Language: ko
2025-11-13 16:27:08 - wf_korean_filename_normalizer - DEBUG - check_user_registration:969 - 기존 지문: 7df0557b6503a2818775f239d818fab706b090b3fa6b577ad6dd46bc6c94482e
2025-11-13 16:27:08 - wf_korean_filename_normalizer - DEBUG - check_user_registration:970 - 현재 지문: 7df0557b6503a2818775f239d818fab706b090b3fa6b577ad6dd46bc6c94482e
2025-11-13 16:27:08 - wf_korean_filename_normalizer - INFO - _worker:199 - 🔄 백그라운드 정책 동기화 실행...
2025-11-13 16:27:08 - wf_korean_filename_normalizer - INFO - create_user_directories:269 - 사용자 디렉토리 구조 생성 완료: C:\Users\HP\.wf_rpa
2025-11-13 16:27:08 - wf_korean_filename_normalizer - INFO - _worker:202 - [STARTUP-POLICY] {'success': True, 'message': '동기화가 필요하지 않습니다.', 'synced': False}
2025-11-13 16:42:38 - wf_korean_filename_normalizer - INFO - __init__:40 - App initialized: korean_filename_normalizer v0.7
2025-11-13 16:42:38 - wf_korean_filename_normalizer - INFO - __init__:41 - Environment: Environment.DEVELOPMENT
2025-11-13 16:42:38 - wf_korean_filename_normalizer - INFO - __init__:42 - Language: ko
2025-11-13 16:42:40 - wf_korean_filename_normalizer - DEBUG - check_user_registration:1026 - 기존 지문: 7df0557b6503a2818775f239d818fab706b090b3fa6b577ad6dd46bc6c94482e
2025-11-13 16:42:40 - wf_korean_filename_normalizer - DEBUG - check_user_registration:1027 - 현재 지문: 7df0557b6503a2818775f239d818fab706b090b3fa6b577ad6dd46bc6c94482e
2025-11-13 16:42:40 - wf_korean_filename_normalizer - INFO - _worker:199 - 🔄 백그라운드 정책 동기화 실행...
2025-11-13 16:42:40 - wf_korean_filename_normalizer - INFO - create_user_directories:269 - 사용자 디렉토리 구조 생성 완료: C:\Users\HP\.wf_rpa
2025-11-13 16:42:40 - wf_korean_filename_normalizer - INFO - _worker:202 - [STARTUP-POLICY] {'success': True, 'message': '동기화가 필요하지 않습니다.', 'synced': False}
2025-11-13 16:48:46 - wf_korean_filename_normalizer - INFO - __init__:40 - App initialized: korean_filename_normalizer v0.7
2025-11-13 16:48:46 - wf_korean_filename_normalizer - INFO - __init__:41 - Environment: Environment.DEVELOPMENT
2025-11-13 16:48:46 - wf_korean_filename_normalizer - INFO - __init__:42 - Language: ko
2025-11-13 16:48:48 - wf_korean_filename_normalizer - DEBUG - check_user_registration:1040 - 기존 지문: 7df0557b6503a2818775f239d818fab706b090b3fa6b577ad6dd46bc6c94482e
2025-11-13 16:48:48 - wf_korean_filename_normalizer - DEBUG - check_user_registration:1041 - 현재 지문: 7df0557b6503a2818775f239d818fab706b090b3fa6b577ad6dd46bc6c94482e
2025-11-13 16:48:48 - wf_korean_filename_normalizer - INFO - _worker:199 - 🔄 백그라운드 정책 동기화 실행...
2025-11-13 16:48:48 - wf_korean_filename_normalizer - INFO - create_user_directories:269 - 사용자 디렉토리 구조 생성 완료: C:\Users\HP\.wf_rpa
2025-11-13 16:48:48 - wf_korean_filename_normalizer - INFO - _worker:202 - [STARTUP-POLICY] {'success': True, 'message': '동기화가 필요하지 않습니다.', 'synced': False}
2025-11-13 16:48:51 - wf_korean_filename_normalizer - INFO - log_message:1010 - 폴더 검사 중: C:\Users\HP\Downloads
2025-11-13 16:48:51 - wf_korean_filename_normalizer - INFO - log_message:1010 - 총 171개 파일을 검사합니다.
2025-11-13 16:48:51 - wf_korean_filename_normalizer - INFO - log_message:1010 - 검사 중: (FST) 직무분류 체계 3차_20250415.pptx
2025-11-13 16:48:51 - wf_korean_filename_normalizer - INFO - log_message:1010 - 검사 중: (FST) 킥오프 미팅 회의록.hwp
2025-11-13 16:48:51 - wf_korean_filename_normalizer - INFO - log_message:1010 - 검사 중: (GST) IR_2Q_2025_KOR.pdf
2025-11-13 16:48:51 - wf_korean_filename_normalizer - INFO - log_message:1010 - 검사 중: (교육생공유용) 성공하는 디지털 전환 전략_ 개념부터 사례까지-20250918T010221Z-1-001.zip
2025-11-13 16:48:51 - wf_korean_filename_normalizer - INFO - log_message:1010 - 검사 중: (배포용) 기술 세미나 강의자료_다크팩토리의 혁신.pdf
2025-11-13 16:48:51 - wf_korean_filename_normalizer - INFO - log_message:1010 - 검사 중: (별첨) 다면진단지 7종_통합본_250523_작성.xlsx
2025-11-13 16:48:51 - wf_korean_filename_normalizer - INFO - log_message:1010 - 검사 중: (붙임 2) '25년 예비창업패키지 2단계 지원 대상자 재협약체결 관련 자료.zip
2025-11-13 16:48:51 - wf_korean_filename_normalizer - INFO - log_message:1010 - 검사 중: (신청서)2024년_중소기업_녹색인증_컨설팅_지원사업_컨설팅_전문가_모집공고_붙임1-4.hwp
2025-11-13 16:48:51 - wf_korean_filename_normalizer - INFO - log_message:1010 - 검사 중: (양식)정보보호 전문기업 최초 지정신청 엑셀양식_2401.xlsx
2025-11-13 16:48:51 - wf_korean_filename_normalizer - INFO - log_message:1010 - 검사 중: 09월-사업비지급승인요청서-클로드.pdf
2025-11-13 16:48:51 - wf_korean_filename_normalizer - INFO - log_message:1010 - 검사 중: 1. 상담신청서(제1호 서식).hwp
2025-11-13 16:48:51 - wf_korean_filename_normalizer - INFO - log_message:1010 - 검사 중: 2-2. (양식) 2025 디지털혁신 중견기업 육성사업 POC 프로젝트 결과보고서.hwp
2025-11-13 16:48:51 - wf_korean_filename_normalizer - INFO - log_message:1010 - 검사 중: 2020+엔젤투자+알아야+성공한다.pdf
2025-11-13 16:48:51 - wf_korean_filename_normalizer - INFO - log_message:1010 - 검사 중: 2025 디지털혁신중견기업육성사업 DX챌린지진단 결과보고서_화승-v0.8.pptx
2025-11-13 16:48:51 - wf_korean_filename_normalizer - INFO - log_message:1010 - NFC 정규화: 2025 디지털혁신중견기업육성사업 DX챌린지진단 결과보고서_화승-v0.8.pptx → 2025 디지털혁신중견기업육성사업 DX챌린지진단 결과보고서_화승-v0.8.pptx
2025-11-13 16:48:51 - wf_korean_filename_normalizer - INFO - log_message:1010 - 자소 분리 파일 발견: 2025 디지털혁신중견기업육성사업 DX챌린지진단 결과보고서_화승-v0.8.pptx → 2025 디지털혁신중견기업육성사업 DX챌린지진단 결과보고서_화승-v0.8.pptx
2025-11-13 16:48:51 - wf_korean_filename_normalizer - INFO - log_message:1010 - 검사 중: 2025 디지털혁신중견기업육성사업 DX챌린지진단 결과보고서.pptx
2025-11-13 16:48:51 - wf_korean_filename_normalizer - INFO - log_message:1010 - 검사 중: 2025 산업일자리전환 전문컨설팅 완료보고_세인아이엔디_251104.pptx
2025-11-13 16:48:51 - wf_korean_filename_normalizer - INFO - log_message:1010 - 검사 중: 2025 산업일자리전환 지원사업 안내 브로셔 250728.pdf
2025-11-13 16:48:51 - wf_korean_filename_normalizer - INFO - log_message:1010 - 검사 중: 20251104.txt
2025-11-13 16:48:51 - wf_korean_filename_normalizer - INFO - log_message:1010 - 검사 중: 2025_산업일자리전환_전문컨설팅_중간보고_더스킨팩토리_251022_완성.pptx
2025-11-13 16:48:51 - wf_korean_filename_normalizer - INFO - log_message:1010 - 검사 중: 2025_산업일자리전환_전문컨설팅_중간보고서_에프에스티_완성본.pptx
2025-11-13 16:48:51 - wf_korean_filename_normalizer - INFO - log_message:1010 - 검사 중: 2025_산업일자리전환_전문컨설팅_중간보고서_에프에스티_완성본_1.pptx
2025-11-13 16:48:51 - wf_korean_filename_normalizer - INFO - log_message:1010 - 검사 중: 2025년 예비창업패키지(일반분야) 스타트업 시장소비자검증 프로그램 안내문.pdf
2025-11-13 16:48:51 - wf_korean_filename_normalizer - INFO - log_message:1010 - 검사 중: 2025년 예비창업패키지(일반분야) 스타트업 시장소비자검증 프로그램 참가신청서(양식).hwp
2025-11-13 16:48:51 - wf_korean_filename_normalizer - INFO - log_message:1010 - 검사 중: 2025년 하반기 데이터거래사 신청 공고 .zip
2025-11-13 16:48:51 - wf_korean_filename_normalizer - INFO - log_message:1010 - 검사 중: 2025년+명지녹산+스마트그린+AX+실증산단+구축+사업+지원계획+통합공고(2025_11_04).hwp
2025-11-13 16:48:51 - wf_korean_filename_normalizer - INFO - log_message:1010 - 검사 중: 2_개인기업_일반_확인서발급절차(2025).pdf
2025-11-13 16:48:51 - wf_korean_filename_normalizer - INFO - log_message:1010 - 검사 중: 3-1.png
2025-11-13 16:48:51 - wf_korean_filename_normalizer - INFO - log_message:1010 - 검사 중: 3-14. 구매승인요청서-07월.hwp
2025-11-13 16:48:51 - wf_korean_filename_normalizer - INFO - log_message:1010 - 검사 중: 3. 사업주 직업능력개발훈련.pdf
2025-11-13 16:48:51 - wf_korean_filename_normalizer - INFO - log_message:1010 - 검사 중: 35. 스마트제조_01 통합보고서_250116.pdf
2025-11-13 16:48:51 - wf_korean_filename_normalizer - INFO - log_message:1010 - 검사 중: 35. 스마트제조_02 품목보고서_02. AI 스마트 제조용 제어 관리 시스템_250116.pdf
2025-11-13 16:48:51 - wf_korean_filename_normalizer - INFO - log_message:1010 - 검사 중: 35. 스마트제조_02 품목보고서_04. 스마트제조용 디지털 트윈 시스템_250116.pdf
2025-11-13 16:48:51 - wf_korean_filename_normalizer - INFO - log_message:1010 - 검사 중: 40회_문제1_물적생산성과가치생산성.md
2025-11-13 16:48:51 - wf_korean_filename_normalizer - INFO - log_message:1010 - 검사 중: 5398995166.pdf
2025-11-13 16:48:51 - wf_korean_filename_normalizer - INFO - log_message:1010 - 검사 중: AAS_기반의_데이터_수집_플랫폼_및_데이터_분석(4p).pdf
2025-11-13 16:48:51 - wf_korean_filename_normalizer - INFO - log_message:1010 - 검사 중: black1.jpg
2025-11-13 16:48:51 - wf_korean_filename_normalizer - INFO - log_message:1010 - 검사 중: black2.jpg
2025-11-13 16:48:51 - wf_korean_filename_normalizer - INFO - log_message:1010 - 검사 중: black3.jpg
2025-11-13 16:48:51 - wf_korean_filename_normalizer - INFO - log_message:1010 - 검사 중: brochure-fee.pdf
2025-11-13 16:48:51 - wf_korean_filename_normalizer - INFO - log_message:1010 - 검사 중: brochure-wipsclip.pdf
2025-11-13 16:48:51 - wf_korean_filename_normalizer - INFO - log_message:1010 - 검사 중: client_secret_390587318222-k090uilf1an7minlpnk23rea9mdekfgj.apps.googleusercontent.com.json
2025-11-13 16:48:51 - wf_korean_filename_normalizer - INFO - log_message:1010 - 검사 중: comet_installer_latest.exe
2025-11-13 16:48:51 - wf_korean_filename_normalizer - INFO - log_message:1010 - 검사 중: DX WHAT 워크시트 양식.docx
2025-11-13 16:48:51 - wf_korean_filename_normalizer - INFO - log_message:1010 - 검사 중: DX WHY 워크시트 양식.docx
2025-11-13 16:48:51 - wf_korean_filename_normalizer - INFO - log_message:1010 - 검사 중: export_019a6485-2475-4332-8103-58895048aa8e.pptx
2025-11-13 16:48:51 - wf_korean_filename_normalizer - INFO - log_message:1010 - 검사 중: FindAgentSetup.exe
2025-11-13 16:48:51 - wf_korean_filename_normalizer - INFO - log_message:1010 - 검사 중: FirmwareUpdateTool_3.2.276959_x64.exe
2025-11-13 16:48:51 - wf_korean_filename_normalizer - INFO - log_message:1010 - 검사 중: FSWSSSetup.exe
2025-11-13 16:48:51 - wf_korean_filename_normalizer - INFO - log_message:1010 - 검사 중: fwd.zip
2025-11-13 16:48:51 - wf_korean_filename_normalizer - INFO - log_message:1010 - 검사 중: Git-2.51.0-64-bit.exe
2025-11-13 16:48:51 - wf_korean_filename_normalizer - INFO - log_message:1010 - 검사 중: github-insunglee-worksfree-receipt-2025-10-30.pdf
2025-11-13 16:48:51 - wf_korean_filename_normalizer - INFO - log_message:1010 - 검사 중: HPEasyStart-16.2.2-OJP9730_60_0_1882_Webpack.exe
2025-11-13 16:48:51 - wf_korean_filename_normalizer - INFO - log_message:1010 - 검사 중: KED_20250922095734_19000101_H01_1_87218063642922_2_1_2111122314000.pdf
2025-11-13 16:48:51 - wf_korean_filename_normalizer - INFO - log_message:1010 - 검사 중: KOS_Setup_1320.exe
2025-11-13 16:48:51 - wf_korean_filename_normalizer - INFO - log_message:1010 - 검사 중: MaintenanceDiagnostic.diagcab
2025-11-13 16:48:51 - wf_korean_filename_normalizer - INFO - log_message:1010 - 검사 중: Notion Setup 4.19.0.exe
2025-11-13 16:48:51 - wf_korean_filename_normalizer - INFO - log_message:1010 - 검사 중: Perplexity Setup 1.4.0 (1).exe
2025-11-13 16:48:51 - wf_korean_filename_normalizer - INFO - log_message:1010 - 검사 중: Perplexity Setup 1.4.0.exe
2025-11-13 16:48:51 - wf_korean_filename_normalizer - INFO - log_message:1010 - 검사 중: python-3.13.7-amd64.exe
2025-11-13 16:48:51 - wf_korean_filename_normalizer - INFO - log_message:1010 - 검사 중: R&D 통합 관리 플랫폼 구축 전략.pptx
2025-11-13 16:48:51 - wf_korean_filename_normalizer - INFO - log_message:1010 - 검사 중: RD_통합관리플랫폼_제안서.pptx
2025-11-13 16:48:51 - wf_korean_filename_normalizer - INFO - log_message:1010 - 검사 중: Receipt-2416-7189-9130.pdf
2025-11-13 16:48:51 - wf_korean_filename_normalizer - INFO - log_message:1010 - 검사 중: Re_ 완료보고 초안 검토 요청.eml
2025-11-13 16:48:51 - wf_korean_filename_normalizer - INFO - log_message:1010 - 검사 중: RnD_ASIS_TOBE_2장_인포그래픽.pptx
2025-11-13 16:48:51 - wf_korean_filename_normalizer - INFO - log_message:1010 - 검사 중: RnD_ASIS_TOBE_2장_전략계획.pptx
2025-11-13 16:48:51 - wf_korean_filename_normalizer - INFO - log_message:1010 - 검사 중: RnD_ASIS_TOBE_전환전략.pptx
2025-11-13 16:48:51 - wf_korean_filename_normalizer - INFO - log_message:1010 - 검사 중: RnD_IP_2Track_고도화_전략.pptx
2025-11-13 16:48:51 - wf_korean_filename_normalizer - INFO - log_message:1010 - 검사 중: RnD_통합관리_플랫폼_필요도출.pptx
2025-11-13 16:48:51 - wf_korean_filename_normalizer - INFO - log_message:1010 - 검사 중: RnD_통합관리_플랫폼_필요도출_비즈니스형.pptx
2025-11-13 16:48:51 - wf_korean_filename_normalizer - INFO - log_message:1010 - 검사 중: rpa_demo2.zip
2025-11-13 16:48:51 - wf_korean_filename_normalizer - INFO - log_message:1010 - 검사 중: SOLIDWORKS 3D CAD 라이선스 견적서_웍스프리_251029 (1).pdf
2025-11-13 16:48:51 - wf_korean_filename_normalizer - INFO - log_message:1010 - 검사 중: SOLIDWORKS 3D CAD 라이선스 견적서_웍스프리_251029.pdf
2025-11-13 16:48:51 - wf_korean_filename_normalizer - INFO - log_message:1010 - 검사 중: SOLIDWORKS 3D CAD 영구 라이선스 최종 견적서_웍스프리_250627.pdf
2025-11-13 16:48:51 - wf_korean_filename_normalizer - INFO - log_message:1010 - 검사 중: SOLIDWORKS 3D CAD,Autocad 라이선스 견적서_웍스프리_251029.pdf
2025-11-13 16:48:51 - wf_korean_filename_normalizer - INFO - log_message:1010 - 검사 중: sp136712.exe
2025-11-13 16:48:51 - wf_korean_filename_normalizer - INFO - log_message:1010 - 검사 중: sp154796.exe
2025-11-13 16:48:51 - wf_korean_filename_normalizer - INFO - log_message:1010 - 검사 중: sp160381.exe
2025-11-13 16:48:51 - wf_korean_filename_normalizer - INFO - log_message:1010 - 검사 중: TSF_리컬럼 도입 관련 Check List_코그콤 답변_2508.xlsx
2025-11-13 16:48:51 - wf_korean_filename_normalizer - INFO - log_message:1010 - 검사 중: veraport-g3-x64.exe
2025-11-13 16:48:51 - wf_korean_filename_normalizer - INFO - log_message:1010 - 검사 중: VestCertSetup_v2.5.39_105.exe
2025-11-13 16:48:51 - wf_korean_filename_normalizer - INFO - log_message:1010 - 검사 중: VSCodeUserSetup-x64-1.104.1.exe
2025-11-13 16:48:51 - wf_korean_filename_normalizer - INFO - log_message:1010 - 검사 중: [더스킨팩토리] API 연동 개발 견적서.pdf
2025-11-13 16:48:51 - wf_korean_filename_normalizer - INFO - log_message:1010 - 검사 중: [양식] 2025 산업일자리전환 전문컨설팅 사전진단보고서_더스킨팩토리_250930.pptx
2025-11-13 16:48:51 - wf_korean_filename_normalizer - INFO - log_message:1010 - 검사 중: [양식] 2025 산업일자리전환 전문컨설팅 완료보고서_수진기업명_250717.pdf
2025-11-13 16:48:51 - wf_korean_filename_normalizer - INFO - log_message:1010 - 검사 중: [양식] 2025 산업일자리전환 전문컨설팅 환경분석(내부)_더스킨팩토리 ver 1.0.pptx
2025-11-13 16:48:51 - wf_korean_filename_normalizer - INFO - log_message:1010 - 검사 중: [웍스프리] 2025년 예비창업패키지 창업기업 협약 변경 승인 요청서_이인성.hwp
2025-11-13 16:48:51 - wf_korean_filename_normalizer - INFO - log_message:1010 - 검사 중: [월악산]+닷돈재1+야영장.jpg
2025-11-13 16:48:51 - wf_korean_filename_normalizer - INFO - log_message:1010 - 검사 중: [참고]_2020년_예비창업패키지_세부_관리기준.pdf
2025-11-13 16:48:51 - wf_korean_filename_normalizer - INFO - log_message:1010 - 검사 중: [코그콤] GMV보고서_1차 분석 관련_20250912.zip
2025-11-13 16:48:51 - wf_korean_filename_normalizer - INFO - log_message:1010 - 검사 중: 완료검수서 및 결과보고서.hwp
2025-11-13 16:48:51 - wf_korean_filename_normalizer - INFO - log_message:1010 - NFC 정규화: 완료검수서 및 결과보고서.hwp → 완료검수서 및 결과보고서.hwp
2025-11-13 16:48:51 - wf_korean_filename_normalizer - INFO - log_message:1010 - 자소 분리 파일 발견: 완료검수서 및 결과보고서.hwp → 완료검수서 및 결과보고서.hwp
2025-11-13 16:48:51 - wf_korean_filename_normalizer - INFO - log_message:1010 - 검사 중: 가비아-카드영수증.pdf
2025-11-13 16:48:51 - wf_korean_filename_normalizer - INFO - log_message:1010 - 검사 중: 가비아_견적서 (1).pdf
2025-11-13 16:48:51 - wf_korean_filename_normalizer - INFO - log_message:1010 - 검사 중: 가비아_견적서.pdf
2025-11-13 16:48:51 - wf_korean_filename_normalizer - INFO - log_message:1010 - 검사 중: 고용노동부_산업일자리전환 지원사업 착수회의_0919.hwp
2025-11-13 16:48:51 - wf_korean_filename_normalizer - INFO - log_message:1010 - 검사 중: 공고_2025년 창업지원센터 청년관 신규 청년기업 모집 공고(최종).hwp
2025-11-13 16:48:51 - wf_korean_filename_normalizer - INFO - log_message:1010 - 검사 중: 권한대표자_권한등확인서.docx
2025-11-13 16:48:51 - wf_korean_filename_normalizer - INFO - log_message:1010 - 검사 중: 글로벌_IP_관리_선도사례_벤치마킹.pptx
2025-11-13 16:48:51 - wf_korean_filename_normalizer - INFO - log_message:1010 - 검사 중: 디지털 산업혁신 성숙도 진단_커스텀양식.pdf
2025-11-13 16:48:51 - wf_korean_filename_normalizer - INFO - log_message:1010 - 검사 중: 리플렛(사업주_자체훈련)_한국산업인력공단_인천지역본부.pdf
2025-11-13 16:48:51 - wf_korean_filename_normalizer - INFO - log_message:1010 - 검사 중: 매출 전자세금계산서 목록.pdf
2025-11-13 16:48:51 - wf_korean_filename_normalizer - INFO - log_message:1010 - 검사 중: 별첨5. 컨설팅 수행 실적 증명서.hwp
2025-11-13 16:48:51 - wf_korean_filename_normalizer - INFO - log_message:1010 - 검사 중: 붙임1. 생성형 AI 활용 창업 컨설팅 실무 교육 공고(안).hwp
2025-11-13 16:48:51 - wf_korean_filename_normalizer - INFO - log_message:1010 - 검사 중: 붙임1. 생성형 AI 활용 창업 컨설팅 실무 교육 공고(안).pdf
2025-11-13 16:48:51 - wf_korean_filename_normalizer - INFO - log_message:1010 - 검사 중: 붙임1.pdf
2025-11-13 16:48:51 - wf_korean_filename_normalizer - INFO - log_message:1010 - 검사 중: 붙임1_2025년 예비창업패키지 창업기업 협약 변경 승인 요청서_대표자명.hwp
2025-11-13 16:48:51 - wf_korean_filename_normalizer - INFO - log_message:1010 - 검사 중: 붙임2. 신규 지도사 본회 정회원 가입 안내(제40기)_vf.pdf
2025-11-13 16:48:51 - wf_korean_filename_normalizer - INFO - log_message:1010 - 검사 중: 붙임2. 신청서식.zip
2025-11-13 16:48:51 - wf_korean_filename_normalizer - INFO - log_message:1010 - 검사 중: 붙임2_예비창업패키지 창업기업등 사업비 비목 해설표(최종).hwp
2025-11-13 16:48:51 - wf_korean_filename_normalizer - INFO - log_message:1010 - 검사 중: 붙임3.+창업혁신공간+남부권(수원)+층별+입주공간+현황.pdf
2025-11-13 16:48:51 - wf_korean_filename_normalizer - INFO - log_message:1010 - 검사 중: 사업자등록증명.pdf
2025-11-13 16:48:51 - wf_korean_filename_normalizer - INFO - log_message:1010 - 검사 중: 사용내역조회_사업비사용내역.xlsx
2025-11-13 16:48:51 - wf_korean_filename_normalizer - INFO - log_message:1010 - 검사 중: 산업데이터활용수준_평가.xlsx
2025-11-13 16:48:51 - wf_korean_filename_normalizer - INFO - log_message:1010 - 검사 중: 상품 마스터 및 추가 정보 전달.zip
2025-11-13 16:48:51 - wf_korean_filename_normalizer - INFO - log_message:1010 - 검사 중: 세계 일류 R&D 기업의 혁신과 IP 전략 (1).pdf
2025-11-13 16:48:51 - wf_korean_filename_normalizer - INFO - log_message:1010 - 검사 중: 세계 일류 R&D 기업의 혁신과 IP 전략.pdf
2025-11-13 16:48:51 - wf_korean_filename_normalizer - INFO - log_message:1010 - 검사 중: 세인아이엔디 3차 미팅.txt
2025-11-13 16:48:51 - wf_korean_filename_normalizer - INFO - log_message:1010 - 검사 중: 시안1.png
2025-11-13 16:48:51 - wf_korean_filename_normalizer - INFO - log_message:1010 - 검사 중: 시안2.png
2025-11-13 16:48:51 - wf_korean_filename_normalizer - INFO - log_message:1010 - 검사 중: 신용카드 매출누계액 캡처 (1).png
2025-11-13 16:48:51 - wf_korean_filename_normalizer - INFO - log_message:1010 - 검사 중: 신용카드 매출누계액 캡처.png
2025-11-13 16:48:51 - wf_korean_filename_normalizer - INFO - log_message:1010 - 검사 중: 언론보도 송출을 위한 요건정의서_웍스프리.xlsx
2025-11-13 16:48:51 - wf_korean_filename_normalizer - INFO - log_message:1010 - 검사 중: 엠에스제이 2차 미팅.txt
2025-11-13 16:48:51 - wf_korean_filename_normalizer - INFO - log_message:1010 - 검사 중: 연세대_PLM_240411.pdf
2025-11-13 16:48:51 - wf_korean_filename_normalizer - INFO - log_message:1010 - 검사 중: 웍스프리-사업자등록증-2025.08.18.pdf
2025-11-13 16:48:51 - wf_korean_filename_normalizer - INFO - log_message:1010 - 검사 중: 웍스프리.zip
2025-11-13 16:48:51 - wf_korean_filename_normalizer - INFO - log_message:1010 - 검사 중: 웍스프리_결과보고서.pdf
2025-11-13 16:48:51 - wf_korean_filename_normalizer - INFO - log_message:1010 - 검사 중: 웍스프리_수행계획서-수정본.docx
2025-11-13 16:48:51 - wf_korean_filename_normalizer - INFO - log_message:1010 - 검사 중: 입장문(당선무효자의 위법 행위에 대한 소송제기).pdf
2025-11-13 16:48:51 - wf_korean_filename_normalizer - INFO - log_message:1010 - 검사 중: 전자세금계산서 매출누계액 캡처 (1).png
2025-11-13 16:48:51 - wf_korean_filename_normalizer - INFO - log_message:1010 - 검사 중: 전자세금계산서 매출누계액 캡처.png
2025-11-13 16:48:51 - wf_korean_filename_normalizer - INFO - log_message:1010 - 검사 중: 중간보고 박자림 대리.txt
2025-11-13 16:48:51 - wf_korean_filename_normalizer - INFO - log_message:1010 - 검사 중: 진단신청 기업(3개사).zip
2025-11-13 16:48:51 - wf_korean_filename_normalizer - INFO - log_message:1010 - 검사 중: 첨부+3.+스마트공장+수준확인제도+자가진단지+v1.2.xlsx
2025-11-13 16:48:51 - wf_korean_filename_normalizer - INFO - log_message:1010 - 검사 중: 카이스트_PLM_GPT_설계부문_활용_방안_20240412-F-송부_3.pdf
2025-11-13 16:48:51 - wf_korean_filename_normalizer - INFO - log_message:1010 - 검사 중: 프리즘(주)_dell 에일리언 64GB(한컴,오피스)_웍스프리_251029.pdf
2025-11-13 16:48:51 - wf_korean_filename_normalizer - INFO - log_message:1010 - 검사 중: 현금영수증 매출누계액 캡처 (1).png
2025-11-13 16:48:51 - wf_korean_filename_normalizer - INFO - log_message:1010 - 검사 중: 현금영수증 매출누계액 캡처.png
2025-11-13 16:48:51 - wf_korean_filename_normalizer - INFO - log_message:1010 - 검사 중: 환경분석(내부)_에프에스티 회신.pptx
2025-11-13 16:48:51 - wf_korean_filename_normalizer - INFO - log_message:1010 - 검사 중: 1-1.png
2025-11-13 16:48:51 - wf_korean_filename_normalizer - INFO - log_message:1010 - 검사 중: 1-2.png
2025-11-13 16:48:51 - wf_korean_filename_normalizer - INFO - log_message:1010 - 검사 중: 2-1.png
2025-11-13 16:48:51 - wf_korean_filename_normalizer - INFO - log_message:1010 - 검사 중: 2-2.png
2025-11-13 16:48:51 - wf_korean_filename_normalizer - INFO - log_message:1010 - 검사 중: 3-1 (로고&QR코드 위치변경).png
2025-11-13 16:48:51 - wf_korean_filename_normalizer - INFO - log_message:1010 - 검사 중: 3-1.png
2025-11-13 16:48:51 - wf_korean_filename_normalizer - INFO - log_message:1010 - 검사 중: 3-2 (로고&QR코드 위치변경).png
2025-11-13 16:48:51 - wf_korean_filename_normalizer - INFO - log_message:1010 - 검사 중: 3-2.png
2025-11-13 16:48:51 - wf_korean_filename_normalizer - INFO - log_message:1010 - 검사 중: 4-1.png
2025-11-13 16:48:51 - wf_korean_filename_normalizer - INFO - log_message:1010 - 검사 중: 4-2.png
2025-11-13 16:48:51 - wf_korean_filename_normalizer - INFO - log_message:1010 - 검사 중: InstallAll.cmd
2025-11-13 16:48:51 - wf_korean_filename_normalizer - INFO - log_message:1010 - 검사 중: Readme (20250919 153407).html
2025-11-13 16:48:51 - wf_korean_filename_normalizer - INFO - log_message:1010 - 검사 중: sp136712.cva
2025-11-13 16:48:51 - wf_korean_filename_normalizer - INFO - log_message:1010 - 검사 중: sp136712.exe
2025-11-13 16:48:51 - wf_korean_filename_normalizer - INFO - log_message:1010 - 검사 중: sp136712.html
2025-11-13 16:48:51 - wf_korean_filename_normalizer - INFO - log_message:1010 - 검사 중: sp154796.cva
2025-11-13 16:48:51 - wf_korean_filename_normalizer - INFO - log_message:1010 - 검사 중: sp154796.exe
2025-11-13 16:48:51 - wf_korean_filename_normalizer - INFO - log_message:1010 - 검사 중: sp154796.html
2025-11-13 16:48:51 - wf_korean_filename_normalizer - INFO - log_message:1010 - 검사 중: sp157960.cva
2025-11-13 16:48:51 - wf_korean_filename_normalizer - INFO - log_message:1010 - 검사 중: sp157960.exe
2025-11-13 16:48:51 - wf_korean_filename_normalizer - INFO - log_message:1010 - 검사 중: sp157960.html
2025-11-13 16:48:51 - wf_korean_filename_normalizer - INFO - log_message:1010 - 검사 중: DX WHAT 워크시트 양식.docx
2025-11-13 16:48:51 - wf_korean_filename_normalizer - INFO - log_message:1010 - 검사 중: DX WHY 워크시트 양식.docx
2025-11-13 16:48:51 - wf_korean_filename_normalizer - INFO - log_message:1010 - 검사 중: 연세대_PLM_240411.pdf
2025-11-13 16:48:51 - wf_korean_filename_normalizer - INFO - log_message:1010 - 검사 중: 웍스프리-사업자등록증-2025.08.18.pdf
2025-11-13 16:48:51 - wf_korean_filename_normalizer - INFO - log_message:1010 - 검사 중: 입장문(당선무효자의 위법 행위에 대한 소송제기).pdf
2025-11-13 16:48:51 - wf_korean_filename_normalizer - INFO - log_message:1010 - 검사 중: 카이스트_PLM_GPT_설계부문_활용_방안_20240412-F-송부_3.pdf
2025-11-13 16:48:51 - wf_korean_filename_normalizer - INFO - log_message:1010 - 검사 중: 2025년도 AX 수주진단 신청서 (마이텍).pdf
2025-11-13 16:48:51 - wf_korean_filename_normalizer - INFO - log_message:1010 - 검사 중: Company Profile of Mytec(한글본) 20251016.pdf
2025-11-13 16:48:51 - wf_korean_filename_normalizer - INFO - log_message:1010 - 검사 중: (붙임. 1) 2025년 AX 수준진단_수요기업_모집신청서_앤써.pdf
2025-11-13 16:48:51 - wf_korean_filename_normalizer - INFO - log_message:1010 - 검사 중: 앤써_카달로그.pdf
2025-11-13 16:48:51 - wf_korean_filename_normalizer - INFO - log_message:1010 - 검사 중: 1.2025년 AX 수준진단_수요기업_모집신청서_주식회사 동서기연.pdf
2025-11-13 16:48:51 - wf_korean_filename_normalizer - INFO - log_message:1010 - 검사 중: 2.회사소개서_주식회사 동서기연.pdf
2025-11-13 16:48:51 - wf_korean_filename_normalizer - INFO - log_message:1010 - 자소 분리 파일 2개 발견
2025-11-13 16:48:51 - wf_korean_filename_normalizer - INFO - log_message:1010 - 파일 변환 시작: 2개 파일
2025-11-13 16:48:51 - wf_korean_filename_normalizer - INFO - log_message:1010 - 변환 완료: 2025 디지털혁신중견기업육성사업 DX챌린지진단 결과보고서_화승-v0.8.pptx → 2025 디지털혁신중견기업육성사업 DX챌린지진단 결과보고서_화승-v0.8.pptx
2025-11-13 16:48:51 - wf_korean_filename_normalizer - INFO - log_message:1010 - 변환 완료: 완료검수서 및 결과보고서.hwp → 완료검수서 및 결과보고서.hwp
2025-11-13 16:48:51 - wf_korean_filename_normalizer - INFO - log_message:1010 - 변환 완료: 2개 파일 처리
2025-11-13 16:51:17 - wf_korean_filename_normalizer - INFO - __init__:40 - App initialized: korean_filename_normalizer v0.7
2025-11-13 16:51:17 - wf_korean_filename_normalizer - INFO - __init__:41 - Environment: Environment.DEVELOPMENT
2025-11-13 16:51:17 - wf_korean_filename_normalizer - INFO - __init__:42 - Language: ko
2025-11-13 16:51:19 - wf_korean_filename_normalizer - DEBUG - check_user_registration:1093 - 기존 지문: 7df0557b6503a2818775f239d818fab706b090b3fa6b577ad6dd46bc6c94482e
2025-11-13 16:51:19 - wf_korean_filename_normalizer - DEBUG - check_user_registration:1094 - 현재 지문: 7df0557b6503a2818775f239d818fab706b090b3fa6b577ad6dd46bc6c94482e
2025-11-13 16:51:19 - wf_korean_filename_normalizer - INFO - _worker:199 - 🔄 백그라운드 정책 동기화 실행...
2025-11-13 16:51:19 - wf_korean_filename_normalizer - INFO - create_user_directories:269 - 사용자 디렉토리 구조 생성 완료: C:\Users\HP\.wf_rpa
2025-11-13 16:51:19 - wf_korean_filename_normalizer - INFO - _worker:202 - [STARTUP-POLICY] {'success': True, 'message': '동기화가 필요하지 않습니다.', 'synced': False}
2025-11-13 16:51:22 - wf_korean_filename_normalizer - INFO - log_message:1063 - 폴더 검사 중: C:\Users\HP\Downloads
2025-11-13 16:51:22 - wf_korean_filename_normalizer - INFO - log_message:1063 - 총 175개 파일을 검사합니다.
2025-11-13 16:51:22 - wf_korean_filename_normalizer - INFO - log_message:1063 - 검사 중: (FST) 직무분류 체계 3차_20250415.pptx
2025-11-13 16:51:22 - wf_korean_filename_normalizer - INFO - log_message:1063 - 검사 중: (FST) 킥오프 미팅 회의록.hwp
2025-11-13 16:51:22 - wf_korean_filename_normalizer - INFO - log_message:1063 - 검사 중: (GST) IR_2Q_2025_KOR.pdf
2025-11-13 16:51:22 - wf_korean_filename_normalizer - INFO - log_message:1063 - 검사 중: (교육생공유용) 성공하는 디지털 전환 전략_ 개념부터 사례까지-20250918T010221Z-1-001.zip
2025-11-13 16:51:22 - wf_korean_filename_normalizer - INFO - log_message:1063 - 검사 중: (배포용) 기술 세미나 강의자료_다크팩토리의 혁신.pdf
2025-11-13 16:51:22 - wf_korean_filename_normalizer - INFO - log_message:1063 - 검사 중: (별첨) 다면진단지 7종_통합본_250523_작성.xlsx
2025-11-13 16:51:22 - wf_korean_filename_normalizer - INFO - log_message:1063 - 검사 중: (붙임 2) '25년 예비창업패키지 2단계 지원 대상자 재협약체결 관련 자료.zip
2025-11-13 16:51:22 - wf_korean_filename_normalizer - INFO - log_message:1063 - 검사 중: (신청서)2024년_중소기업_녹색인증_컨설팅_지원사업_컨설팅_전문가_모집공고_붙임1-4.hwp
2025-11-13 16:51:22 - wf_korean_filename_normalizer - INFO - log_message:1063 - 검사 중: (양식)정보보호 전문기업 최초 지정신청 엑셀양식_2401.xlsx
2025-11-13 16:51:22 - wf_korean_filename_normalizer - INFO - log_message:1063 - 검사 중: 09월-사업비지급승인요청서-클로드.pdf
2025-11-13 16:51:22 - wf_korean_filename_normalizer - INFO - log_message:1063 - 검사 중: 1. 상담신청서(제1호 서식).hwp
2025-11-13 16:51:22 - wf_korean_filename_normalizer - INFO - log_message:1063 - 검사 중: 2-2. (양식) 2025 디지털혁신 중견기업 육성사업 POC 프로젝트 결과보고서.hwp
2025-11-13 16:51:22 - wf_korean_filename_normalizer - INFO - log_message:1063 - 검사 중: 2020+엔젤투자+알아야+성공한다.pdf
2025-11-13 16:51:22 - wf_korean_filename_normalizer - INFO - log_message:1063 - 검사 중: 2025 디지털혁신중견기업육성사업 DX챌린지진단 결과보고서_화승-v0.8.pptx
2025-11-13 16:51:22 - wf_korean_filename_normalizer - INFO - log_message:1063 - NFC 정규화: 2025 디지털혁신중견기업육성사업 DX챌린지진단 결과보고서_화승-v0.8.pptx → 2025 디지털혁신중견기업육성사업 DX챌린지진단 결과보고서_화승-v0.8.pptx
2025-11-13 16:51:22 - wf_korean_filename_normalizer - INFO - log_message:1063 - 자소 분리 파일 발견: 2025 디지털혁신중견기업육성사업 DX챌린지진단 결과보고서_화승-v0.8.pptx → 2025 디지털혁신중견기업육성사업 DX챌린지진단 결과보고서_화승-v0.8.pptx
2025-11-13 16:51:22 - wf_korean_filename_normalizer - INFO - log_message:1063 - 검사 중: 2025 디지털혁신중견기업육성사업 DX챌린지진단 결과보고서.pptx
2025-11-13 16:51:22 - wf_korean_filename_normalizer - INFO - log_message:1063 - 검사 중: 2025 산업일자리전환 전문컨설팅 완료보고_세인아이엔디_251104.pptx
2025-11-13 16:51:22 - wf_korean_filename_normalizer - INFO - log_message:1063 - 검사 중: 2025 산업일자리전환 지원사업 안내 브로셔 250728.pdf
2025-11-13 16:51:22 - wf_korean_filename_normalizer - INFO - log_message:1063 - 검사 중: 20251104.txt
2025-11-13 16:51:22 - wf_korean_filename_normalizer - INFO - log_message:1063 - 검사 중: 2025_산업일자리전환_전문컨설팅_중간보고_더스킨팩토리_251022_완성.pptx
2025-11-13 16:51:22 - wf_korean_filename_normalizer - INFO - log_message:1063 - 검사 중: 2025_산업일자리전환_전문컨설팅_중간보고서_에프에스티_완성본.pptx
2025-11-13 16:51:22 - wf_korean_filename_normalizer - INFO - log_message:1063 - 검사 중: 2025_산업일자리전환_전문컨설팅_중간보고서_에프에스티_완성본_1.pptx
2025-11-13 16:51:22 - wf_korean_filename_normalizer - INFO - log_message:1063 - 검사 중: 2025년 예비창업패키지(일반분야) 스타트업 시장소비자검증 프로그램 안내문.pdf
2025-11-13 16:51:22 - wf_korean_filename_normalizer - INFO - log_message:1063 - 검사 중: 2025년 예비창업패키지(일반분야) 스타트업 시장소비자검증 프로그램 참가신청서(양식).hwp
2025-11-13 16:51:22 - wf_korean_filename_normalizer - INFO - log_message:1063 - 검사 중: 2025년 하반기 데이터거래사 신청 공고 .zip
2025-11-13 16:51:22 - wf_korean_filename_normalizer - INFO - log_message:1063 - 검사 중: 2025년+명지녹산+스마트그린+AX+실증산단+구축+사업+지원계획+통합공고(2025_11_04).hwp
2025-11-13 16:51:22 - wf_korean_filename_normalizer - INFO - log_message:1063 - 검사 중: 2_개인기업_일반_확인서발급절차(2025).pdf
2025-11-13 16:51:22 - wf_korean_filename_normalizer - INFO - log_message:1063 - 검사 중: 3-1.png
2025-11-13 16:51:22 - wf_korean_filename_normalizer - INFO - log_message:1063 - 검사 중: 3-14. 구매승인요청서-07월.hwp
2025-11-13 16:51:22 - wf_korean_filename_normalizer - INFO - log_message:1063 - 검사 중: 3. 사업주 직업능력개발훈련.pdf
2025-11-13 16:51:22 - wf_korean_filename_normalizer - INFO - log_message:1063 - 검사 중: 35. 스마트제조_01 통합보고서_250116.pdf
2025-11-13 16:51:22 - wf_korean_filename_normalizer - INFO - log_message:1063 - 검사 중: 35. 스마트제조_02 품목보고서_02. AI 스마트 제조용 제어 관리 시스템_250116.pdf
2025-11-13 16:51:22 - wf_korean_filename_normalizer - INFO - log_message:1063 - 검사 중: 35. 스마트제조_02 품목보고서_04. 스마트제조용 디지털 트윈 시스템_250116.pdf
2025-11-13 16:51:22 - wf_korean_filename_normalizer - INFO - log_message:1063 - 검사 중: 40회_문제1_물적생산성과가치생산성.md
2025-11-13 16:51:22 - wf_korean_filename_normalizer - INFO - log_message:1063 - 검사 중: 5398995166.pdf
2025-11-13 16:51:22 - wf_korean_filename_normalizer - INFO - log_message:1063 - 검사 중: AAS_기반의_데이터_수집_플랫폼_및_데이터_분석(4p).pdf
2025-11-13 16:51:22 - wf_korean_filename_normalizer - INFO - log_message:1063 - 검사 중: black1.jpg
2025-11-13 16:51:22 - wf_korean_filename_normalizer - INFO - log_message:1063 - 검사 중: black2.jpg
2025-11-13 16:51:22 - wf_korean_filename_normalizer - INFO - log_message:1063 - 검사 중: black3.jpg
2025-11-13 16:51:22 - wf_korean_filename_normalizer - INFO - log_message:1063 - 검사 중: brochure-fee.pdf
2025-11-13 16:51:22 - wf_korean_filename_normalizer - INFO - log_message:1063 - 검사 중: brochure-wipsclip.pdf
2025-11-13 16:51:22 - wf_korean_filename_normalizer - INFO - log_message:1063 - 검사 중: client_secret_390587318222-k090uilf1an7minlpnk23rea9mdekfgj.apps.googleusercontent.com.json
2025-11-13 16:51:22 - wf_korean_filename_normalizer - INFO - log_message:1063 - 검사 중: comet_installer_latest.exe
2025-11-13 16:51:22 - wf_korean_filename_normalizer - INFO - log_message:1063 - 검사 중: DX WHAT 워크시트 양식.docx
2025-11-13 16:51:22 - wf_korean_filename_normalizer - INFO - log_message:1063 - 검사 중: DX WHY 워크시트 양식.docx
2025-11-13 16:51:22 - wf_korean_filename_normalizer - INFO - log_message:1063 - 검사 중: export_019a6485-2475-4332-8103-58895048aa8e.pptx
2025-11-13 16:51:22 - wf_korean_filename_normalizer - INFO - log_message:1063 - 검사 중: FindAgentSetup.exe
2025-11-13 16:51:22 - wf_korean_filename_normalizer - INFO - log_message:1063 - 검사 중: FirmwareUpdateTool_3.2.276959_x64.exe
2025-11-13 16:51:22 - wf_korean_filename_normalizer - INFO - log_message:1063 - 검사 중: FSWSSSetup.exe
2025-11-13 16:51:22 - wf_korean_filename_normalizer - INFO - log_message:1063 - 검사 중: fwd.zip
2025-11-13 16:51:22 - wf_korean_filename_normalizer - INFO - log_message:1063 - 검사 중: Git-2.51.0-64-bit.exe
2025-11-13 16:51:22 - wf_korean_filename_normalizer - INFO - log_message:1063 - 검사 중: github-insunglee-worksfree-receipt-2025-10-30.pdf
2025-11-13 16:51:22 - wf_korean_filename_normalizer - INFO - log_message:1063 - 검사 중: HPEasyStart-16.2.2-OJP9730_60_0_1882_Webpack.exe
2025-11-13 16:51:22 - wf_korean_filename_normalizer - INFO - log_message:1063 - 검사 중: KED_20250922095734_19000101_H01_1_87218063642922_2_1_2111122314000.pdf
2025-11-13 16:51:22 - wf_korean_filename_normalizer - INFO - log_message:1063 - 검사 중: KOS_Setup_1320.exe
2025-11-13 16:51:22 - wf_korean_filename_normalizer - INFO - log_message:1063 - 검사 중: MaintenanceDiagnostic.diagcab
2025-11-13 16:51:22 - wf_korean_filename_normalizer - INFO - log_message:1063 - 검사 중: Notion Setup 4.19.0.exe
2025-11-13 16:51:22 - wf_korean_filename_normalizer - INFO - log_message:1063 - 검사 중: Perplexity Setup 1.4.0 (1).exe
2025-11-13 16:51:22 - wf_korean_filename_normalizer - INFO - log_message:1063 - 검사 중: Perplexity Setup 1.4.0.exe
2025-11-13 16:51:22 - wf_korean_filename_normalizer - INFO - log_message:1063 - 검사 중: python-3.13.7-amd64.exe
2025-11-13 16:51:22 - wf_korean_filename_normalizer - INFO - log_message:1063 - 검사 중: R&D 통합 관리 플랫폼 구축 전략.pptx
2025-11-13 16:51:22 - wf_korean_filename_normalizer - INFO - log_message:1063 - 검사 중: RD_통합관리플랫폼_제안서.pptx
2025-11-13 16:51:22 - wf_korean_filename_normalizer - INFO - log_message:1063 - 검사 중: Receipt-2416-7189-9130.pdf
2025-11-13 16:51:22 - wf_korean_filename_normalizer - INFO - log_message:1063 - 검사 중: Re_ 완료보고 초안 검토 요청.eml
2025-11-13 16:51:22 - wf_korean_filename_normalizer - INFO - log_message:1063 - 검사 중: RnD_ASIS_TOBE_2장_인포그래픽.pptx
2025-11-13 16:51:22 - wf_korean_filename_normalizer - INFO - log_message:1063 - 검사 중: RnD_ASIS_TOBE_2장_전략계획.pptx
2025-11-13 16:51:22 - wf_korean_filename_normalizer - INFO - log_message:1063 - 검사 중: RnD_ASIS_TOBE_전환전략.pptx
2025-11-13 16:51:22 - wf_korean_filename_normalizer - INFO - log_message:1063 - 검사 중: RnD_IP_2Track_고도화_전략.pptx
2025-11-13 16:51:22 - wf_korean_filename_normalizer - INFO - log_message:1063 - 검사 중: RnD_통합관리_플랫폼_필요도출.pptx
2025-11-13 16:51:22 - wf_korean_filename_normalizer - INFO - log_message:1063 - 검사 중: RnD_통합관리_플랫폼_필요도출_비즈니스형.pptx
2025-11-13 16:51:22 - wf_korean_filename_normalizer - INFO - log_message:1063 - 검사 중: rpa_demo2.zip
2025-11-13 16:51:22 - wf_korean_filename_normalizer - INFO - log_message:1063 - 검사 중: SOLIDWORKS 3D CAD 라이선스 견적서_웍스프리_251029 (1).pdf
2025-11-13 16:51:22 - wf_korean_filename_normalizer - INFO - log_message:1063 - 검사 중: SOLIDWORKS 3D CAD 라이선스 견적서_웍스프리_251029.pdf
2025-11-13 16:51:22 - wf_korean_filename_normalizer - INFO - log_message:1063 - 검사 중: SOLIDWORKS 3D CAD 영구 라이선스 최종 견적서_웍스프리_250627.pdf
2025-11-13 16:51:22 - wf_korean_filename_normalizer - INFO - log_message:1063 - 검사 중: SOLIDWORKS 3D CAD,Autocad 라이선스 견적서_웍스프리_251029.pdf
2025-11-13 16:51:22 - wf_korean_filename_normalizer - INFO - log_message:1063 - 검사 중: sp136712.exe
2025-11-13 16:51:22 - wf_korean_filename_normalizer - INFO - log_message:1063 - 검사 중: sp154796.exe
2025-11-13 16:51:22 - wf_korean_filename_normalizer - INFO - log_message:1063 - 검사 중: sp160381.exe
2025-11-13 16:51:22 - wf_korean_filename_normalizer - INFO - log_message:1063 - 검사 중: TSF_리컬럼 도입 관련 Check List_코그콤 답변_2508.xlsx
2025-11-13 16:51:22 - wf_korean_filename_normalizer - INFO - log_message:1063 - 검사 중: veraport-g3-x64.exe
2025-11-13 16:51:22 - wf_korean_filename_normalizer - INFO - log_message:1063 - 검사 중: VestCertSetup_v2.5.39_105.exe
2025-11-13 16:51:22 - wf_korean_filename_normalizer - INFO - log_message:1063 - 검사 중: VSCodeUserSetup-x64-1.104.1.exe
2025-11-13 16:51:22 - wf_korean_filename_normalizer - INFO - log_message:1063 - 검사 중: [더스킨팩토리] API 연동 개발 견적서.pdf
2025-11-13 16:51:22 - wf_korean_filename_normalizer - INFO - log_message:1063 - 검사 중: [양식] 2025 산업일자리전환 전문컨설팅 사전진단보고서_더스킨팩토리_250930.pptx
2025-11-13 16:51:22 - wf_korean_filename_normalizer - INFO - log_message:1063 - 검사 중: [양식] 2025 산업일자리전환 전문컨설팅 완료보고서_수진기업명_250717.pdf
2025-11-13 16:51:22 - wf_korean_filename_normalizer - INFO - log_message:1063 - 검사 중: [양식] 2025 산업일자리전환 전문컨설팅 환경분석(내부)_더스킨팩토리 ver 1.0.pptx
2025-11-13 16:51:22 - wf_korean_filename_normalizer - INFO - log_message:1063 - 검사 중: [웍스프리] 2025년 예비창업패키지 창업기업 협약 변경 승인 요청서_이인성.hwp
2025-11-13 16:51:22 - wf_korean_filename_normalizer - INFO - log_message:1063 - 검사 중: [월악산]+닷돈재1+야영장.jpg
2025-11-13 16:51:22 - wf_korean_filename_normalizer - INFO - log_message:1063 - 검사 중: [참고]_2020년_예비창업패키지_세부_관리기준.pdf
2025-11-13 16:51:22 - wf_korean_filename_normalizer - INFO - log_message:1063 - 검사 중: [코그콤] GMV보고서_1차 분석 관련_20250912.zip
2025-11-13 16:51:22 - wf_korean_filename_normalizer - INFO - log_message:1063 - 검사 중: 완료검수서 및 결과보고서.hwp
2025-11-13 16:51:22 - wf_korean_filename_normalizer - INFO - log_message:1063 - NFC 정규화: 완료검수서 및 결과보고서.hwp → 완료검수서 및 결과보고서.hwp
2025-11-13 16:51:22 - wf_korean_filename_normalizer - INFO - log_message:1063 - 자소 분리 파일 발견: 완료검수서 및 결과보고서.hwp → 완료검수서 및 결과보고서.hwp
2025-11-13 16:51:22 - wf_korean_filename_normalizer - INFO - log_message:1063 - 검사 중: 가비아-카드영수증.pdf
2025-11-13 16:51:22 - wf_korean_filename_normalizer - INFO - log_message:1063 - 검사 중: 가비아_견적서 (1).pdf
2025-11-13 16:51:22 - wf_korean_filename_normalizer - INFO - log_message:1063 - 검사 중: 가비아_견적서.pdf
2025-11-13 16:51:22 - wf_korean_filename_normalizer - INFO - log_message:1063 - 검사 중: 고용노동부_산업일자리전환 지원사업 착수회의_0919.hwp
2025-11-13 16:51:22 - wf_korean_filename_normalizer - INFO - log_message:1063 - 검사 중: 공고_2025년 창업지원센터 청년관 신규 청년기업 모집 공고(최종).hwp
2025-11-13 16:51:22 - wf_korean_filename_normalizer - INFO - log_message:1063 - 검사 중: 권한대표자_권한등확인서.docx
2025-11-13 16:51:22 - wf_korean_filename_normalizer - INFO - log_message:1063 - 검사 중: 글로벌_IP_관리_선도사례_벤치마킹.pptx
2025-11-13 16:51:22 - wf_korean_filename_normalizer - INFO - log_message:1063 - 검사 중: 디지털 산업혁신 성숙도 진단_커스텀양식.pdf
2025-11-13 16:51:22 - wf_korean_filename_normalizer - INFO - log_message:1063 - 검사 중: 리플렛(사업주_자체훈련)_한국산업인력공단_인천지역본부.pdf
2025-11-13 16:51:22 - wf_korean_filename_normalizer - INFO - log_message:1063 - 검사 중: 매출 전자세금계산서 목록.pdf
2025-11-13 16:51:22 - wf_korean_filename_normalizer - INFO - log_message:1063 - 검사 중: 별첨5. 컨설팅 수행 실적 증명서.hwp
2025-11-13 16:51:22 - wf_korean_filename_normalizer - INFO - log_message:1063 - 검사 중: 붙임1. 생성형 AI 활용 창업 컨설팅 실무 교육 공고(안).hwp
2025-11-13 16:51:22 - wf_korean_filename_normalizer - INFO - log_message:1063 - 검사 중: 붙임1. 생성형 AI 활용 창업 컨설팅 실무 교육 공고(안).pdf
2025-11-13 16:51:22 - wf_korean_filename_normalizer - INFO - log_message:1063 - 검사 중: 붙임1.pdf
2025-11-13 16:51:22 - wf_korean_filename_normalizer - INFO - log_message:1063 - 검사 중: 붙임1_2025년 예비창업패키지 창업기업 협약 변경 승인 요청서_대표자명.hwp
2025-11-13 16:51:22 - wf_korean_filename_normalizer - INFO - log_message:1063 - 검사 중: 붙임2. 신규 지도사 본회 정회원 가입 안내(제40기)_vf.pdf
2025-11-13 16:51:22 - wf_korean_filename_normalizer - INFO - log_message:1063 - 검사 중: 붙임2. 신청서식.zip
2025-11-13 16:51:22 - wf_korean_filename_normalizer - INFO - log_message:1063 - 검사 중: 붙임2_예비창업패키지 창업기업등 사업비 비목 해설표(최종).hwp
2025-11-13 16:51:22 - wf_korean_filename_normalizer - INFO - log_message:1063 - 검사 중: 붙임3.+창업혁신공간+남부권(수원)+층별+입주공간+현황.pdf
2025-11-13 16:51:22 - wf_korean_filename_normalizer - INFO - log_message:1063 - 검사 중: 사업자등록증명.pdf
2025-11-13 16:51:22 - wf_korean_filename_normalizer - INFO - log_message:1063 - 검사 중: 사용내역조회_사업비사용내역.xlsx
2025-11-13 16:51:22 - wf_korean_filename_normalizer - INFO - log_message:1063 - 검사 중: 산업데이터활용수준_평가.xlsx
2025-11-13 16:51:22 - wf_korean_filename_normalizer - INFO - log_message:1063 - 검사 중: 상품 마스터 및 추가 정보 전달.zip
2025-11-13 16:51:22 - wf_korean_filename_normalizer - INFO - log_message:1063 - 검사 중: 세계 일류 R&D 기업의 혁신과 IP 전략 (1).pdf
2025-11-13 16:51:22 - wf_korean_filename_normalizer - INFO - log_message:1063 - 검사 중: 세계 일류 R&D 기업의 혁신과 IP 전략.pdf
2025-11-13 16:51:22 - wf_korean_filename_normalizer - INFO - log_message:1063 - 검사 중: 세인아이엔디 3차 미팅.txt
2025-11-13 16:51:22 - wf_korean_filename_normalizer - INFO - log_message:1063 - 검사 중: 시안1.png
2025-11-13 16:51:22 - wf_korean_filename_normalizer - INFO - log_message:1063 - 검사 중: 시안2.png
2025-11-13 16:51:22 - wf_korean_filename_normalizer - INFO - log_message:1063 - 검사 중: 신용카드 매출누계액 캡처 (1).png
2025-11-13 16:51:22 - wf_korean_filename_normalizer - INFO - log_message:1063 - 검사 중: 신용카드 매출누계액 캡처.png
2025-11-13 16:51:22 - wf_korean_filename_normalizer - INFO - log_message:1063 - 검사 중: 언론보도 송출을 위한 요건정의서_웍스프리.xlsx
2025-11-13 16:51:22 - wf_korean_filename_normalizer - INFO - log_message:1063 - 검사 중: 엠에스제이 2차 미팅.txt
2025-11-13 16:51:22 - wf_korean_filename_normalizer - INFO - log_message:1063 - 검사 중: 연세대_PLM_240411.pdf
2025-11-13 16:51:22 - wf_korean_filename_normalizer - INFO - log_message:1063 - 검사 중: 웍스프리-사업자등록증-2025.08.18.pdf
2025-11-13 16:51:22 - wf_korean_filename_normalizer - INFO - log_message:1063 - 검사 중: 웍스프리.zip
2025-11-13 16:51:22 - wf_korean_filename_normalizer - INFO - log_message:1063 - 검사 중: 웍스프리_결과보고서.pdf
2025-11-13 16:51:22 - wf_korean_filename_normalizer - INFO - log_message:1063 - 검사 중: 웍스프리_수행계획서-수정본.docx
2025-11-13 16:51:22 - wf_korean_filename_normalizer - INFO - log_message:1063 - 검사 중: 입장문(당선무효자의 위법 행위에 대한 소송제기).pdf
2025-11-13 16:51:22 - wf_korean_filename_normalizer - INFO - log_message:1063 - 검사 중: 전자세금계산서 매출누계액 캡처 (1).png
2025-11-13 16:51:22 - wf_korean_filename_normalizer - INFO - log_message:1063 - 검사 중: 전자세금계산서 매출누계액 캡처.png
2025-11-13 16:51:22 - wf_korean_filename_normalizer - INFO - log_message:1063 - 검사 중: 중간보고 박자림 대리.txt
2025-11-13 16:51:22 - wf_korean_filename_normalizer - INFO - log_message:1063 - 검사 중: 진단신청 기업(3개사).zip
2025-11-13 16:51:22 - wf_korean_filename_normalizer - INFO - log_message:1063 - 검사 중: 첨부+3.+스마트공장+수준확인제도+자가진단지+v1.2.xlsx
2025-11-13 16:51:22 - wf_korean_filename_normalizer - INFO - log_message:1063 - 검사 중: 카이스트_PLM_GPT_설계부문_활용_방안_20240412-F-송부_3.pdf
2025-11-13 16:51:22 - wf_korean_filename_normalizer - INFO - log_message:1063 - 검사 중: 프리즘(주)_dell 에일리언 64GB(한컴,오피스)_웍스프리_251029.pdf
2025-11-13 16:51:22 - wf_korean_filename_normalizer - INFO - log_message:1063 - 검사 중: 현금영수증 매출누계액 캡처 (1).png
2025-11-13 16:51:22 - wf_korean_filename_normalizer - INFO - log_message:1063 - 검사 중: 현금영수증 매출누계액 캡처.png
2025-11-13 16:51:22 - wf_korean_filename_normalizer - INFO - log_message:1063 - 검사 중: 환경분석(내부)_에프에스티 회신.pptx
2025-11-13 16:51:22 - wf_korean_filename_normalizer - INFO - log_message:1063 - 검사 중: 1-1.png
2025-11-13 16:51:22 - wf_korean_filename_normalizer - INFO - log_message:1063 - 검사 중: 1-2.png
2025-11-13 16:51:22 - wf_korean_filename_normalizer - INFO - log_message:1063 - 검사 중: 2-1.png
2025-11-13 16:51:22 - wf_korean_filename_normalizer - INFO - log_message:1063 - 검사 중: 2-2.png
2025-11-13 16:51:22 - wf_korean_filename_normalizer - INFO - log_message:1063 - 검사 중: 3-1 (로고&QR코드 위치변경).png
2025-11-13 16:51:22 - wf_korean_filename_normalizer - INFO - log_message:1063 - 검사 중: 3-1.png
2025-11-13 16:51:22 - wf_korean_filename_normalizer - INFO - log_message:1063 - 검사 중: 3-2 (로고&QR코드 위치변경).png
2025-11-13 16:51:22 - wf_korean_filename_normalizer - INFO - log_message:1063 - 검사 중: 3-2.png
2025-11-13 16:51:22 - wf_korean_filename_normalizer - INFO - log_message:1063 - 검사 중: 4-1.png
2025-11-13 16:51:22 - wf_korean_filename_normalizer - INFO - log_message:1063 - 검사 중: 4-2.png
2025-11-13 16:51:22 - wf_korean_filename_normalizer - INFO - log_message:1063 - 검사 중: InstallAll.cmd
2025-11-13 16:51:22 - wf_korean_filename_normalizer - INFO - log_message:1063 - 검사 중: Readme (20250919 153407).html
2025-11-13 16:51:22 - wf_korean_filename_normalizer - INFO - log_message:1063 - 검사 중: sp136712.cva
2025-11-13 16:51:22 - wf_korean_filename_normalizer - INFO - log_message:1063 - 검사 중: sp136712.exe
2025-11-13 16:51:22 - wf_korean_filename_normalizer - INFO - log_message:1063 - 검사 중: sp136712.html
2025-11-13 16:51:22 - wf_korean_filename_normalizer - INFO - log_message:1063 - 검사 중: sp154796.cva
2025-11-13 16:51:22 - wf_korean_filename_normalizer - INFO - log_message:1063 - 검사 중: sp154796.exe
2025-11-13 16:51:22 - wf_korean_filename_normalizer - INFO - log_message:1063 - 검사 중: sp154796.html
2025-11-13 16:51:22 - wf_korean_filename_normalizer - INFO - log_message:1063 - 검사 중: sp157960.cva
2025-11-13 16:51:22 - wf_korean_filename_normalizer - INFO - log_message:1063 - 검사 중: sp157960.exe
2025-11-13 16:51:22 - wf_korean_filename_normalizer - INFO - log_message:1063 - 검사 중: sp157960.html
2025-11-13 16:51:22 - wf_korean_filename_normalizer - INFO - log_message:1063 - 검사 중: 2025 디지털혁신중견기업육성사업 DX챌린지진단 결과보고서_화승-v0.8.pptx
2025-11-13 16:51:22 - wf_korean_filename_normalizer - INFO - log_message:1063 - 검사 중: DX WHAT 워크시트 양식.docx
2025-11-13 16:51:22 - wf_korean_filename_normalizer - INFO - log_message:1063 - 검사 중: DX WHY 워크시트 양식.docx
2025-11-13 16:51:22 - wf_korean_filename_normalizer - INFO - log_message:1063 - 검사 중: 연세대_PLM_240411.pdf
2025-11-13 16:51:22 - wf_korean_filename_normalizer - INFO - log_message:1063 - 검사 중: 완료검수서 및 결과보고서.hwp
2025-11-13 16:51:22 - wf_korean_filename_normalizer - INFO - log_message:1063 - 검사 중: 웍스프리-사업자등록증-2025.08.18.pdf
2025-11-13 16:51:22 - wf_korean_filename_normalizer - INFO - log_message:1063 - 검사 중: 입장문(당선무효자의 위법 행위에 대한 소송제기).pdf
2025-11-13 16:51:22 - wf_korean_filename_normalizer - INFO - log_message:1063 - 검사 중: 카이스트_PLM_GPT_설계부문_활용_방안_20240412-F-송부_3.pdf
2025-11-13 16:51:22 - wf_korean_filename_normalizer - INFO - log_message:1063 - 검사 중: 2025년도 AX 수주진단 신청서 (마이텍).pdf
2025-11-13 16:51:22 - wf_korean_filename_normalizer - INFO - log_message:1063 - 검사 중: Company Profile of Mytec(한글본) 20251016.pdf
2025-11-13 16:51:22 - wf_korean_filename_normalizer - INFO - log_message:1063 - 검사 중: (붙임. 1) 2025년 AX 수준진단_수요기업_모집신청서_앤써.pdf
2025-11-13 16:51:22 - wf_korean_filename_normalizer - INFO - log_message:1063 - 검사 중: 앤써_카달로그.pdf
2025-11-13 16:51:22 - wf_korean_filename_normalizer - INFO - log_message:1063 - 검사 중: 1.2025년 AX 수준진단_수요기업_모집신청서_주식회사 동서기연.pdf
2025-11-13 16:51:22 - wf_korean_filename_normalizer - INFO - log_message:1063 - 검사 중: 2.회사소개서_주식회사 동서기연.pdf
2025-11-13 16:51:22 - wf_korean_filename_normalizer - INFO - log_message:1063 - 검사 중: 2025 디지털혁신중견기업육성사업 DX챌린지진단 결과보고서_화승-v0.8.pptx
2025-11-13 16:51:22 - wf_korean_filename_normalizer - INFO - log_message:1063 - NFC 정규화: 2025 디지털혁신중견기업육성사업 DX챌린지진단 결과보고서_화승-v0.8.pptx → 2025 디지털혁신중견기업육성사업 DX챌린지진단 결과보고서_화승-v0.8.pptx
2025-11-13 16:51:22 - wf_korean_filename_normalizer - INFO - log_message:1063 - 자소 분리 파일 발견: 2025 디지털혁신중견기업육성사업 DX챌린지진단 결과보고서_화승-v0.8.pptx → 2025 디지털혁신중견기업육성사업 DX챌린지진단 결과보고서_화승-v0.8.pptx
2025-11-13 16:51:22 - wf_korean_filename_normalizer - INFO - log_message:1063 - 검사 중: 완료검수서 및 결과보고서.hwp
2025-11-13 16:51:22 - wf_korean_filename_normalizer - INFO - log_message:1063 - NFC 정규화: 완료검수서 및 결과보고서.hwp → 완료검수서 및 결과보고서.hwp
2025-11-13 16:51:22 - wf_korean_filename_normalizer - INFO - log_message:1063 - 자소 분리 파일 발견: 완료검수서 및 결과보고서.hwp → 완료검수서 및 결과보고서.hwp
2025-11-13 16:51:22 - wf_korean_filename_normalizer - INFO - log_message:1063 - 자소 분리 파일 4개 발견
2025-11-13 16:51:22 - wf_korean_filename_normalizer - INFO - log_message:1063 - 파일 변환 시작: 4개 파일
2025-11-13 16:51:22 - wf_korean_filename_normalizer - INFO - log_message:1063 - 변환 완료: 2025 디지털혁신중견기업육성사업 DX챌린지진단 결과보고서_화승-v0.8.pptx → 2025 디지털혁신중견기업육성사업 DX챌린지진단 결과보고서_화승-v0.8_1.pptx
2025-11-13 16:51:22 - wf_korean_filename_normalizer - INFO - log_message:1063 - 변환 완료: 완료검수서 및 결과보고서.hwp → 완료검수서 및 결과보고서_1.hwp
2025-11-13 16:51:22 - wf_korean_filename_normalizer - INFO - log_message:1063 - 변환 완료: 2025 디지털혁신중견기업육성사업 DX챌린지진단 결과보고서_화승-v0.8.pptx → 2025 디지털혁신중견기업육성사업 DX챌린지진단 결과보고서_화승-v0.8.pptx
2025-11-13 16:51:22 - wf_korean_filename_normalizer - INFO - log_message:1063 - 변환 완료: 완료검수서 및 결과보고서.hwp → 완료검수서 및 결과보고서.hwp
2025-11-13 16:51:22 - wf_korean_filename_normalizer - INFO - log_message:1063 - 변환 완료: 4개 파일 처리
2025-11-13 16:58:18 - wf_korean_filename_normalizer - INFO - __init__:40 - App initialized: korean_filename_normalizer v0.7
2025-11-13 16:58:18 - wf_korean_filename_normalizer - INFO - __init__:41 - Environment: Environment.DEVELOPMENT
2025-11-13 16:58:18 - wf_korean_filename_normalizer - INFO - __init__:42 - Language: ko
2025-11-13 16:58:20 - wf_korean_filename_normalizer - DEBUG - check_user_registration:1130 - 기존 지문: 7df0557b6503a2818775f239d818fab706b090b3fa6b577ad6dd46bc6c94482e
2025-11-13 16:58:20 - wf_korean_filename_normalizer - DEBUG - check_user_registration:1131 - 현재 지문: 7df0557b6503a2818775f239d818fab706b090b3fa6b577ad6dd46bc6c94482e
2025-11-13 16:58:20 - wf_korean_filename_normalizer - INFO - _worker:199 - 🔄 백그라운드 정책 동기화 실행...
2025-11-13 16:58:20 - wf_korean_filename_normalizer - INFO - create_user_directories:269 - 사용자 디렉토리 구조 생성 완료: C:\Users\HP\.wf_rpa
2025-11-13 16:58:20 - wf_korean_filename_normalizer - INFO - _worker:202 - [STARTUP-POLICY] {'success': True, 'message': '동기화가 필요하지 않습니다.', 'synced': False}
2025-11-13 16:58:21 - wf_korean_filename_normalizer - INFO - log_message:1100 - 폴더 검사 중: C:\Users\HP\Downloads
2025-11-13 16:58:21 - wf_korean_filename_normalizer - INFO - log_message:1100 - 총 181개 파일을 검사합니다.
2025-11-13 16:58:21 - wf_korean_filename_normalizer - INFO - log_message:1100 - 검사 중: (FST) 직무분류 체계 3차_20250415.pptx
2025-11-13 16:58:21 - wf_korean_filename_normalizer - INFO - log_message:1100 - 검사 중: (FST) 킥오프 미팅 회의록.hwp
2025-11-13 16:58:21 - wf_korean_filename_normalizer - INFO - log_message:1100 - 검사 중: (GST) IR_2Q_2025_KOR.pdf
2025-11-13 16:58:21 - wf_korean_filename_normalizer - INFO - log_message:1100 - 검사 중: (교육생공유용) 성공하는 디지털 전환 전략_ 개념부터 사례까지-20250918T010221Z-1-001.zip
2025-11-13 16:58:21 - wf_korean_filename_normalizer - INFO - log_message:1100 - 검사 중: (배포용) 기술 세미나 강의자료_다크팩토리의 혁신.pdf
2025-11-13 16:58:21 - wf_korean_filename_normalizer - INFO - log_message:1100 - 검사 중: (별첨) 다면진단지 7종_통합본_250523_작성.xlsx
2025-11-13 16:58:21 - wf_korean_filename_normalizer - INFO - log_message:1100 - 검사 중: (붙임 2) '25년 예비창업패키지 2단계 지원 대상자 재협약체결 관련 자료.zip
2025-11-13 16:58:21 - wf_korean_filename_normalizer - INFO - log_message:1100 - 검사 중: (신청서)2024년_중소기업_녹색인증_컨설팅_지원사업_컨설팅_전문가_모집공고_붙임1-4.hwp
2025-11-13 16:58:21 - wf_korean_filename_normalizer - INFO - log_message:1100 - 검사 중: (양식)정보보호 전문기업 최초 지정신청 엑셀양식_2401.xlsx
2025-11-13 16:58:21 - wf_korean_filename_normalizer - INFO - log_message:1100 - 검사 중: 09월-사업비지급승인요청서-클로드.pdf
2025-11-13 16:58:21 - wf_korean_filename_normalizer - INFO - log_message:1100 - 검사 중: 1. 상담신청서(제1호 서식).hwp
2025-11-13 16:58:21 - wf_korean_filename_normalizer - INFO - log_message:1100 - 검사 중: 2-2. (양식) 2025 디지털혁신 중견기업 육성사업 POC 프로젝트 결과보고서.hwp
2025-11-13 16:58:21 - wf_korean_filename_normalizer - INFO - log_message:1100 - 검사 중: 2020+엔젤투자+알아야+성공한다.pdf
2025-11-13 16:58:21 - wf_korean_filename_normalizer - INFO - log_message:1100 - 검사 중: 2025 디지털혁신중견기업육성사업 DX챌린지진단 결과보고서_화승-v0.8.pptx
2025-11-13 16:58:21 - wf_korean_filename_normalizer - INFO - log_message:1100 - NFC 정규화: 2025 디지털혁신중견기업육성사업 DX챌린지진단 결과보고서_화승-v0.8.pptx → 2025 디지털혁신중견기업육성사업 DX챌린지진단 결과보고서_화승-v0.8.pptx
2025-11-13 16:58:21 - wf_korean_filename_normalizer - INFO - log_message:1100 - 자소 분리 파일 발견: 2025 디지털혁신중견기업육성사업 DX챌린지진단 결과보고서_화승-v0.8.pptx → 2025 디지털혁신중견기업육성사업 DX챌린지진단 결과보고서_화승-v0.8.pptx
2025-11-13 16:58:21 - wf_korean_filename_normalizer - INFO - log_message:1100 - 검사 중: 2025 디지털혁신중견기업육성사업 DX챌린지진단 결과보고서.pptx
2025-11-13 16:58:21 - wf_korean_filename_normalizer - INFO - log_message:1100 - 검사 중: 2025 산업일자리전환 전문컨설팅 완료보고_세인아이엔디_251104.pptx
2025-11-13 16:58:21 - wf_korean_filename_normalizer - INFO - log_message:1100 - 검사 중: 2025 산업일자리전환 지원사업 안내 브로셔 250728.pdf
2025-11-13 16:58:21 - wf_korean_filename_normalizer - INFO - log_message:1100 - 검사 중: 20251104.txt
2025-11-13 16:58:21 - wf_korean_filename_normalizer - INFO - log_message:1100 - 검사 중: 2025_산업일자리전환_전문컨설팅_중간보고_더스킨팩토리_251022_완성.pptx
2025-11-13 16:58:21 - wf_korean_filename_normalizer - INFO - log_message:1100 - 검사 중: 2025_산업일자리전환_전문컨설팅_중간보고서_에프에스티_완성본.pptx
2025-11-13 16:58:21 - wf_korean_filename_normalizer - INFO - log_message:1100 - 검사 중: 2025_산업일자리전환_전문컨설팅_중간보고서_에프에스티_완성본_1.pptx
2025-11-13 16:58:21 - wf_korean_filename_normalizer - INFO - log_message:1100 - 검사 중: 2025년 예비창업패키지(일반분야) 스타트업 시장소비자검증 프로그램 안내문.pdf
2025-11-13 16:58:21 - wf_korean_filename_normalizer - INFO - log_message:1100 - 검사 중: 2025년 예비창업패키지(일반분야) 스타트업 시장소비자검증 프로그램 참가신청서(양식).hwp
2025-11-13 16:58:21 - wf_korean_filename_normalizer - INFO - log_message:1100 - 검사 중: 2025년 하반기 데이터거래사 신청 공고 .zip
2025-11-13 16:58:21 - wf_korean_filename_normalizer - INFO - log_message:1100 - 검사 중: 2025년+명지녹산+스마트그린+AX+실증산단+구축+사업+지원계획+통합공고(2025_11_04).hwp
2025-11-13 16:58:21 - wf_korean_filename_normalizer - INFO - log_message:1100 - 검사 중: 2_개인기업_일반_확인서발급절차(2025).pdf
2025-11-13 16:58:21 - wf_korean_filename_normalizer - INFO - log_message:1100 - 검사 중: 3-1.png
2025-11-13 16:58:21 - wf_korean_filename_normalizer - INFO - log_message:1100 - 검사 중: 3-14. 구매승인요청서-07월.hwp
2025-11-13 16:58:21 - wf_korean_filename_normalizer - INFO - log_message:1100 - 검사 중: 3. 사업주 직업능력개발훈련.pdf
2025-11-13 16:58:21 - wf_korean_filename_normalizer - INFO - log_message:1100 - 검사 중: 35. 스마트제조_01 통합보고서_250116.pdf
2025-11-13 16:58:21 - wf_korean_filename_normalizer - INFO - log_message:1100 - 검사 중: 35. 스마트제조_02 품목보고서_02. AI 스마트 제조용 제어 관리 시스템_250116.pdf
2025-11-13 16:58:21 - wf_korean_filename_normalizer - INFO - log_message:1100 - 검사 중: 35. 스마트제조_02 품목보고서_04. 스마트제조용 디지털 트윈 시스템_250116.pdf
2025-11-13 16:58:21 - wf_korean_filename_normalizer - INFO - log_message:1100 - 검사 중: 40회_문제1_물적생산성과가치생산성.md
2025-11-13 16:58:21 - wf_korean_filename_normalizer - INFO - log_message:1100 - 검사 중: 5398995166.pdf
2025-11-13 16:58:21 - wf_korean_filename_normalizer - INFO - log_message:1100 - 검사 중: AAS_기반의_데이터_수집_플랫폼_및_데이터_분석(4p).pdf
2025-11-13 16:58:21 - wf_korean_filename_normalizer - INFO - log_message:1100 - 검사 중: black1.jpg
2025-11-13 16:58:21 - wf_korean_filename_normalizer - INFO - log_message:1100 - 검사 중: black2.jpg
2025-11-13 16:58:21 - wf_korean_filename_normalizer - INFO - log_message:1100 - 검사 중: black3.jpg
2025-11-13 16:58:21 - wf_korean_filename_normalizer - INFO - log_message:1100 - 검사 중: brochure-fee.pdf
2025-11-13 16:58:21 - wf_korean_filename_normalizer - INFO - log_message:1100 - 검사 중: brochure-wipsclip.pdf
2025-11-13 16:58:21 - wf_korean_filename_normalizer - INFO - log_message:1100 - 검사 중: client_secret_390587318222-k090uilf1an7minlpnk23rea9mdekfgj.apps.googleusercontent.com.json
2025-11-13 16:58:21 - wf_korean_filename_normalizer - INFO - log_message:1100 - 검사 중: comet_installer_latest.exe
2025-11-13 16:58:21 - wf_korean_filename_normalizer - INFO - log_message:1100 - 검사 중: DX WHAT 워크시트 양식.docx
2025-11-13 16:58:21 - wf_korean_filename_normalizer - INFO - log_message:1100 - 검사 중: DX WHY 워크시트 양식.docx
2025-11-13 16:58:21 - wf_korean_filename_normalizer - INFO - log_message:1100 - 검사 중: export_019a6485-2475-4332-8103-58895048aa8e.pptx
2025-11-13 16:58:21 - wf_korean_filename_normalizer - INFO - log_message:1100 - 검사 중: FindAgentSetup.exe
2025-11-13 16:58:21 - wf_korean_filename_normalizer - INFO - log_message:1100 - 검사 중: FirmwareUpdateTool_3.2.276959_x64.exe
2025-11-13 16:58:21 - wf_korean_filename_normalizer - INFO - log_message:1100 - 검사 중: FSWSSSetup.exe
2025-11-13 16:58:21 - wf_korean_filename_normalizer - INFO - log_message:1100 - 검사 중: fwd.zip
2025-11-13 16:58:21 - wf_korean_filename_normalizer - INFO - log_message:1100 - 검사 중: Git-2.51.0-64-bit.exe
2025-11-13 16:58:21 - wf_korean_filename_normalizer - INFO - log_message:1100 - 검사 중: github-insunglee-worksfree-receipt-2025-10-30.pdf
2025-11-13 16:58:21 - wf_korean_filename_normalizer - INFO - log_message:1100 - 검사 중: HPEasyStart-16.2.2-OJP9730_60_0_1882_Webpack.exe
2025-11-13 16:58:21 - wf_korean_filename_normalizer - INFO - log_message:1100 - 검사 중: KED_20250922095734_19000101_H01_1_87218063642922_2_1_2111122314000.pdf
2025-11-13 16:58:21 - wf_korean_filename_normalizer - INFO - log_message:1100 - 검사 중: KOS_Setup_1320.exe
2025-11-13 16:58:21 - wf_korean_filename_normalizer - INFO - log_message:1100 - 검사 중: MaintenanceDiagnostic.diagcab
2025-11-13 16:58:21 - wf_korean_filename_normalizer - INFO - log_message:1100 - 검사 중: Notion Setup 4.19.0.exe
2025-11-13 16:58:21 - wf_korean_filename_normalizer - INFO - log_message:1100 - 검사 중: Perplexity Setup 1.4.0 (1).exe
2025-11-13 16:58:21 - wf_korean_filename_normalizer - INFO - log_message:1100 - 검사 중: Perplexity Setup 1.4.0.exe
2025-11-13 16:58:21 - wf_korean_filename_normalizer - INFO - log_message:1100 - 검사 중: python-3.13.7-amd64.exe
2025-11-13 16:58:21 - wf_korean_filename_normalizer - INFO - log_message:1100 - 검사 중: R&D 통합 관리 플랫폼 구축 전략.pptx
2025-11-13 16:58:21 - wf_korean_filename_normalizer - INFO - log_message:1100 - 검사 중: RD_통합관리플랫폼_제안서.pptx
2025-11-13 16:58:21 - wf_korean_filename_normalizer - INFO - log_message:1100 - 검사 중: Receipt-2416-7189-9130.pdf
2025-11-13 16:58:21 - wf_korean_filename_normalizer - INFO - log_message:1100 - 검사 중: Re_ 완료보고 초안 검토 요청.eml
2025-11-13 16:58:21 - wf_korean_filename_normalizer - INFO - log_message:1100 - 검사 중: RnD_ASIS_TOBE_2장_인포그래픽.pptx
2025-11-13 16:58:21 - wf_korean_filename_normalizer - INFO - log_message:1100 - 검사 중: RnD_ASIS_TOBE_2장_전략계획.pptx
2025-11-13 16:58:21 - wf_korean_filename_normalizer - INFO - log_message:1100 - 검사 중: RnD_ASIS_TOBE_전환전략.pptx
2025-11-13 16:58:21 - wf_korean_filename_normalizer - INFO - log_message:1100 - 검사 중: RnD_IP_2Track_고도화_전략.pptx
2025-11-13 16:58:21 - wf_korean_filename_normalizer - INFO - log_message:1100 - 검사 중: RnD_통합관리_플랫폼_필요도출.pptx
2025-11-13 16:58:21 - wf_korean_filename_normalizer - INFO - log_message:1100 - 검사 중: RnD_통합관리_플랫폼_필요도출_비즈니스형.pptx
2025-11-13 16:58:21 - wf_korean_filename_normalizer - INFO - log_message:1100 - 검사 중: rpa_demo2.zip
2025-11-13 16:58:21 - wf_korean_filename_normalizer - INFO - log_message:1100 - 검사 중: SOLIDWORKS 3D CAD 라이선스 견적서_웍스프리_251029 (1).pdf
2025-11-13 16:58:21 - wf_korean_filename_normalizer - INFO - log_message:1100 - 검사 중: SOLIDWORKS 3D CAD 라이선스 견적서_웍스프리_251029.pdf
2025-11-13 16:58:21 - wf_korean_filename_normalizer - INFO - log_message:1100 - 검사 중: SOLIDWORKS 3D CAD 영구 라이선스 최종 견적서_웍스프리_250627.pdf
2025-11-13 16:58:21 - wf_korean_filename_normalizer - INFO - log_message:1100 - 검사 중: SOLIDWORKS 3D CAD,Autocad 라이선스 견적서_웍스프리_251029.pdf
2025-11-13 16:58:21 - wf_korean_filename_normalizer - INFO - log_message:1100 - 검사 중: sp136712.exe
2025-11-13 16:58:21 - wf_korean_filename_normalizer - INFO - log_message:1100 - 검사 중: sp154796.exe
2025-11-13 16:58:21 - wf_korean_filename_normalizer - INFO - log_message:1100 - 검사 중: sp160381.exe
2025-11-13 16:58:21 - wf_korean_filename_normalizer - INFO - log_message:1100 - 검사 중: TSF_리컬럼 도입 관련 Check List_코그콤 답변_2508.xlsx
2025-11-13 16:58:21 - wf_korean_filename_normalizer - INFO - log_message:1100 - 검사 중: veraport-g3-x64.exe
2025-11-13 16:58:21 - wf_korean_filename_normalizer - INFO - log_message:1100 - 검사 중: VestCertSetup_v2.5.39_105.exe
2025-11-13 16:58:21 - wf_korean_filename_normalizer - INFO - log_message:1100 - 검사 중: VSCodeUserSetup-x64-1.104.1.exe
2025-11-13 16:58:21 - wf_korean_filename_normalizer - INFO - log_message:1100 - 검사 중: [더스킨팩토리] API 연동 개발 견적서.pdf
2025-11-13 16:58:21 - wf_korean_filename_normalizer - INFO - log_message:1100 - 검사 중: [양식] 2025 산업일자리전환 전문컨설팅 사전진단보고서_더스킨팩토리_250930.pptx
2025-11-13 16:58:21 - wf_korean_filename_normalizer - INFO - log_message:1100 - 검사 중: [양식] 2025 산업일자리전환 전문컨설팅 완료보고서_수진기업명_250717.pdf
2025-11-13 16:58:21 - wf_korean_filename_normalizer - INFO - log_message:1100 - 검사 중: [양식] 2025 산업일자리전환 전문컨설팅 환경분석(내부)_더스킨팩토리 ver 1.0.pptx
2025-11-13 16:58:21 - wf_korean_filename_normalizer - INFO - log_message:1100 - 검사 중: [웍스프리] 2025년 예비창업패키지 창업기업 협약 변경 승인 요청서_이인성.hwp
2025-11-13 16:58:21 - wf_korean_filename_normalizer - INFO - log_message:1100 - 검사 중: [월악산]+닷돈재1+야영장.jpg
2025-11-13 16:58:21 - wf_korean_filename_normalizer - INFO - log_message:1100 - 검사 중: [참고]_2020년_예비창업패키지_세부_관리기준.pdf
2025-11-13 16:58:21 - wf_korean_filename_normalizer - INFO - log_message:1100 - 검사 중: [코그콤] GMV보고서_1차 분석 관련_20250912.zip
2025-11-13 16:58:21 - wf_korean_filename_normalizer - INFO - log_message:1100 - 검사 중: 완료검수서 및 결과보고서.hwp
2025-11-13 16:58:21 - wf_korean_filename_normalizer - INFO - log_message:1100 - NFC 정규화: 완료검수서 및 결과보고서.hwp → 완료검수서 및 결과보고서.hwp
2025-11-13 16:58:21 - wf_korean_filename_normalizer - INFO - log_message:1100 - 자소 분리 파일 발견: 완료검수서 및 결과보고서.hwp → 완료검수서 및 결과보고서.hwp
2025-11-13 16:58:21 - wf_korean_filename_normalizer - INFO - log_message:1100 - 검사 중: 가비아-카드영수증.pdf
2025-11-13 16:58:21 - wf_korean_filename_normalizer - INFO - log_message:1100 - 검사 중: 가비아_견적서 (1).pdf
2025-11-13 16:58:21 - wf_korean_filename_normalizer - INFO - log_message:1100 - 검사 중: 가비아_견적서.pdf
2025-11-13 16:58:21 - wf_korean_filename_normalizer - INFO - log_message:1100 - 검사 중: 고용노동부_산업일자리전환 지원사업 착수회의_0919.hwp
2025-11-13 16:58:21 - wf_korean_filename_normalizer - INFO - log_message:1100 - 검사 중: 공고_2025년 창업지원센터 청년관 신규 청년기업 모집 공고(최종).hwp
2025-11-13 16:58:21 - wf_korean_filename_normalizer - INFO - log_message:1100 - 검사 중: 권한대표자_권한등확인서.docx
2025-11-13 16:58:21 - wf_korean_filename_normalizer - INFO - log_message:1100 - 검사 중: 글로벌_IP_관리_선도사례_벤치마킹.pptx
2025-11-13 16:58:21 - wf_korean_filename_normalizer - INFO - log_message:1100 - 검사 중: 디지털 산업혁신 성숙도 진단_커스텀양식.pdf
2025-11-13 16:58:21 - wf_korean_filename_normalizer - INFO - log_message:1100 - 검사 중: 리플렛(사업주_자체훈련)_한국산업인력공단_인천지역본부.pdf
2025-11-13 16:58:21 - wf_korean_filename_normalizer - INFO - log_message:1100 - 검사 중: 매출 전자세금계산서 목록.pdf
2025-11-13 16:58:21 - wf_korean_filename_normalizer - INFO - log_message:1100 - 검사 중: 별첨5. 컨설팅 수행 실적 증명서.hwp
2025-11-13 16:58:21 - wf_korean_filename_normalizer - INFO - log_message:1100 - 검사 중: 붙임1. 생성형 AI 활용 창업 컨설팅 실무 교육 공고(안).hwp
2025-11-13 16:58:21 - wf_korean_filename_normalizer - INFO - log_message:1100 - 검사 중: 붙임1. 생성형 AI 활용 창업 컨설팅 실무 교육 공고(안).pdf
2025-11-13 16:58:21 - wf_korean_filename_normalizer - INFO - log_message:1100 - 검사 중: 붙임1.pdf
2025-11-13 16:58:21 - wf_korean_filename_normalizer - INFO - log_message:1100 - 검사 중: 붙임1_2025년 예비창업패키지 창업기업 협약 변경 승인 요청서_대표자명.hwp
2025-11-13 16:58:21 - wf_korean_filename_normalizer - INFO - log_message:1100 - 검사 중: 붙임2. 신규 지도사 본회 정회원 가입 안내(제40기)_vf.pdf
2025-11-13 16:58:21 - wf_korean_filename_normalizer - INFO - log_message:1100 - 검사 중: 붙임2. 신청서식.zip
2025-11-13 16:58:21 - wf_korean_filename_normalizer - INFO - log_message:1100 - 검사 중: 붙임2_예비창업패키지 창업기업등 사업비 비목 해설표(최종).hwp
2025-11-13 16:58:21 - wf_korean_filename_normalizer - INFO - log_message:1100 - 검사 중: 붙임3.+창업혁신공간+남부권(수원)+층별+입주공간+현황.pdf
2025-11-13 16:58:21 - wf_korean_filename_normalizer - INFO - log_message:1100 - 검사 중: 사업자등록증명.pdf
2025-11-13 16:58:21 - wf_korean_filename_normalizer - INFO - log_message:1100 - 검사 중: 사용내역조회_사업비사용내역.xlsx
2025-11-13 16:58:21 - wf_korean_filename_normalizer - INFO - log_message:1100 - 검사 중: 산업데이터활용수준_평가.xlsx
2025-11-13 16:58:21 - wf_korean_filename_normalizer - INFO - log_message:1100 - 검사 중: 상품 마스터 및 추가 정보 전달.zip
2025-11-13 16:58:21 - wf_korean_filename_normalizer - INFO - log_message:1100 - 검사 중: 세계 일류 R&D 기업의 혁신과 IP 전략 (1).pdf
2025-11-13 16:58:21 - wf_korean_filename_normalizer - INFO - log_message:1100 - 검사 중: 세계 일류 R&D 기업의 혁신과 IP 전략.pdf
2025-11-13 16:58:21 - wf_korean_filename_normalizer - INFO - log_message:1100 - 검사 중: 세인아이엔디 3차 미팅.txt
2025-11-13 16:58:21 - wf_korean_filename_normalizer - INFO - log_message:1100 - 검사 중: 시안1.png
2025-11-13 16:58:21 - wf_korean_filename_normalizer - INFO - log_message:1100 - 검사 중: 시안2.png
2025-11-13 16:58:21 - wf_korean_filename_normalizer - INFO - log_message:1100 - 검사 중: 신용카드 매출누계액 캡처 (1).png
2025-11-13 16:58:21 - wf_korean_filename_normalizer - INFO - log_message:1100 - 검사 중: 신용카드 매출누계액 캡처.png
2025-11-13 16:58:21 - wf_korean_filename_normalizer - INFO - log_message:1100 - 검사 중: 언론보도 송출을 위한 요건정의서_웍스프리.xlsx
2025-11-13 16:58:21 - wf_korean_filename_normalizer - INFO - log_message:1100 - 검사 중: 엠에스제이 2차 미팅.txt
2025-11-13 16:58:21 - wf_korean_filename_normalizer - INFO - log_message:1100 - 검사 중: 연세대_PLM_240411.pdf
2025-11-13 16:58:21 - wf_korean_filename_normalizer - INFO - log_message:1100 - 검사 중: 웍스프리-사업자등록증-2025.08.18.pdf
2025-11-13 16:58:21 - wf_korean_filename_normalizer - INFO - log_message:1100 - 검사 중: 웍스프리.zip
2025-11-13 16:58:21 - wf_korean_filename_normalizer - INFO - log_message:1100 - 검사 중: 웍스프리_결과보고서.pdf
2025-11-13 16:58:21 - wf_korean_filename_normalizer - INFO - log_message:1100 - 검사 중: 웍스프리_수행계획서-수정본.docx
2025-11-13 16:58:21 - wf_korean_filename_normalizer - INFO - log_message:1100 - 검사 중: 입장문(당선무효자의 위법 행위에 대한 소송제기).pdf
2025-11-13 16:58:21 - wf_korean_filename_normalizer - INFO - log_message:1100 - 검사 중: 전자세금계산서 매출누계액 캡처 (1).png
2025-11-13 16:58:21 - wf_korean_filename_normalizer - INFO - log_message:1100 - 검사 중: 전자세금계산서 매출누계액 캡처.png
2025-11-13 16:58:21 - wf_korean_filename_normalizer - INFO - log_message:1100 - 검사 중: 중간보고 박자림 대리.txt
2025-11-13 16:58:21 - wf_korean_filename_normalizer - INFO - log_message:1100 - 검사 중: 진단신청 기업(3개사).zip
2025-11-13 16:58:21 - wf_korean_filename_normalizer - INFO - log_message:1100 - 검사 중: 첨부+3.+스마트공장+수준확인제도+자가진단지+v1.2.xlsx
2025-11-13 16:58:21 - wf_korean_filename_normalizer - INFO - log_message:1100 - 검사 중: 카이스트_PLM_GPT_설계부문_활용_방안_20240412-F-송부_3.pdf
2025-11-13 16:58:21 - wf_korean_filename_normalizer - INFO - log_message:1100 - 검사 중: 프리즘(주)_dell 에일리언 64GB(한컴,오피스)_웍스프리_251029.pdf
2025-11-13 16:58:21 - wf_korean_filename_normalizer - INFO - log_message:1100 - 검사 중: 현금영수증 매출누계액 캡처 (1).png
2025-11-13 16:58:21 - wf_korean_filename_normalizer - INFO - log_message:1100 - 검사 중: 현금영수증 매출누계액 캡처.png
2025-11-13 16:58:21 - wf_korean_filename_normalizer - INFO - log_message:1100 - 검사 중: 환경분석(내부)_에프에스티 회신.pptx
2025-11-13 16:58:21 - wf_korean_filename_normalizer - INFO - log_message:1100 - 검사 중: 1-1.png
2025-11-13 16:58:21 - wf_korean_filename_normalizer - INFO - log_message:1100 - 검사 중: 1-2.png
2025-11-13 16:58:21 - wf_korean_filename_normalizer - INFO - log_message:1100 - 검사 중: 2-1.png
2025-11-13 16:58:21 - wf_korean_filename_normalizer - INFO - log_message:1100 - 검사 중: 2-2.png
2025-11-13 16:58:21 - wf_korean_filename_normalizer - INFO - log_message:1100 - 검사 중: 3-1 (로고&QR코드 위치변경).png
2025-11-13 16:58:21 - wf_korean_filename_normalizer - INFO - log_message:1100 - 검사 중: 3-1.png
2025-11-13 16:58:21 - wf_korean_filename_normalizer - INFO - log_message:1100 - 검사 중: 3-2 (로고&QR코드 위치변경).png
2025-11-13 16:58:21 - wf_korean_filename_normalizer - INFO - log_message:1100 - 검사 중: 3-2.png
2025-11-13 16:58:21 - wf_korean_filename_normalizer - INFO - log_message:1100 - 검사 중: 4-1.png
2025-11-13 16:58:21 - wf_korean_filename_normalizer - INFO - log_message:1100 - 검사 중: 4-2.png
2025-11-13 16:58:21 - wf_korean_filename_normalizer - INFO - log_message:1100 - 검사 중: InstallAll.cmd
2025-11-13 16:58:21 - wf_korean_filename_normalizer - INFO - log_message:1100 - 검사 중: Readme (20250919 153407).html
2025-11-13 16:58:21 - wf_korean_filename_normalizer - INFO - log_message:1100 - 검사 중: sp136712.cva
2025-11-13 16:58:21 - wf_korean_filename_normalizer - INFO - log_message:1100 - 검사 중: sp136712.exe
2025-11-13 16:58:21 - wf_korean_filename_normalizer - INFO - log_message:1100 - 검사 중: sp136712.html
2025-11-13 16:58:21 - wf_korean_filename_normalizer - INFO - log_message:1100 - 검사 중: sp154796.cva
2025-11-13 16:58:21 - wf_korean_filename_normalizer - INFO - log_message:1100 - 검사 중: sp154796.exe
2025-11-13 16:58:21 - wf_korean_filename_normalizer - INFO - log_message:1100 - 검사 중: sp154796.html
2025-11-13 16:58:21 - wf_korean_filename_normalizer - INFO - log_message:1100 - 검사 중: sp157960.cva
2025-11-13 16:58:21 - wf_korean_filename_normalizer - INFO - log_message:1100 - 검사 중: sp157960.exe
2025-11-13 16:58:21 - wf_korean_filename_normalizer - INFO - log_message:1100 - 검사 중: sp157960.html
2025-11-13 16:58:21 - wf_korean_filename_normalizer - INFO - log_message:1100 - 검사 중: 2025 디지털혁신중견기업육성사업 DX챌린지진단 결과보고서_화승-v0.8.pptx
2025-11-13 16:58:21 - wf_korean_filename_normalizer - INFO - log_message:1100 - 검사 중: 2025 디지털혁신중견기업육성사업 DX챌린지진단 결과보고서_화승-v0.8_1.pptx
2025-11-13 16:58:21 - wf_korean_filename_normalizer - INFO - log_message:1100 - 검사 중: DX WHAT 워크시트 양식.docx
2025-11-13 16:58:21 - wf_korean_filename_normalizer - INFO - log_message:1100 - 검사 중: DX WHY 워크시트 양식.docx
2025-11-13 16:58:21 - wf_korean_filename_normalizer - INFO - log_message:1100 - 검사 중: 연세대_PLM_240411.pdf
2025-11-13 16:58:21 - wf_korean_filename_normalizer - INFO - log_message:1100 - 검사 중: 완료검수서 및 결과보고서.hwp
2025-11-13 16:58:21 - wf_korean_filename_normalizer - INFO - log_message:1100 - 검사 중: 완료검수서 및 결과보고서_1.hwp
2025-11-13 16:58:21 - wf_korean_filename_normalizer - INFO - log_message:1100 - 검사 중: 웍스프리-사업자등록증-2025.08.18.pdf
2025-11-13 16:58:21 - wf_korean_filename_normalizer - INFO - log_message:1100 - 검사 중: 입장문(당선무효자의 위법 행위에 대한 소송제기).pdf
2025-11-13 16:58:21 - wf_korean_filename_normalizer - INFO - log_message:1100 - 검사 중: 카이스트_PLM_GPT_설계부문_활용_방안_20240412-F-송부_3.pdf
2025-11-13 16:58:21 - wf_korean_filename_normalizer - INFO - log_message:1100 - 검사 중: 2025년도 AX 수주진단 신청서 (마이텍).pdf
2025-11-13 16:58:21 - wf_korean_filename_normalizer - INFO - log_message:1100 - 검사 중: Company Profile of Mytec(한글본) 20251016.pdf
2025-11-13 16:58:21 - wf_korean_filename_normalizer - INFO - log_message:1100 - 검사 중: (붙임. 1) 2025년 AX 수준진단_수요기업_모집신청서_앤써.pdf
2025-11-13 16:58:21 - wf_korean_filename_normalizer - INFO - log_message:1100 - 검사 중: 앤써_카달로그.pdf
2025-11-13 16:58:21 - wf_korean_filename_normalizer - INFO - log_message:1100 - 검사 중: 1.2025년 AX 수준진단_수요기업_모집신청서_주식회사 동서기연.pdf
2025-11-13 16:58:21 - wf_korean_filename_normalizer - INFO - log_message:1100 - 검사 중: 2.회사소개서_주식회사 동서기연.pdf
2025-11-13 16:58:21 - wf_korean_filename_normalizer - INFO - log_message:1100 - 검사 중: 2025 디지털혁신중견기업육성사업 DX챌린지진단 결과보고서_화승-v0.8.pptx
2025-11-13 16:58:21 - wf_korean_filename_normalizer - INFO - log_message:1100 - 검사 중: 완료검수서 및 결과보고서.hwp
2025-11-13 16:58:21 - wf_korean_filename_normalizer - INFO - log_message:1100 - 검사 중: 2025 디지털혁신중견기업육성사업 DX챌린지진단 결과보고서_화승-v0.8.pptx
2025-11-13 16:58:21 - wf_korean_filename_normalizer - INFO - log_message:1100 - NFC 정규화: 2025 디지털혁신중견기업육성사업 DX챌린지진단 결과보고서_화승-v0.8.pptx → 2025 디지털혁신중견기업육성사업 DX챌린지진단 결과보고서_화승-v0.8.pptx
2025-11-13 16:58:21 - wf_korean_filename_normalizer - INFO - log_message:1100 - 자소 분리 파일 발견: 2025 디지털혁신중견기업육성사업 DX챌린지진단 결과보고서_화승-v0.8.pptx → 2025 디지털혁신중견기업육성사업 DX챌린지진단 결과보고서_화승-v0.8.pptx
2025-11-13 16:58:21 - wf_korean_filename_normalizer - INFO - log_message:1100 - 검사 중: 완료검수서 및 결과보고서.hwp
2025-11-13 16:58:21 - wf_korean_filename_normalizer - INFO - log_message:1100 - NFC 정규화: 완료검수서 및 결과보고서.hwp → 완료검수서 및 결과보고서.hwp
2025-11-13 16:58:21 - wf_korean_filename_normalizer - INFO - log_message:1100 - 자소 분리 파일 발견: 완료검수서 및 결과보고서.hwp → 완료검수서 및 결과보고서.hwp
2025-11-13 16:58:21 - wf_korean_filename_normalizer - INFO - log_message:1100 - 검사 중: 2025 디지털혁신중견기업육성사업 DX챌린지진단 결과보고서_화승-v0.8.pptx
2025-11-13 16:58:21 - wf_korean_filename_normalizer - INFO - log_message:1100 - NFC 정규화: 2025 디지털혁신중견기업육성사업 DX챌린지진단 결과보고서_화승-v0.8.pptx → 2025 디지털혁신중견기업육성사업 DX챌린지진단 결과보고서_화승-v0.8.pptx
2025-11-13 16:58:21 - wf_korean_filename_normalizer - INFO - log_message:1100 - 자소 분리 파일 발견: 2025 디지털혁신중견기업육성사업 DX챌린지진단 결과보고서_화승-v0.8.pptx → 2025 디지털혁신중견기업육성사업 DX챌린지진단 결과보고서_화승-v0.8.pptx
2025-11-13 16:58:21 - wf_korean_filename_normalizer - INFO - log_message:1100 - 검사 중: 완료검수서 및 결과보고서.hwp
2025-11-13 16:58:21 - wf_korean_filename_normalizer - INFO - log_message:1100 - NFC 정규화: 완료검수서 및 결과보고서.hwp → 완료검수서 및 결과보고서.hwp
2025-11-13 16:58:21 - wf_korean_filename_normalizer - INFO - log_message:1100 - 자소 분리 파일 발견: 완료검수서 및 결과보고서.hwp → 완료검수서 및 결과보고서.hwp
2025-11-13 16:58:21 - wf_korean_filename_normalizer - INFO - log_message:1100 - 자소 분리 파일 6개 발견
2025-11-13 16:58:25 - wf_korean_filename_normalizer - INFO - log_message:1100 - 폴더 검사 중: C:\Users\HP\Downloads
2025-11-13 16:58:25 - wf_korean_filename_normalizer - INFO - log_message:1100 - 총 181개 파일을 검사합니다.
2025-11-13 16:58:25 - wf_korean_filename_normalizer - INFO - log_message:1100 - 검사 중: (FST) 직무분류 체계 3차_20250415.pptx
2025-11-13 16:58:25 - wf_korean_filename_normalizer - INFO - log_message:1100 - 검사 중: (FST) 킥오프 미팅 회의록.hwp
2025-11-13 16:58:25 - wf_korean_filename_normalizer - INFO - log_message:1100 - 검사 중: (GST) IR_2Q_2025_KOR.pdf
2025-11-13 16:58:25 - wf_korean_filename_normalizer - INFO - log_message:1100 - 검사 중: (교육생공유용) 성공하는 디지털 전환 전략_ 개념부터 사례까지-20250918T010221Z-1-001.zip
2025-11-13 16:58:25 - wf_korean_filename_normalizer - INFO - log_message:1100 - 검사 중: (배포용) 기술 세미나 강의자료_다크팩토리의 혁신.pdf
2025-11-13 16:58:25 - wf_korean_filename_normalizer - INFO - log_message:1100 - 검사 중: (별첨) 다면진단지 7종_통합본_250523_작성.xlsx
2025-11-13 16:58:25 - wf_korean_filename_normalizer - INFO - log_message:1100 - 검사 중: (붙임 2) '25년 예비창업패키지 2단계 지원 대상자 재협약체결 관련 자료.zip
2025-11-13 16:58:25 - wf_korean_filename_normalizer - INFO - log_message:1100 - 검사 중: (신청서)2024년_중소기업_녹색인증_컨설팅_지원사업_컨설팅_전문가_모집공고_붙임1-4.hwp
2025-11-13 16:58:25 - wf_korean_filename_normalizer - INFO - log_message:1100 - 검사 중: (양식)정보보호 전문기업 최초 지정신청 엑셀양식_2401.xlsx
2025-11-13 16:58:25 - wf_korean_filename_normalizer - INFO - log_message:1100 - 검사 중: 09월-사업비지급승인요청서-클로드.pdf
2025-11-13 16:58:25 - wf_korean_filename_normalizer - INFO - log_message:1100 - 검사 중: 1. 상담신청서(제1호 서식).hwp
2025-11-13 16:58:25 - wf_korean_filename_normalizer - INFO - log_message:1100 - 검사 중: 2-2. (양식) 2025 디지털혁신 중견기업 육성사업 POC 프로젝트 결과보고서.hwp
2025-11-13 16:58:25 - wf_korean_filename_normalizer - INFO - log_message:1100 - 검사 중: 2020+엔젤투자+알아야+성공한다.pdf
2025-11-13 16:58:25 - wf_korean_filename_normalizer - INFO - log_message:1100 - 검사 중: 2025 디지털혁신중견기업육성사업 DX챌린지진단 결과보고서_화승-v0.8.pptx
2025-11-13 16:58:25 - wf_korean_filename_normalizer - INFO - log_message:1100 - NFC 정규화: 2025 디지털혁신중견기업육성사업 DX챌린지진단 결과보고서_화승-v0.8.pptx → 2025 디지털혁신중견기업육성사업 DX챌린지진단 결과보고서_화승-v0.8.pptx
2025-11-13 16:58:25 - wf_korean_filename_normalizer - INFO - log_message:1100 - 자소 분리 파일 발견: 2025 디지털혁신중견기업육성사업 DX챌린지진단 결과보고서_화승-v0.8.pptx → 2025 디지털혁신중견기업육성사업 DX챌린지진단 결과보고서_화승-v0.8.pptx
2025-11-13 16:58:25 - wf_korean_filename_normalizer - INFO - log_message:1100 - 검사 중: 2025 디지털혁신중견기업육성사업 DX챌린지진단 결과보고서.pptx
2025-11-13 16:58:25 - wf_korean_filename_normalizer - INFO - log_message:1100 - 검사 중: 2025 산업일자리전환 전문컨설팅 완료보고_세인아이엔디_251104.pptx
2025-11-13 16:58:25 - wf_korean_filename_normalizer - INFO - log_message:1100 - 검사 중: 2025 산업일자리전환 지원사업 안내 브로셔 250728.pdf
2025-11-13 16:58:25 - wf_korean_filename_normalizer - INFO - log_message:1100 - 검사 중: 20251104.txt
2025-11-13 16:58:25 - wf_korean_filename_normalizer - INFO - log_message:1100 - 검사 중: 2025_산업일자리전환_전문컨설팅_중간보고_더스킨팩토리_251022_완성.pptx
2025-11-13 16:58:25 - wf_korean_filename_normalizer - INFO - log_message:1100 - 검사 중: 2025_산업일자리전환_전문컨설팅_중간보고서_에프에스티_완성본.pptx
2025-11-13 16:58:25 - wf_korean_filename_normalizer - INFO - log_message:1100 - 검사 중: 2025_산업일자리전환_전문컨설팅_중간보고서_에프에스티_완성본_1.pptx
2025-11-13 16:58:25 - wf_korean_filename_normalizer - INFO - log_message:1100 - 검사 중: 2025년 예비창업패키지(일반분야) 스타트업 시장소비자검증 프로그램 안내문.pdf
2025-11-13 16:58:25 - wf_korean_filename_normalizer - INFO - log_message:1100 - 검사 중: 2025년 예비창업패키지(일반분야) 스타트업 시장소비자검증 프로그램 참가신청서(양식).hwp
2025-11-13 16:58:25 - wf_korean_filename_normalizer - INFO - log_message:1100 - 검사 중: 2025년 하반기 데이터거래사 신청 공고 .zip
2025-11-13 16:58:25 - wf_korean_filename_normalizer - INFO - log_message:1100 - 검사 중: 2025년+명지녹산+스마트그린+AX+실증산단+구축+사업+지원계획+통합공고(2025_11_04).hwp
2025-11-13 16:58:25 - wf_korean_filename_normalizer - INFO - log_message:1100 - 검사 중: 2_개인기업_일반_확인서발급절차(2025).pdf
2025-11-13 16:58:25 - wf_korean_filename_normalizer - INFO - log_message:1100 - 검사 중: 3-1.png
2025-11-13 16:58:25 - wf_korean_filename_normalizer - INFO - log_message:1100 - 검사 중: 3-14. 구매승인요청서-07월.hwp
2025-11-13 16:58:25 - wf_korean_filename_normalizer - INFO - log_message:1100 - 검사 중: 3. 사업주 직업능력개발훈련.pdf
2025-11-13 16:58:25 - wf_korean_filename_normalizer - INFO - log_message:1100 - 검사 중: 35. 스마트제조_01 통합보고서_250116.pdf
2025-11-13 16:58:25 - wf_korean_filename_normalizer - INFO - log_message:1100 - 검사 중: 35. 스마트제조_02 품목보고서_02. AI 스마트 제조용 제어 관리 시스템_250116.pdf
2025-11-13 16:58:25 - wf_korean_filename_normalizer - INFO - log_message:1100 - 검사 중: 35. 스마트제조_02 품목보고서_04. 스마트제조용 디지털 트윈 시스템_250116.pdf
2025-11-13 16:58:25 - wf_korean_filename_normalizer - INFO - log_message:1100 - 검사 중: 40회_문제1_물적생산성과가치생산성.md
2025-11-13 16:58:25 - wf_korean_filename_normalizer - INFO - log_message:1100 - 검사 중: 5398995166.pdf
2025-11-13 16:58:25 - wf_korean_filename_normalizer - INFO - log_message:1100 - 검사 중: AAS_기반의_데이터_수집_플랫폼_및_데이터_분석(4p).pdf
2025-11-13 16:58:25 - wf_korean_filename_normalizer - INFO - log_message:1100 - 검사 중: black1.jpg
2025-11-13 16:58:25 - wf_korean_filename_normalizer - INFO - log_message:1100 - 검사 중: black2.jpg
2025-11-13 16:58:25 - wf_korean_filename_normalizer - INFO - log_message:1100 - 검사 중: black3.jpg
2025-11-13 16:58:25 - wf_korean_filename_normalizer - INFO - log_message:1100 - 검사 중: brochure-fee.pdf
2025-11-13 16:58:25 - wf_korean_filename_normalizer - INFO - log_message:1100 - 검사 중: brochure-wipsclip.pdf
2025-11-13 16:58:25 - wf_korean_filename_normalizer - INFO - log_message:1100 - 검사 중: client_secret_390587318222-k090uilf1an7minlpnk23rea9mdekfgj.apps.googleusercontent.com.json
2025-11-13 16:58:25 - wf_korean_filename_normalizer - INFO - log_message:1100 - 검사 중: comet_installer_latest.exe
2025-11-13 16:58:25 - wf_korean_filename_normalizer - INFO - log_message:1100 - 검사 중: DX WHAT 워크시트 양식.docx
2025-11-13 16:58:25 - wf_korean_filename_normalizer - INFO - log_message:1100 - 검사 중: DX WHY 워크시트 양식.docx
2025-11-13 16:58:25 - wf_korean_filename_normalizer - INFO - log_message:1100 - 검사 중: export_019a6485-2475-4332-8103-58895048aa8e.pptx
2025-11-13 16:58:25 - wf_korean_filename_normalizer - INFO - log_message:1100 - 검사 중: FindAgentSetup.exe
2025-11-13 16:58:25 - wf_korean_filename_normalizer - INFO - log_message:1100 - 검사 중: FirmwareUpdateTool_3.2.276959_x64.exe
2025-11-13 16:58:25 - wf_korean_filename_normalizer - INFO - log_message:1100 - 검사 중: FSWSSSetup.exe
2025-11-13 16:58:25 - wf_korean_filename_normalizer - INFO - log_message:1100 - 검사 중: fwd.zip
2025-11-13 16:58:25 - wf_korean_filename_normalizer - INFO - log_message:1100 - 검사 중: Git-2.51.0-64-bit.exe
2025-11-13 16:58:25 - wf_korean_filename_normalizer - INFO - log_message:1100 - 검사 중: github-insunglee-worksfree-receipt-2025-10-30.pdf
2025-11-13 16:58:25 - wf_korean_filename_normalizer - INFO - log_message:1100 - 검사 중: HPEasyStart-16.2.2-OJP9730_60_0_1882_Webpack.exe
2025-11-13 16:58:25 - wf_korean_filename_normalizer - INFO - log_message:1100 - 검사 중: KED_20250922095734_19000101_H01_1_87218063642922_2_1_2111122314000.pdf
2025-11-13 16:58:25 - wf_korean_filename_normalizer - INFO - log_message:1100 - 검사 중: KOS_Setup_1320.exe
2025-11-13 16:58:25 - wf_korean_filename_normalizer - INFO - log_message:1100 - 검사 중: MaintenanceDiagnostic.diagcab
2025-11-13 16:58:25 - wf_korean_filename_normalizer - INFO - log_message:1100 - 검사 중: Notion Setup 4.19.0.exe
2025-11-13 16:58:25 - wf_korean_filename_normalizer - INFO - log_message:1100 - 검사 중: Perplexity Setup 1.4.0 (1).exe
2025-11-13 16:58:25 - wf_korean_filename_normalizer - INFO - log_message:1100 - 검사 중: Perplexity Setup 1.4.0.exe
2025-11-13 16:58:25 - wf_korean_filename_normalizer - INFO - log_message:1100 - 검사 중: python-3.13.7-amd64.exe
2025-11-13 16:58:25 - wf_korean_filename_normalizer - INFO - log_message:1100 - 검사 중: R&D 통합 관리 플랫폼 구축 전략.pptx
2025-11-13 16:58:25 - wf_korean_filename_normalizer - INFO - log_message:1100 - 검사 중: RD_통합관리플랫폼_제안서.pptx
2025-11-13 16:58:25 - wf_korean_filename_normalizer - INFO - log_message:1100 - 검사 중: Receipt-2416-7189-9130.pdf
2025-11-13 16:58:25 - wf_korean_filename_normalizer - INFO - log_message:1100 - 검사 중: Re_ 완료보고 초안 검토 요청.eml
2025-11-13 16:58:25 - wf_korean_filename_normalizer - INFO - log_message:1100 - 검사 중: RnD_ASIS_TOBE_2장_인포그래픽.pptx
2025-11-13 16:58:25 - wf_korean_filename_normalizer - INFO - log_message:1100 - 검사 중: RnD_ASIS_TOBE_2장_전략계획.pptx
2025-11-13 16:58:25 - wf_korean_filename_normalizer - INFO - log_message:1100 - 검사 중: RnD_ASIS_TOBE_전환전략.pptx
2025-11-13 16:58:25 - wf_korean_filename_normalizer - INFO - log_message:1100 - 검사 중: RnD_IP_2Track_고도화_전략.pptx
2025-11-13 16:58:25 - wf_korean_filename_normalizer - INFO - log_message:1100 - 검사 중: RnD_통합관리_플랫폼_필요도출.pptx
2025-11-13 16:58:25 - wf_korean_filename_normalizer - INFO - log_message:1100 - 검사 중: RnD_통합관리_플랫폼_필요도출_비즈니스형.pptx
2025-11-13 16:58:25 - wf_korean_filename_normalizer - INFO - log_message:1100 - 검사 중: rpa_demo2.zip
2025-11-13 16:58:25 - wf_korean_filename_normalizer - INFO - log_message:1100 - 검사 중: SOLIDWORKS 3D CAD 라이선스 견적서_웍스프리_251029 (1).pdf
2025-11-13 16:58:25 - wf_korean_filename_normalizer - INFO - log_message:1100 - 검사 중: SOLIDWORKS 3D CAD 라이선스 견적서_웍스프리_251029.pdf
2025-11-13 16:58:25 - wf_korean_filename_normalizer - INFO - log_message:1100 - 검사 중: SOLIDWORKS 3D CAD 영구 라이선스 최종 견적서_웍스프리_250627.pdf
2025-11-13 16:58:25 - wf_korean_filename_normalizer - INFO - log_message:1100 - 검사 중: SOLIDWORKS 3D CAD,Autocad 라이선스 견적서_웍스프리_251029.pdf
2025-11-13 16:58:25 - wf_korean_filename_normalizer - INFO - log_message:1100 - 검사 중: sp136712.exe
2025-11-13 16:58:25 - wf_korean_filename_normalizer - INFO - log_message:1100 - 검사 중: sp154796.exe
2025-11-13 16:58:25 - wf_korean_filename_normalizer - INFO - log_message:1100 - 검사 중: sp160381.exe
2025-11-13 16:58:25 - wf_korean_filename_normalizer - INFO - log_message:1100 - 검사 중: TSF_리컬럼 도입 관련 Check List_코그콤 답변_2508.xlsx
2025-11-13 16:58:25 - wf_korean_filename_normalizer - INFO - log_message:1100 - 검사 중: veraport-g3-x64.exe
2025-11-13 16:58:25 - wf_korean_filename_normalizer - INFO - log_message:1100 - 검사 중: VestCertSetup_v2.5.39_105.exe
2025-11-13 16:58:25 - wf_korean_filename_normalizer - INFO - log_message:1100 - 검사 중: VSCodeUserSetup-x64-1.104.1.exe
2025-11-13 16:58:25 - wf_korean_filename_normalizer - INFO - log_message:1100 - 검사 중: [더스킨팩토리] API 연동 개발 견적서.pdf
2025-11-13 16:58:25 - wf_korean_filename_normalizer - INFO - log_message:1100 - 검사 중: [양식] 2025 산업일자리전환 전문컨설팅 사전진단보고서_더스킨팩토리_250930.pptx
2025-11-13 16:58:25 - wf_korean_filename_normalizer - INFO - log_message:1100 - 검사 중: [양식] 2025 산업일자리전환 전문컨설팅 완료보고서_수진기업명_250717.pdf
2025-11-13 16:58:25 - wf_korean_filename_normalizer - INFO - log_message:1100 - 검사 중: [양식] 2025 산업일자리전환 전문컨설팅 환경분석(내부)_더스킨팩토리 ver 1.0.pptx
2025-11-13 16:58:25 - wf_korean_filename_normalizer - INFO - log_message:1100 - 검사 중: [웍스프리] 2025년 예비창업패키지 창업기업 협약 변경 승인 요청서_이인성.hwp
2025-11-13 16:58:25 - wf_korean_filename_normalizer - INFO - log_message:1100 - 검사 중: [월악산]+닷돈재1+야영장.jpg
2025-11-13 16:58:25 - wf_korean_filename_normalizer - INFO - log_message:1100 - 검사 중: [참고]_2020년_예비창업패키지_세부_관리기준.pdf
2025-11-13 16:58:25 - wf_korean_filename_normalizer - INFO - log_message:1100 - 검사 중: [코그콤] GMV보고서_1차 분석 관련_20250912.zip
2025-11-13 16:58:25 - wf_korean_filename_normalizer - INFO - log_message:1100 - 검사 중: 완료검수서 및 결과보고서.hwp
2025-11-13 16:58:25 - wf_korean_filename_normalizer - INFO - log_message:1100 - NFC 정규화: 완료검수서 및 결과보고서.hwp → 완료검수서 및 결과보고서.hwp
2025-11-13 16:58:25 - wf_korean_filename_normalizer - INFO - log_message:1100 - 자소 분리 파일 발견: 완료검수서 및 결과보고서.hwp → 완료검수서 및 결과보고서.hwp
2025-11-13 16:58:25 - wf_korean_filename_normalizer - INFO - log_message:1100 - 검사 중: 가비아-카드영수증.pdf
2025-11-13 16:58:25 - wf_korean_filename_normalizer - INFO - log_message:1100 - 검사 중: 가비아_견적서 (1).pdf
2025-11-13 16:58:25 - wf_korean_filename_normalizer - INFO - log_message:1100 - 검사 중: 가비아_견적서.pdf
2025-11-13 16:58:25 - wf_korean_filename_normalizer - INFO - log_message:1100 - 검사 중: 고용노동부_산업일자리전환 지원사업 착수회의_0919.hwp
2025-11-13 16:58:25 - wf_korean_filename_normalizer - INFO - log_message:1100 - 검사 중: 공고_2025년 창업지원센터 청년관 신규 청년기업 모집 공고(최종).hwp
2025-11-13 16:58:25 - wf_korean_filename_normalizer - INFO - log_message:1100 - 검사 중: 권한대표자_권한등확인서.docx
2025-11-13 16:58:25 - wf_korean_filename_normalizer - INFO - log_message:1100 - 검사 중: 글로벌_IP_관리_선도사례_벤치마킹.pptx
2025-11-13 16:58:25 - wf_korean_filename_normalizer - INFO - log_message:1100 - 검사 중: 디지털 산업혁신 성숙도 진단_커스텀양식.pdf
2025-11-13 16:58:25 - wf_korean_filename_normalizer - INFO - log_message:1100 - 검사 중: 리플렛(사업주_자체훈련)_한국산업인력공단_인천지역본부.pdf
2025-11-13 16:58:25 - wf_korean_filename_normalizer - INFO - log_message:1100 - 검사 중: 매출 전자세금계산서 목록.pdf
2025-11-13 16:58:25 - wf_korean_filename_normalizer - INFO - log_message:1100 - 검사 중: 별첨5. 컨설팅 수행 실적 증명서.hwp
2025-11-13 16:58:25 - wf_korean_filename_normalizer - INFO - log_message:1100 - 검사 중: 붙임1. 생성형 AI 활용 창업 컨설팅 실무 교육 공고(안).hwp
2025-11-13 16:58:25 - wf_korean_filename_normalizer - INFO - log_message:1100 - 검사 중: 붙임1. 생성형 AI 활용 창업 컨설팅 실무 교육 공고(안).pdf
2025-11-13 16:58:25 - wf_korean_filename_normalizer - INFO - log_message:1100 - 검사 중: 붙임1.pdf
2025-11-13 16:58:25 - wf_korean_filename_normalizer - INFO - log_message:1100 - 검사 중: 붙임1_2025년 예비창업패키지 창업기업 협약 변경 승인 요청서_대표자명.hwp
2025-11-13 16:58:25 - wf_korean_filename_normalizer - INFO - log_message:1100 - 검사 중: 붙임2. 신규 지도사 본회 정회원 가입 안내(제40기)_vf.pdf
2025-11-13 16:58:25 - wf_korean_filename_normalizer - INFO - log_message:1100 - 검사 중: 붙임2. 신청서식.zip
2025-11-13 16:58:25 - wf_korean_filename_normalizer - INFO - log_message:1100 - 검사 중: 붙임2_예비창업패키지 창업기업등 사업비 비목 해설표(최종).hwp
2025-11-13 16:58:25 - wf_korean_filename_normalizer - INFO - log_message:1100 - 검사 중: 붙임3.+창업혁신공간+남부권(수원)+층별+입주공간+현황.pdf
2025-11-13 16:58:25 - wf_korean_filename_normalizer - INFO - log_message:1100 - 검사 중: 사업자등록증명.pdf
2025-11-13 16:58:25 - wf_korean_filename_normalizer - INFO - log_message:1100 - 검사 중: 사용내역조회_사업비사용내역.xlsx
2025-11-13 16:58:25 - wf_korean_filename_normalizer - INFO - log_message:1100 - 검사 중: 산업데이터활용수준_평가.xlsx
2025-11-13 16:58:25 - wf_korean_filename_normalizer - INFO - log_message:1100 - 검사 중: 상품 마스터 및 추가 정보 전달.zip
2025-11-13 16:58:25 - wf_korean_filename_normalizer - INFO - log_message:1100 - 검사 중: 세계 일류 R&D 기업의 혁신과 IP 전략 (1).pdf
2025-11-13 16:58:25 - wf_korean_filename_normalizer - INFO - log_message:1100 - 검사 중: 세계 일류 R&D 기업의 혁신과 IP 전략.pdf
2025-11-13 16:58:25 - wf_korean_filename_normalizer - INFO - log_message:1100 - 검사 중: 세인아이엔디 3차 미팅.txt
2025-11-13 16:58:25 - wf_korean_filename_normalizer - INFO - log_message:1100 - 검사 중: 시안1.png
2025-11-13 16:58:25 - wf_korean_filename_normalizer - INFO - log_message:1100 - 검사 중: 시안2.png
2025-11-13 16:58:25 - wf_korean_filename_normalizer - INFO - log_message:1100 - 검사 중: 신용카드 매출누계액 캡처 (1).png
2025-11-13 16:58:25 - wf_korean_filename_normalizer - INFO - log_message:1100 - 검사 중: 신용카드 매출누계액 캡처.png
2025-11-13 16:58:25 - wf_korean_filename_normalizer - INFO - log_message:1100 - 검사 중: 언론보도 송출을 위한 요건정의서_웍스프리.xlsx
2025-11-13 16:58:25 - wf_korean_filename_normalizer - INFO - log_message:1100 - 검사 중: 엠에스제이 2차 미팅.txt
2025-11-13 16:58:25 - wf_korean_filename_normalizer - INFO - log_message:1100 - 검사 중: 연세대_PLM_240411.pdf
2025-11-13 16:58:25 - wf_korean_filename_normalizer - INFO - log_message:1100 - 검사 중: 웍스프리-사업자등록증-2025.08.18.pdf
2025-11-13 16:58:25 - wf_korean_filename_normalizer - INFO - log_message:1100 - 검사 중: 웍스프리.zip
2025-11-13 16:58:25 - wf_korean_filename_normalizer - INFO - log_message:1100 - 검사 중: 웍스프리_결과보고서.pdf
2025-11-13 16:58:25 - wf_korean_filename_normalizer - INFO - log_message:1100 - 검사 중: 웍스프리_수행계획서-수정본.docx
2025-11-13 16:58:25 - wf_korean_filename_normalizer - INFO - log_message:1100 - 검사 중: 입장문(당선무효자의 위법 행위에 대한 소송제기).pdf
2025-11-13 16:58:25 - wf_korean_filename_normalizer - INFO - log_message:1100 - 검사 중: 전자세금계산서 매출누계액 캡처 (1).png
2025-11-13 16:58:25 - wf_korean_filename_normalizer - INFO - log_message:1100 - 검사 중: 전자세금계산서 매출누계액 캡처.png
2025-11-13 16:58:25 - wf_korean_filename_normalizer - INFO - log_message:1100 - 검사 중: 중간보고 박자림 대리.txt
2025-11-13 16:58:25 - wf_korean_filename_normalizer - INFO - log_message:1100 - 검사 중: 진단신청 기업(3개사).zip
2025-11-13 16:58:25 - wf_korean_filename_normalizer - INFO - log_message:1100 - 검사 중: 첨부+3.+스마트공장+수준확인제도+자가진단지+v1.2.xlsx
2025-11-13 16:58:25 - wf_korean_filename_normalizer - INFO - log_message:1100 - 검사 중: 카이스트_PLM_GPT_설계부문_활용_방안_20240412-F-송부_3.pdf
2025-11-13 16:58:25 - wf_korean_filename_normalizer - INFO - log_message:1100 - 검사 중: 프리즘(주)_dell 에일리언 64GB(한컴,오피스)_웍스프리_251029.pdf
2025-11-13 16:58:25 - wf_korean_filename_normalizer - INFO - log_message:1100 - 검사 중: 현금영수증 매출누계액 캡처 (1).png
2025-11-13 16:58:25 - wf_korean_filename_normalizer - INFO - log_message:1100 - 검사 중: 현금영수증 매출누계액 캡처.png
2025-11-13 16:58:25 - wf_korean_filename_normalizer - INFO - log_message:1100 - 검사 중: 환경분석(내부)_에프에스티 회신.pptx
2025-11-13 16:58:25 - wf_korean_filename_normalizer - INFO - log_message:1100 - 검사 중: 1-1.png
2025-11-13 16:58:25 - wf_korean_filename_normalizer - INFO - log_message:1100 - 검사 중: 1-2.png
2025-11-13 16:58:25 - wf_korean_filename_normalizer - INFO - log_message:1100 - 검사 중: 2-1.png
2025-11-13 16:58:25 - wf_korean_filename_normalizer - INFO - log_message:1100 - 검사 중: 2-2.png
2025-11-13 16:58:25 - wf_korean_filename_normalizer - INFO - log_message:1100 - 검사 중: 3-1 (로고&QR코드 위치변경).png
2025-11-13 16:58:25 - wf_korean_filename_normalizer - INFO - log_message:1100 - 검사 중: 3-1.png
2025-11-13 16:58:25 - wf_korean_filename_normalizer - INFO - log_message:1100 - 검사 중: 3-2 (로고&QR코드 위치변경).png
2025-11-13 16:58:25 - wf_korean_filename_normalizer - INFO - log_message:1100 - 검사 중: 3-2.png
2025-11-13 16:58:25 - wf_korean_filename_normalizer - INFO - log_message:1100 - 검사 중: 4-1.png
2025-11-13 16:58:25 - wf_korean_filename_normalizer - INFO - log_message:1100 - 검사 중: 4-2.png
2025-11-13 16:58:25 - wf_korean_filename_normalizer - INFO - log_message:1100 - 검사 중: InstallAll.cmd
2025-11-13 16:58:25 - wf_korean_filename_normalizer - INFO - log_message:1100 - 검사 중: Readme (20250919 153407).html
2025-11-13 16:58:25 - wf_korean_filename_normalizer - INFO - log_message:1100 - 검사 중: sp136712.cva
2025-11-13 16:58:25 - wf_korean_filename_normalizer - INFO - log_message:1100 - 검사 중: sp136712.exe
2025-11-13 16:58:25 - wf_korean_filename_normalizer - INFO - log_message:1100 - 검사 중: sp136712.html
2025-11-13 16:58:25 - wf_korean_filename_normalizer - INFO - log_message:1100 - 검사 중: sp154796.cva
2025-11-13 16:58:25 - wf_korean_filename_normalizer - INFO - log_message:1100 - 검사 중: sp154796.exe
2025-11-13 16:58:25 - wf_korean_filename_normalizer - INFO - log_message:1100 - 검사 중: sp154796.html
2025-11-13 16:58:25 - wf_korean_filename_normalizer - INFO - log_message:1100 - 검사 중: sp157960.cva
2025-11-13 16:58:25 - wf_korean_filename_normalizer - INFO - log_message:1100 - 검사 중: sp157960.exe
2025-11-13 16:58:25 - wf_korean_filename_normalizer - INFO - log_message:1100 - 검사 중: sp157960.html
2025-11-13 16:58:25 - wf_korean_filename_normalizer - INFO - log_message:1100 - 검사 중: 2025 디지털혁신중견기업육성사업 DX챌린지진단 결과보고서_화승-v0.8.pptx
2025-11-13 16:58:25 - wf_korean_filename_normalizer - INFO - log_message:1100 - 검사 중: 2025 디지털혁신중견기업육성사업 DX챌린지진단 결과보고서_화승-v0.8_1.pptx
2025-11-13 16:58:25 - wf_korean_filename_normalizer - INFO - log_message:1100 - 검사 중: DX WHAT 워크시트 양식.docx
2025-11-13 16:58:25 - wf_korean_filename_normalizer - INFO - log_message:1100 - 검사 중: DX WHY 워크시트 양식.docx
2025-11-13 16:58:25 - wf_korean_filename_normalizer - INFO - log_message:1100 - 검사 중: 연세대_PLM_240411.pdf
2025-11-13 16:58:25 - wf_korean_filename_normalizer - INFO - log_message:1100 - 검사 중: 완료검수서 및 결과보고서.hwp
2025-11-13 16:58:25 - wf_korean_filename_normalizer - INFO - log_message:1100 - 검사 중: 완료검수서 및 결과보고서_1.hwp
2025-11-13 16:58:25 - wf_korean_filename_normalizer - INFO - log_message:1100 - 검사 중: 웍스프리-사업자등록증-2025.08.18.pdf
2025-11-13 16:58:25 - wf_korean_filename_normalizer - INFO - log_message:1100 - 검사 중: 입장문(당선무효자의 위법 행위에 대한 소송제기).pdf
2025-11-13 16:58:25 - wf_korean_filename_normalizer - INFO - log_message:1100 - 검사 중: 카이스트_PLM_GPT_설계부문_활용_방안_20240412-F-송부_3.pdf
2025-11-13 16:58:25 - wf_korean_filename_normalizer - INFO - log_message:1100 - 검사 중: 2025년도 AX 수주진단 신청서 (마이텍).pdf
2025-11-13 16:58:25 - wf_korean_filename_normalizer - INFO - log_message:1100 - 검사 중: Company Profile of Mytec(한글본) 20251016.pdf
2025-11-13 16:58:25 - wf_korean_filename_normalizer - INFO - log_message:1100 - 검사 중: (붙임. 1) 2025년 AX 수준진단_수요기업_모집신청서_앤써.pdf
2025-11-13 16:58:25 - wf_korean_filename_normalizer - INFO - log_message:1100 - 검사 중: 앤써_카달로그.pdf
2025-11-13 16:58:25 - wf_korean_filename_normalizer - INFO - log_message:1100 - 검사 중: 1.2025년 AX 수준진단_수요기업_모집신청서_주식회사 동서기연.pdf
2025-11-13 16:58:25 - wf_korean_filename_normalizer - INFO - log_message:1100 - 검사 중: 2.회사소개서_주식회사 동서기연.pdf
2025-11-13 16:58:25 - wf_korean_filename_normalizer - INFO - log_message:1100 - 검사 중: 2025 디지털혁신중견기업육성사업 DX챌린지진단 결과보고서_화승-v0.8.pptx
2025-11-13 16:58:25 - wf_korean_filename_normalizer - INFO - log_message:1100 - 검사 중: 완료검수서 및 결과보고서.hwp
2025-11-13 16:58:25 - wf_korean_filename_normalizer - INFO - log_message:1100 - 검사 중: 2025 디지털혁신중견기업육성사업 DX챌린지진단 결과보고서_화승-v0.8.pptx
2025-11-13 16:58:25 - wf_korean_filename_normalizer - INFO - log_message:1100 - NFC 정규화: 2025 디지털혁신중견기업육성사업 DX챌린지진단 결과보고서_화승-v0.8.pptx → 2025 디지털혁신중견기업육성사업 DX챌린지진단 결과보고서_화승-v0.8.pptx
2025-11-13 16:58:25 - wf_korean_filename_normalizer - INFO - log_message:1100 - 자소 분리 파일 발견: 2025 디지털혁신중견기업육성사업 DX챌린지진단 결과보고서_화승-v0.8.pptx → 2025 디지털혁신중견기업육성사업 DX챌린지진단 결과보고서_화승-v0.8.pptx
2025-11-13 16:58:25 - wf_korean_filename_normalizer - INFO - log_message:1100 - 검사 중: 완료검수서 및 결과보고서.hwp
2025-11-13 16:58:25 - wf_korean_filename_normalizer - INFO - log_message:1100 - NFC 정규화: 완료검수서 및 결과보고서.hwp → 완료검수서 및 결과보고서.hwp
2025-11-13 16:58:25 - wf_korean_filename_normalizer - INFO - log_message:1100 - 자소 분리 파일 발견: 완료검수서 및 결과보고서.hwp → 완료검수서 및 결과보고서.hwp
2025-11-13 16:58:25 - wf_korean_filename_normalizer - INFO - log_message:1100 - 검사 중: 2025 디지털혁신중견기업육성사업 DX챌린지진단 결과보고서_화승-v0.8.pptx
2025-11-13 16:58:25 - wf_korean_filename_normalizer - INFO - log_message:1100 - NFC 정규화: 2025 디지털혁신중견기업육성사업 DX챌린지진단 결과보고서_화승-v0.8.pptx → 2025 디지털혁신중견기업육성사업 DX챌린지진단 결과보고서_화승-v0.8.pptx
2025-11-13 16:58:25 - wf_korean_filename_normalizer - INFO - log_message:1100 - 자소 분리 파일 발견: 2025 디지털혁신중견기업육성사업 DX챌린지진단 결과보고서_화승-v0.8.pptx → 2025 디지털혁신중견기업육성사업 DX챌린지진단 결과보고서_화승-v0.8.pptx
2025-11-13 16:58:25 - wf_korean_filename_normalizer - INFO - log_message:1100 - 검사 중: 완료검수서 및 결과보고서.hwp
2025-11-13 16:58:25 - wf_korean_filename_normalizer - INFO - log_message:1100 - NFC 정규화: 완료검수서 및 결과보고서.hwp → 완료검수서 및 결과보고서.hwp
2025-11-13 16:58:25 - wf_korean_filename_normalizer - INFO - log_message:1100 - 자소 분리 파일 발견: 완료검수서 및 결과보고서.hwp → 완료검수서 및 결과보고서.hwp
2025-11-13 16:58:25 - wf_korean_filename_normalizer - INFO - log_message:1100 - 자소 분리 파일 6개 발견
2025-11-13 16:58:25 - wf_korean_filename_normalizer - INFO - log_message:1100 - 파일 변환 시작: 6개 파일
2025-11-13 16:58:25 - wf_korean_filename_normalizer - INFO - log_message:1100 - 변환 완료: 2025 디지털혁신중견기업육성사업 DX챌린지진단 결과보고서_화승-v0.8.pptx → 2025 디지털혁신중견기업육성사업 DX챌린지진단 결과보고서_화승-v0.8_2.pptx
2025-11-13 16:58:25 - wf_korean_filename_normalizer - INFO - log_message:1100 - 변환 완료: 완료검수서 및 결과보고서.hwp → 완료검수서 및 결과보고서_2.hwp
2025-11-13 16:58:25 - wf_korean_filename_normalizer - INFO - log_message:1100 - 변환 완료: 2025 디지털혁신중견기업육성사업 DX챌린지진단 결과보고서_화승-v0.8.pptx → 2025 디지털혁신중견기업육성사업 DX챌린지진단 결과보고서_화승-v0.8_1.pptx
2025-11-13 16:58:25 - wf_korean_filename_normalizer - INFO - log_message:1100 - 변환 완료: 완료검수서 및 결과보고서.hwp → 완료검수서 및 결과보고서_1.hwp
2025-11-13 16:58:25 - wf_korean_filename_normalizer - INFO - log_message:1100 - 변환 완료: 2025 디지털혁신중견기업육성사업 DX챌린지진단 결과보고서_화승-v0.8.pptx → 2025 디지털혁신중견기업육성사업 DX챌린지진단 결과보고서_화승-v0.8.pptx
2025-11-13 16:58:25 - wf_korean_filename_normalizer - INFO - log_message:1100 - 변환 완료: 완료검수서 및 결과보고서.hwp → 완료검수서 및 결과보고서.hwp
2025-11-13 16:58:25 - wf_korean_filename_normalizer - INFO - log_message:1100 - 변환 완료: 6개 파일 처리
2025-11-13 16:59:07 - wf_korean_filename_normalizer - INFO - log_message:1100 - 폴더 검사 중: C:\Users\HP\Downloads
2025-11-13 16:59:07 - wf_korean_filename_normalizer - INFO - log_message:1100 - 총 189개 파일을 검사합니다.
2025-11-13 16:59:07 - wf_korean_filename_normalizer - INFO - log_message:1100 - 검사 중: (FST) 직무분류 체계 3차_20250415.pptx
2025-11-13 16:59:07 - wf_korean_filename_normalizer - INFO - log_message:1100 - 검사 중: (FST) 킥오프 미팅 회의록.hwp
2025-11-13 16:59:07 - wf_korean_filename_normalizer - INFO - log_message:1100 - 검사 중: (GST) IR_2Q_2025_KOR.pdf
2025-11-13 16:59:07 - wf_korean_filename_normalizer - INFO - log_message:1100 - 검사 중: (교육생공유용) 성공하는 디지털 전환 전략_ 개념부터 사례까지-20250918T010221Z-1-001.zip
2025-11-13 16:59:07 - wf_korean_filename_normalizer - INFO - log_message:1100 - 검사 중: (배포용) 기술 세미나 강의자료_다크팩토리의 혁신.pdf
2025-11-13 16:59:07 - wf_korean_filename_normalizer - INFO - log_message:1100 - 검사 중: (별첨) 다면진단지 7종_통합본_250523_작성.xlsx
2025-11-13 16:59:07 - wf_korean_filename_normalizer - INFO - log_message:1100 - 검사 중: (붙임 2) '25년 예비창업패키지 2단계 지원 대상자 재협약체결 관련 자료.zip
2025-11-13 16:59:07 - wf_korean_filename_normalizer - INFO - log_message:1100 - 검사 중: (신청서)2024년_중소기업_녹색인증_컨설팅_지원사업_컨설팅_전문가_모집공고_붙임1-4.hwp
2025-11-13 16:59:07 - wf_korean_filename_normalizer - INFO - log_message:1100 - 검사 중: (양식)정보보호 전문기업 최초 지정신청 엑셀양식_2401.xlsx
2025-11-13 16:59:07 - wf_korean_filename_normalizer - INFO - log_message:1100 - 검사 중: 09월-사업비지급승인요청서-클로드.pdf
2025-11-13 16:59:07 - wf_korean_filename_normalizer - INFO - log_message:1100 - 검사 중: 1. 상담신청서(제1호 서식).hwp
2025-11-13 16:59:07 - wf_korean_filename_normalizer - INFO - log_message:1100 - 검사 중: 2-2. (양식) 2025 디지털혁신 중견기업 육성사업 POC 프로젝트 결과보고서.hwp
2025-11-13 16:59:07 - wf_korean_filename_normalizer - INFO - log_message:1100 - 검사 중: 2020+엔젤투자+알아야+성공한다.pdf
2025-11-13 16:59:07 - wf_korean_filename_normalizer - INFO - log_message:1100 - 검사 중: 2025 디지털혁신중견기업육성사업 DX챌린지진단 결과보고서_화승-v0.8.pptx
2025-11-13 16:59:07 - wf_korean_filename_normalizer - INFO - log_message:1100 - NFC 정규화: 2025 디지털혁신중견기업육성사업 DX챌린지진단 결과보고서_화승-v0.8.pptx → 2025 디지털혁신중견기업육성사업 DX챌린지진단 결과보고서_화승-v0.8.pptx
2025-11-13 16:59:07 - wf_korean_filename_normalizer - INFO - log_message:1100 - 자소 분리 파일 발견: 2025 디지털혁신중견기업육성사업 DX챌린지진단 결과보고서_화승-v0.8.pptx → 2025 디지털혁신중견기업육성사업 DX챌린지진단 결과보고서_화승-v0.8.pptx
2025-11-13 16:59:07 - wf_korean_filename_normalizer - INFO - log_message:1100 - 검사 중: 2025 디지털혁신중견기업육성사업 DX챌린지진단 결과보고서.pptx
2025-11-13 16:59:07 - wf_korean_filename_normalizer - INFO - log_message:1100 - 검사 중: 2025 산업일자리전환 전문컨설팅 완료보고_세인아이엔디_251104.pptx
2025-11-13 16:59:07 - wf_korean_filename_normalizer - INFO - log_message:1100 - 검사 중: 2025 산업일자리전환 지원사업 안내 브로셔 250728.pdf
2025-11-13 16:59:07 - wf_korean_filename_normalizer - INFO - log_message:1100 - 검사 중: 20251104.txt
2025-11-13 16:59:07 - wf_korean_filename_normalizer - INFO - log_message:1100 - 검사 중: 2025_산업일자리전환_전문컨설팅_중간보고_더스킨팩토리_251022_완성.pptx
2025-11-13 16:59:07 - wf_korean_filename_normalizer - INFO - log_message:1100 - 검사 중: 2025_산업일자리전환_전문컨설팅_중간보고서_에프에스티_완성본.pptx
2025-11-13 16:59:07 - wf_korean_filename_normalizer - INFO - log_message:1100 - 검사 중: 2025_산업일자리전환_전문컨설팅_중간보고서_에프에스티_완성본_1.pptx
2025-11-13 16:59:07 - wf_korean_filename_normalizer - INFO - log_message:1100 - 검사 중: 2025년 예비창업패키지(일반분야) 스타트업 시장소비자검증 프로그램 안내문.pdf
2025-11-13 16:59:07 - wf_korean_filename_normalizer - INFO - log_message:1100 - 검사 중: 2025년 예비창업패키지(일반분야) 스타트업 시장소비자검증 프로그램 참가신청서(양식).hwp
2025-11-13 16:59:07 - wf_korean_filename_normalizer - INFO - log_message:1100 - 검사 중: 2025년 하반기 데이터거래사 신청 공고 .zip
2025-11-13 16:59:07 - wf_korean_filename_normalizer - INFO - log_message:1100 - 검사 중: 2025년+명지녹산+스마트그린+AX+실증산단+구축+사업+지원계획+통합공고(2025_11_04).hwp
2025-11-13 16:59:07 - wf_korean_filename_normalizer - INFO - log_message:1100 - 검사 중: 2_개인기업_일반_확인서발급절차(2025).pdf
2025-11-13 16:59:07 - wf_korean_filename_normalizer - INFO - log_message:1100 - 검사 중: 3-1.png
2025-11-13 16:59:07 - wf_korean_filename_normalizer - INFO - log_message:1100 - 검사 중: 3-14. 구매승인요청서-07월.hwp
2025-11-13 16:59:07 - wf_korean_filename_normalizer - INFO - log_message:1100 - 검사 중: 3. 사업주 직업능력개발훈련.pdf
2025-11-13 16:59:07 - wf_korean_filename_normalizer - INFO - log_message:1100 - 검사 중: 35. 스마트제조_01 통합보고서_250116.pdf
2025-11-13 16:59:07 - wf_korean_filename_normalizer - INFO - log_message:1100 - 검사 중: 35. 스마트제조_02 품목보고서_02. AI 스마트 제조용 제어 관리 시스템_250116.pdf
2025-11-13 16:59:07 - wf_korean_filename_normalizer - INFO - log_message:1100 - 검사 중: 35. 스마트제조_02 품목보고서_04. 스마트제조용 디지털 트윈 시스템_250116.pdf
2025-11-13 16:59:07 - wf_korean_filename_normalizer - INFO - log_message:1100 - 검사 중: 40회_문제1_물적생산성과가치생산성.md
2025-11-13 16:59:07 - wf_korean_filename_normalizer - INFO - log_message:1100 - 검사 중: 5398995166.pdf
2025-11-13 16:59:07 - wf_korean_filename_normalizer - INFO - log_message:1100 - 검사 중: AAS_기반의_데이터_수집_플랫폼_및_데이터_분석(4p).pdf
2025-11-13 16:59:07 - wf_korean_filename_normalizer - INFO - log_message:1100 - 검사 중: black1.jpg
2025-11-13 16:59:07 - wf_korean_filename_normalizer - INFO - log_message:1100 - 검사 중: black2.jpg
2025-11-13 16:59:07 - wf_korean_filename_normalizer - INFO - log_message:1100 - 검사 중: black3.jpg
2025-11-13 16:59:07 - wf_korean_filename_normalizer - INFO - log_message:1100 - 검사 중: brochure-fee.pdf
2025-11-13 16:59:07 - wf_korean_filename_normalizer - INFO - log_message:1100 - 검사 중: brochure-wipsclip.pdf
2025-11-13 16:59:07 - wf_korean_filename_normalizer - INFO - log_message:1100 - 검사 중: client_secret_390587318222-k090uilf1an7minlpnk23rea9mdekfgj.apps.googleusercontent.com.json
2025-11-13 16:59:07 - wf_korean_filename_normalizer - INFO - log_message:1100 - 검사 중: comet_installer_latest.exe
2025-11-13 16:59:07 - wf_korean_filename_normalizer - INFO - log_message:1100 - 검사 중: DX WHAT 워크시트 양식.docx
2025-11-13 16:59:07 - wf_korean_filename_normalizer - INFO - log_message:1100 - 검사 중: DX WHY 워크시트 양식.docx
2025-11-13 16:59:07 - wf_korean_filename_normalizer - INFO - log_message:1100 - 검사 중: export_019a6485-2475-4332-8103-58895048aa8e.pptx
2025-11-13 16:59:07 - wf_korean_filename_normalizer - INFO - log_message:1100 - 검사 중: FindAgentSetup.exe
2025-11-13 16:59:07 - wf_korean_filename_normalizer - INFO - log_message:1100 - 검사 중: FirmwareUpdateTool_3.2.276959_x64.exe
2025-11-13 16:59:07 - wf_korean_filename_normalizer - INFO - log_message:1100 - 검사 중: FSWSSSetup.exe
2025-11-13 16:59:07 - wf_korean_filename_normalizer - INFO - log_message:1100 - 검사 중: fwd.zip
2025-11-13 16:59:07 - wf_korean_filename_normalizer - INFO - log_message:1100 - 검사 중: Git-2.51.0-64-bit.exe
2025-11-13 16:59:07 - wf_korean_filename_normalizer - INFO - log_message:1100 - 검사 중: github-insunglee-worksfree-receipt-2025-10-30.pdf
2025-11-13 16:59:07 - wf_korean_filename_normalizer - INFO - log_message:1100 - 검사 중: HPEasyStart-16.2.2-OJP9730_60_0_1882_Webpack.exe
2025-11-13 16:59:07 - wf_korean_filename_normalizer - INFO - log_message:1100 - 검사 중: KED_20250922095734_19000101_H01_1_87218063642922_2_1_2111122314000.pdf
2025-11-13 16:59:07 - wf_korean_filename_normalizer - INFO - log_message:1100 - 검사 중: KOS_Setup_1320.exe
2025-11-13 16:59:07 - wf_korean_filename_normalizer - INFO - log_message:1100 - 검사 중: MaintenanceDiagnostic.diagcab
2025-11-13 16:59:07 - wf_korean_filename_normalizer - INFO - log_message:1100 - 검사 중: Notion Setup 4.19.0.exe
2025-11-13 16:59:07 - wf_korean_filename_normalizer - INFO - log_message:1100 - 검사 중: Perplexity Setup 1.4.0 (1).exe
2025-11-13 16:59:07 - wf_korean_filename_normalizer - INFO - log_message:1100 - 검사 중: Perplexity Setup 1.4.0.exe
2025-11-13 16:59:07 - wf_korean_filename_normalizer - INFO - log_message:1100 - 검사 중: python-3.13.7-amd64.exe
2025-11-13 16:59:07 - wf_korean_filename_normalizer - INFO - log_message:1100 - 검사 중: R&D 통합 관리 플랫폼 구축 전략.pptx
2025-11-13 16:59:07 - wf_korean_filename_normalizer - INFO - log_message:1100 - 검사 중: RD_통합관리플랫폼_제안서.pptx
2025-11-13 16:59:07 - wf_korean_filename_normalizer - INFO - log_message:1100 - 검사 중: Receipt-2416-7189-9130.pdf
2025-11-13 16:59:07 - wf_korean_filename_normalizer - INFO - log_message:1100 - 검사 중: Re_ 완료보고 초안 검토 요청.eml
2025-11-13 16:59:07 - wf_korean_filename_normalizer - INFO - log_message:1100 - 검사 중: RnD_ASIS_TOBE_2장_인포그래픽.pptx
2025-11-13 16:59:07 - wf_korean_filename_normalizer - INFO - log_message:1100 - 검사 중: RnD_ASIS_TOBE_2장_전략계획.pptx
2025-11-13 16:59:07 - wf_korean_filename_normalizer - INFO - log_message:1100 - 검사 중: RnD_ASIS_TOBE_전환전략.pptx
2025-11-13 16:59:07 - wf_korean_filename_normalizer - INFO - log_message:1100 - 검사 중: RnD_IP_2Track_고도화_전략.pptx
2025-11-13 16:59:07 - wf_korean_filename_normalizer - INFO - log_message:1100 - 검사 중: RnD_통합관리_플랫폼_필요도출.pptx
2025-11-13 16:59:07 - wf_korean_filename_normalizer - INFO - log_message:1100 - 검사 중: RnD_통합관리_플랫폼_필요도출_비즈니스형.pptx
2025-11-13 16:59:07 - wf_korean_filename_normalizer - INFO - log_message:1100 - 검사 중: rpa_demo2.zip
2025-11-13 16:59:07 - wf_korean_filename_normalizer - INFO - log_message:1100 - 검사 중: SOLIDWORKS 3D CAD 라이선스 견적서_웍스프리_251029 (1).pdf
2025-11-13 16:59:07 - wf_korean_filename_normalizer - INFO - log_message:1100 - 검사 중: SOLIDWORKS 3D CAD 라이선스 견적서_웍스프리_251029.pdf
2025-11-13 16:59:07 - wf_korean_filename_normalizer - INFO - log_message:1100 - 검사 중: SOLIDWORKS 3D CAD 영구 라이선스 최종 견적서_웍스프리_250627.pdf
2025-11-13 16:59:07 - wf_korean_filename_normalizer - INFO - log_message:1100 - 검사 중: SOLIDWORKS 3D CAD,Autocad 라이선스 견적서_웍스프리_251029.pdf
2025-11-13 16:59:07 - wf_korean_filename_normalizer - INFO - log_message:1100 - 검사 중: sp136712.exe
2025-11-13 16:59:07 - wf_korean_filename_normalizer - INFO - log_message:1100 - 검사 중: sp154796.exe
2025-11-13 16:59:07 - wf_korean_filename_normalizer - INFO - log_message:1100 - 검사 중: sp160381.exe
2025-11-13 16:59:07 - wf_korean_filename_normalizer - INFO - log_message:1100 - 검사 중: TSF_리컬럼 도입 관련 Check List_코그콤 답변_2508.xlsx
2025-11-13 16:59:07 - wf_korean_filename_normalizer - INFO - log_message:1100 - 검사 중: veraport-g3-x64.exe
2025-11-13 16:59:07 - wf_korean_filename_normalizer - INFO - log_message:1100 - 검사 중: VestCertSetup_v2.5.39_105.exe
2025-11-13 16:59:07 - wf_korean_filename_normalizer - INFO - log_message:1100 - 검사 중: VSCodeUserSetup-x64-1.104.1.exe
2025-11-13 16:59:07 - wf_korean_filename_normalizer - INFO - log_message:1100 - 검사 중: [더스킨팩토리] API 연동 개발 견적서.pdf
2025-11-13 16:59:07 - wf_korean_filename_normalizer - INFO - log_message:1100 - 검사 중: [양식] 2025 산업일자리전환 전문컨설팅 사전진단보고서_더스킨팩토리_250930.pptx
2025-11-13 16:59:07 - wf_korean_filename_normalizer - INFO - log_message:1100 - 검사 중: [양식] 2025 산업일자리전환 전문컨설팅 완료보고서_수진기업명_250717.pdf
2025-11-13 16:59:07 - wf_korean_filename_normalizer - INFO - log_message:1100 - 검사 중: [양식] 2025 산업일자리전환 전문컨설팅 환경분석(내부)_더스킨팩토리 ver 1.0.pptx
2025-11-13 16:59:07 - wf_korean_filename_normalizer - INFO - log_message:1100 - 검사 중: [웍스프리] 2025년 예비창업패키지 창업기업 협약 변경 승인 요청서_이인성.hwp
2025-11-13 16:59:07 - wf_korean_filename_normalizer - INFO - log_message:1100 - 검사 중: [월악산]+닷돈재1+야영장.jpg
2025-11-13 16:59:07 - wf_korean_filename_normalizer - INFO - log_message:1100 - 검사 중: [참고]_2020년_예비창업패키지_세부_관리기준.pdf
2025-11-13 16:59:07 - wf_korean_filename_normalizer - INFO - log_message:1100 - 검사 중: [코그콤] GMV보고서_1차 분석 관련_20250912.zip
2025-11-13 16:59:07 - wf_korean_filename_normalizer - INFO - log_message:1100 - 검사 중: 완료검수서 및 결과보고서.hwp
2025-11-13 16:59:07 - wf_korean_filename_normalizer - INFO - log_message:1100 - NFC 정규화: 완료검수서 및 결과보고서.hwp → 완료검수서 및 결과보고서.hwp
2025-11-13 16:59:07 - wf_korean_filename_normalizer - INFO - log_message:1100 - 자소 분리 파일 발견: 완료검수서 및 결과보고서.hwp → 완료검수서 및 결과보고서.hwp
2025-11-13 16:59:07 - wf_korean_filename_normalizer - INFO - log_message:1100 - 검사 중: 가비아-카드영수증.pdf
2025-11-13 16:59:07 - wf_korean_filename_normalizer - INFO - log_message:1100 - 검사 중: 가비아_견적서 (1).pdf
2025-11-13 16:59:07 - wf_korean_filename_normalizer - INFO - log_message:1100 - 검사 중: 가비아_견적서.pdf
2025-11-13 16:59:07 - wf_korean_filename_normalizer - INFO - log_message:1100 - 검사 중: 고용노동부_산업일자리전환 지원사업 착수회의_0919.hwp
2025-11-13 16:59:07 - wf_korean_filename_normalizer - INFO - log_message:1100 - 검사 중: 공고_2025년 창업지원센터 청년관 신규 청년기업 모집 공고(최종).hwp
2025-11-13 16:59:07 - wf_korean_filename_normalizer - INFO - log_message:1100 - 검사 중: 권한대표자_권한등확인서.docx
2025-11-13 16:59:07 - wf_korean_filename_normalizer - INFO - log_message:1100 - 검사 중: 글로벌_IP_관리_선도사례_벤치마킹.pptx
2025-11-13 16:59:07 - wf_korean_filename_normalizer - INFO - log_message:1100 - 검사 중: 디지털 산업혁신 성숙도 진단_커스텀양식.pdf
2025-11-13 16:59:07 - wf_korean_filename_normalizer - INFO - log_message:1100 - 검사 중: 리플렛(사업주_자체훈련)_한국산업인력공단_인천지역본부.pdf
2025-11-13 16:59:07 - wf_korean_filename_normalizer - INFO - log_message:1100 - 검사 중: 매출 전자세금계산서 목록.pdf
2025-11-13 16:59:07 - wf_korean_filename_normalizer - INFO - log_message:1100 - 검사 중: 별첨5. 컨설팅 수행 실적 증명서.hwp
2025-11-13 16:59:07 - wf_korean_filename_normalizer - INFO - log_message:1100 - 검사 중: 붙임1. 생성형 AI 활용 창업 컨설팅 실무 교육 공고(안).hwp
2025-11-13 16:59:07 - wf_korean_filename_normalizer - INFO - log_message:1100 - 검사 중: 붙임1. 생성형 AI 활용 창업 컨설팅 실무 교육 공고(안).pdf
2025-11-13 16:59:07 - wf_korean_filename_normalizer - INFO - log_message:1100 - 검사 중: 붙임1.pdf
2025-11-13 16:59:07 - wf_korean_filename_normalizer - INFO - log_message:1100 - 검사 중: 붙임1_2025년 예비창업패키지 창업기업 협약 변경 승인 요청서_대표자명.hwp
2025-11-13 16:59:07 - wf_korean_filename_normalizer - INFO - log_message:1100 - 검사 중: 붙임2. 신규 지도사 본회 정회원 가입 안내(제40기)_vf.pdf
2025-11-13 16:59:07 - wf_korean_filename_normalizer - INFO - log_message:1100 - 검사 중: 붙임2. 신청서식.zip
2025-11-13 16:59:07 - wf_korean_filename_normalizer - INFO - log_message:1100 - 검사 중: 붙임2_예비창업패키지 창업기업등 사업비 비목 해설표(최종).hwp
2025-11-13 16:59:07 - wf_korean_filename_normalizer - INFO - log_message:1100 - 검사 중: 붙임3.+창업혁신공간+남부권(수원)+층별+입주공간+현황.pdf
2025-11-13 16:59:07 - wf_korean_filename_normalizer - INFO - log_message:1100 - 검사 중: 사업자등록증명.pdf
2025-11-13 16:59:07 - wf_korean_filename_normalizer - INFO - log_message:1100 - 검사 중: 사용내역조회_사업비사용내역.xlsx
2025-11-13 16:59:07 - wf_korean_filename_normalizer - INFO - log_message:1100 - 검사 중: 산업데이터활용수준_평가.xlsx
2025-11-13 16:59:07 - wf_korean_filename_normalizer - INFO - log_message:1100 - 검사 중: 상품 마스터 및 추가 정보 전달.zip
2025-11-13 16:59:07 - wf_korean_filename_normalizer - INFO - log_message:1100 - 검사 중: 세계 일류 R&D 기업의 혁신과 IP 전략 (1).pdf
2025-11-13 16:59:07 - wf_korean_filename_normalizer - INFO - log_message:1100 - 검사 중: 세계 일류 R&D 기업의 혁신과 IP 전략.pdf
2025-11-13 16:59:07 - wf_korean_filename_normalizer - INFO - log_message:1100 - 검사 중: 세인아이엔디 3차 미팅.txt
2025-11-13 16:59:07 - wf_korean_filename_normalizer - INFO - log_message:1100 - 검사 중: 시안1.png
2025-11-13 16:59:07 - wf_korean_filename_normalizer - INFO - log_message:1100 - 검사 중: 시안2.png
2025-11-13 16:59:07 - wf_korean_filename_normalizer - INFO - log_message:1100 - 검사 중: 신용카드 매출누계액 캡처 (1).png
2025-11-13 16:59:07 - wf_korean_filename_normalizer - INFO - log_message:1100 - 검사 중: 신용카드 매출누계액 캡처.png
2025-11-13 16:59:07 - wf_korean_filename_normalizer - INFO - log_message:1100 - 검사 중: 언론보도 송출을 위한 요건정의서_웍스프리.xlsx
2025-11-13 16:59:07 - wf_korean_filename_normalizer - INFO - log_message:1100 - 검사 중: 엠에스제이 2차 미팅.txt
2025-11-13 16:59:07 - wf_korean_filename_normalizer - INFO - log_message:1100 - 검사 중: 연세대_PLM_240411.pdf
2025-11-13 16:59:07 - wf_korean_filename_normalizer - INFO - log_message:1100 - 검사 중: 웍스프리-사업자등록증-2025.08.18.pdf
2025-11-13 16:59:07 - wf_korean_filename_normalizer - INFO - log_message:1100 - 검사 중: 웍스프리.zip
2025-11-13 16:59:07 - wf_korean_filename_normalizer - INFO - log_message:1100 - 검사 중: 웍스프리_결과보고서.pdf
2025-11-13 16:59:07 - wf_korean_filename_normalizer - INFO - log_message:1100 - 검사 중: 웍스프리_수행계획서-수정본.docx
2025-11-13 16:59:07 - wf_korean_filename_normalizer - INFO - log_message:1100 - 검사 중: 입장문(당선무효자의 위법 행위에 대한 소송제기).pdf
2025-11-13 16:59:07 - wf_korean_filename_normalizer - INFO - log_message:1100 - 검사 중: 전자세금계산서 매출누계액 캡처 (1).png
2025-11-13 16:59:07 - wf_korean_filename_normalizer - INFO - log_message:1100 - 검사 중: 전자세금계산서 매출누계액 캡처.png
2025-11-13 16:59:07 - wf_korean_filename_normalizer - INFO - log_message:1100 - 검사 중: 중간보고 박자림 대리.txt
2025-11-13 16:59:07 - wf_korean_filename_normalizer - INFO - log_message:1100 - 검사 중: 진단신청 기업(3개사).zip
2025-11-13 16:59:07 - wf_korean_filename_normalizer - INFO - log_message:1100 - 검사 중: 첨부+3.+스마트공장+수준확인제도+자가진단지+v1.2.xlsx
2025-11-13 16:59:07 - wf_korean_filename_normalizer - INFO - log_message:1100 - 검사 중: 카이스트_PLM_GPT_설계부문_활용_방안_20240412-F-송부_3.pdf
2025-11-13 16:59:07 - wf_korean_filename_normalizer - INFO - log_message:1100 - 검사 중: 프리즘(주)_dell 에일리언 64GB(한컴,오피스)_웍스프리_251029.pdf
2025-11-13 16:59:07 - wf_korean_filename_normalizer - INFO - log_message:1100 - 검사 중: 현금영수증 매출누계액 캡처 (1).png
2025-11-13 16:59:07 - wf_korean_filename_normalizer - INFO - log_message:1100 - 검사 중: 현금영수증 매출누계액 캡처.png
2025-11-13 16:59:07 - wf_korean_filename_normalizer - INFO - log_message:1100 - 검사 중: 환경분석(내부)_에프에스티 회신.pptx
2025-11-13 16:59:07 - wf_korean_filename_normalizer - INFO - log_message:1100 - 검사 중: 1-1.png
2025-11-13 16:59:07 - wf_korean_filename_normalizer - INFO - log_message:1100 - 검사 중: 1-2.png
2025-11-13 16:59:07 - wf_korean_filename_normalizer - INFO - log_message:1100 - 검사 중: 2-1.png
2025-11-13 16:59:07 - wf_korean_filename_normalizer - INFO - log_message:1100 - 검사 중: 2-2.png
2025-11-13 16:59:07 - wf_korean_filename_normalizer - INFO - log_message:1100 - 검사 중: 3-1 (로고&QR코드 위치변경).png
2025-11-13 16:59:07 - wf_korean_filename_normalizer - INFO - log_message:1100 - 검사 중: 3-1.png
2025-11-13 16:59:07 - wf_korean_filename_normalizer - INFO - log_message:1100 - 검사 중: 3-2 (로고&QR코드 위치변경).png
2025-11-13 16:59:07 - wf_korean_filename_normalizer - INFO - log_message:1100 - 검사 중: 3-2.png
2025-11-13 16:59:07 - wf_korean_filename_normalizer - INFO - log_message:1100 - 검사 중: 4-1.png
2025-11-13 16:59:07 - wf_korean_filename_normalizer - INFO - log_message:1100 - 검사 중: 4-2.png
2025-11-13 16:59:07 - wf_korean_filename_normalizer - INFO - log_message:1100 - 검사 중: InstallAll.cmd
2025-11-13 16:59:07 - wf_korean_filename_normalizer - INFO - log_message:1100 - 검사 중: Readme (20250919 153407).html
2025-11-13 16:59:07 - wf_korean_filename_normalizer - INFO - log_message:1100 - 검사 중: sp136712.cva
2025-11-13 16:59:07 - wf_korean_filename_normalizer - INFO - log_message:1100 - 검사 중: sp136712.exe
2025-11-13 16:59:07 - wf_korean_filename_normalizer - INFO - log_message:1100 - 검사 중: sp136712.html
2025-11-13 16:59:07 - wf_korean_filename_normalizer - INFO - log_message:1100 - 검사 중: sp154796.cva
2025-11-13 16:59:07 - wf_korean_filename_normalizer - INFO - log_message:1100 - 검사 중: sp154796.exe
2025-11-13 16:59:07 - wf_korean_filename_normalizer - INFO - log_message:1100 - 검사 중: sp154796.html
2025-11-13 16:59:07 - wf_korean_filename_normalizer - INFO - log_message:1100 - 검사 중: sp157960.cva
2025-11-13 16:59:07 - wf_korean_filename_normalizer - INFO - log_message:1100 - 검사 중: sp157960.exe
2025-11-13 16:59:07 - wf_korean_filename_normalizer - INFO - log_message:1100 - 검사 중: sp157960.html
2025-11-13 16:59:07 - wf_korean_filename_normalizer - INFO - log_message:1100 - 검사 중: 2025 디지털혁신중견기업육성사업 DX챌린지진단 결과보고서_화승-v0.8.pptx
2025-11-13 16:59:07 - wf_korean_filename_normalizer - INFO - log_message:1100 - 검사 중: 2025 디지털혁신중견기업육성사업 DX챌린지진단 결과보고서_화승-v0.8_1.pptx
2025-11-13 16:59:07 - wf_korean_filename_normalizer - INFO - log_message:1100 - 검사 중: 2025 디지털혁신중견기업육성사업 DX챌린지진단 결과보고서_화승-v0.8_2.pptx
2025-11-13 16:59:07 - wf_korean_filename_normalizer - INFO - log_message:1100 - 검사 중: DX WHAT 워크시트 양식.docx
2025-11-13 16:59:07 - wf_korean_filename_normalizer - INFO - log_message:1100 - 검사 중: DX WHY 워크시트 양식.docx
2025-11-13 16:59:07 - wf_korean_filename_normalizer - INFO - log_message:1100 - 검사 중: 연세대_PLM_240411.pdf
2025-11-13 16:59:07 - wf_korean_filename_normalizer - INFO - log_message:1100 - 검사 중: 완료검수서 및 결과보고서.hwp
2025-11-13 16:59:07 - wf_korean_filename_normalizer - INFO - log_message:1100 - 검사 중: 완료검수서 및 결과보고서_1.hwp
2025-11-13 16:59:07 - wf_korean_filename_normalizer - INFO - log_message:1100 - 검사 중: 완료검수서 및 결과보고서_2.hwp
2025-11-13 16:59:07 - wf_korean_filename_normalizer - INFO - log_message:1100 - 검사 중: 웍스프리-사업자등록증-2025.08.18.pdf
2025-11-13 16:59:07 - wf_korean_filename_normalizer - INFO - log_message:1100 - 검사 중: 입장문(당선무효자의 위법 행위에 대한 소송제기).pdf
2025-11-13 16:59:07 - wf_korean_filename_normalizer - INFO - log_message:1100 - 검사 중: 카이스트_PLM_GPT_설계부문_활용_방안_20240412-F-송부_3.pdf
2025-11-13 16:59:07 - wf_korean_filename_normalizer - INFO - log_message:1100 - 검사 중: 2025년도 AX 수주진단 신청서 (마이텍).pdf
2025-11-13 16:59:07 - wf_korean_filename_normalizer - INFO - log_message:1100 - 검사 중: Company Profile of Mytec(한글본) 20251016.pdf
2025-11-13 16:59:07 - wf_korean_filename_normalizer - INFO - log_message:1100 - 검사 중: (붙임. 1) 2025년 AX 수준진단_수요기업_모집신청서_앤써.pdf
2025-11-13 16:59:07 - wf_korean_filename_normalizer - INFO - log_message:1100 - 검사 중: 앤써_카달로그.pdf
2025-11-13 16:59:07 - wf_korean_filename_normalizer - INFO - log_message:1100 - 검사 중: 1.2025년 AX 수준진단_수요기업_모집신청서_주식회사 동서기연.pdf
2025-11-13 16:59:07 - wf_korean_filename_normalizer - INFO - log_message:1100 - 검사 중: 2.회사소개서_주식회사 동서기연.pdf
2025-11-13 16:59:07 - wf_korean_filename_normalizer - INFO - log_message:1100 - 검사 중: 2025 디지털혁신중견기업육성사업 DX챌린지진단 결과보고서_화승-v0.8.pptx
2025-11-13 16:59:07 - wf_korean_filename_normalizer - INFO - log_message:1100 - 검사 중: 2025 디지털혁신중견기업육성사업 DX챌린지진단 결과보고서_화승-v0.8_1.pptx
2025-11-13 16:59:07 - wf_korean_filename_normalizer - INFO - log_message:1100 - 검사 중: 완료검수서 및 결과보고서.hwp
2025-11-13 16:59:07 - wf_korean_filename_normalizer - INFO - log_message:1100 - 검사 중: 완료검수서 및 결과보고서_1.hwp
2025-11-13 16:59:07 - wf_korean_filename_normalizer - INFO - log_message:1100 - 검사 중: 2025 디지털혁신중견기업육성사업 DX챌린지진단 결과보고서_화승-v0.8.pptx
2025-11-13 16:59:07 - wf_korean_filename_normalizer - INFO - log_message:1100 - 검사 중: 완료검수서 및 결과보고서.hwp
2025-11-13 16:59:07 - wf_korean_filename_normalizer - INFO - log_message:1100 - 검사 중: 2025 디지털혁신중견기업육성사업 DX챌린지진단 결과보고서_화승-v0.8.pptx
2025-11-13 16:59:07 - wf_korean_filename_normalizer - INFO - log_message:1100 - NFC 정규화: 2025 디지털혁신중견기업육성사업 DX챌린지진단 결과보고서_화승-v0.8.pptx → 2025 디지털혁신중견기업육성사업 DX챌린지진단 결과보고서_화승-v0.8.pptx
2025-11-13 16:59:07 - wf_korean_filename_normalizer - INFO - log_message:1100 - 자소 분리 파일 발견: 2025 디지털혁신중견기업육성사업 DX챌린지진단 결과보고서_화승-v0.8.pptx → 2025 디지털혁신중견기업육성사업 DX챌린지진단 결과보고서_화승-v0.8.pptx
2025-11-13 16:59:07 - wf_korean_filename_normalizer - INFO - log_message:1100 - 검사 중: 완료검수서 및 결과보고서.hwp
2025-11-13 16:59:07 - wf_korean_filename_normalizer - INFO - log_message:1100 - NFC 정규화: 완료검수서 및 결과보고서.hwp → 완료검수서 및 결과보고서.hwp
2025-11-13 16:59:07 - wf_korean_filename_normalizer - INFO - log_message:1100 - 자소 분리 파일 발견: 완료검수서 및 결과보고서.hwp → 완료검수서 및 결과보고서.hwp
2025-11-13 16:59:07 - wf_korean_filename_normalizer - INFO - log_message:1100 - 검사 중: 2025 디지털혁신중견기업육성사업 DX챌린지진단 결과보고서_화승-v0.8.pptx
2025-11-13 16:59:07 - wf_korean_filename_normalizer - INFO - log_message:1100 - NFC 정규화: 2025 디지털혁신중견기업육성사업 DX챌린지진단 결과보고서_화승-v0.8.pptx → 2025 디지털혁신중견기업육성사업 DX챌린지진단 결과보고서_화승-v0.8.pptx
2025-11-13 16:59:07 - wf_korean_filename_normalizer - INFO - log_message:1100 - 자소 분리 파일 발견: 2025 디지털혁신중견기업육성사업 DX챌린지진단 결과보고서_화승-v0.8.pptx → 2025 디지털혁신중견기업육성사업 DX챌린지진단 결과보고서_화승-v0.8.pptx
2025-11-13 16:59:07 - wf_korean_filename_normalizer - INFO - log_message:1100 - 검사 중: 완료검수서 및 결과보고서.hwp
2025-11-13 16:59:07 - wf_korean_filename_normalizer - INFO - log_message:1100 - NFC 정규화: 완료검수서 및 결과보고서.hwp → 완료검수서 및 결과보고서.hwp
2025-11-13 16:59:07 - wf_korean_filename_normalizer - INFO - log_message:1100 - 자소 분리 파일 발견: 완료검수서 및 결과보고서.hwp → 완료검수서 및 결과보고서.hwp
2025-11-13 16:59:07 - wf_korean_filename_normalizer - INFO - log_message:1100 - 검사 중: 2025 디지털혁신중견기업육성사업 DX챌린지진단 결과보고서_화승-v0.8.pptx
2025-11-13 16:59:07 - wf_korean_filename_normalizer - INFO - log_message:1100 - NFC 정규화: 2025 디지털혁신중견기업육성사업 DX챌린지진단 결과보고서_화승-v0.8.pptx → 2025 디지털혁신중견기업육성사업 DX챌린지진단 결과보고서_화승-v0.8.pptx
2025-11-13 16:59:07 - wf_korean_filename_normalizer - INFO - log_message:1100 - 자소 분리 파일 발견: 2025 디지털혁신중견기업육성사업 DX챌린지진단 결과보고서_화승-v0.8.pptx → 2025 디지털혁신중견기업육성사업 DX챌린지진단 결과보고서_화승-v0.8.pptx
2025-11-13 16:59:07 - wf_korean_filename_normalizer - INFO - log_message:1100 - 검사 중: 완료검수서 및 결과보고서.hwp
2025-11-13 16:59:07 - wf_korean_filename_normalizer - INFO - log_message:1100 - NFC 정규화: 완료검수서 및 결과보고서.hwp → 완료검수서 및 결과보고서.hwp
2025-11-13 16:59:07 - wf_korean_filename_normalizer - INFO - log_message:1100 - 자소 분리 파일 발견: 완료검수서 및 결과보고서.hwp → 완료검수서 및 결과보고서.hwp
2025-11-13 16:59:07 - wf_korean_filename_normalizer - INFO - log_message:1100 - 자소 분리 파일 8개 발견
2025-11-13 16:59:07 - wf_korean_filename_normalizer - INFO - log_message:1100 - 파일 변환 시작: 8개 파일
2025-11-13 16:59:07 - wf_korean_filename_normalizer - INFO - log_message:1100 - 변환 완료: 2025 디지털혁신중견기업육성사업 DX챌린지진단 결과보고서_화승-v0.8.pptx → 2025 디지털혁신중견기업육성사업 DX챌린지진단 결과보고서_화승-v0.8_3.pptx
2025-11-13 16:59:07 - wf_korean_filename_normalizer - INFO - log_message:1100 - 변환 완료: 완료검수서 및 결과보고서.hwp → 완료검수서 및 결과보고서_3.hwp
2025-11-13 16:59:08 - wf_korean_filename_normalizer - INFO - log_message:1100 - 변환 완료: 2025 디지털혁신중견기업육성사업 DX챌린지진단 결과보고서_화승-v0.8.pptx → 2025 디지털혁신중견기업육성사업 DX챌린지진단 결과보고서_화승-v0.8_2.pptx
2025-11-13 16:59:08 - wf_korean_filename_normalizer - INFO - log_message:1100 - 변환 완료: 완료검수서 및 결과보고서.hwp → 완료검수서 및 결과보고서_2.hwp
2025-11-13 16:59:08 - wf_korean_filename_normalizer - INFO - log_message:1100 - 변환 완료: 2025 디지털혁신중견기업육성사업 DX챌린지진단 결과보고서_화승-v0.8.pptx → 2025 디지털혁신중견기업육성사업 DX챌린지진단 결과보고서_화승-v0.8_1.pptx
2025-11-13 16:59:08 - wf_korean_filename_normalizer - INFO - log_message:1100 - 변환 완료: 완료검수서 및 결과보고서.hwp → 완료검수서 및 결과보고서_1.hwp
2025-11-13 16:59:08 - wf_korean_filename_normalizer - INFO - log_message:1100 - 변환 완료: 2025 디지털혁신중견기업육성사업 DX챌린지진단 결과보고서_화승-v0.8.pptx → 2025 디지털혁신중견기업육성사업 DX챌린지진단 결과보고서_화승-v0.8.pptx
2025-11-13 16:59:08 - wf_korean_filename_normalizer - INFO - log_message:1100 - 변환 완료: 완료검수서 및 결과보고서.hwp → 완료검수서 및 결과보고서.hwp
2025-11-13 16:59:08 - wf_korean_filename_normalizer - INFO - log_message:1100 - 변환 완료: 8개 파일 처리
